method,path_depth,has_auth,status_code,response_ms,hour,is_admin_path,is_debug_path,is_4xx,bola_suspected,path_length,has_special_chars,is_5xx,label_id,label_name
1,2,0,200,57.237,12,0,0,0,0,16,0,0,0,normal
0,2,1,200,56.807,22,0,0,0,0,20,0,0,0,normal
1,4,1,200,0.4,21,0,0,0,0,44,0,0,0,normal
1,1,1,200,220.862,0,0,0,0,0,99,1,0,8,ssrf
0,1,1,401,50.041,21,0,0,1,0,10,0,0,0,normal
1,3,1,400,249.075,16,0,0,1,0,51,1,0,10,xxe
3,2,1,200,105.018,12,0,0,0,0,10,0,0,0,normal
0,1,0,200,201.025,13,0,0,0,0,9,0,0,0,normal
0,2,0,200,74.678,19,0,1,0,0,12,0,0,4,debug_access
0,3,1,200,99.22,18,0,0,0,0,15,0,0,11,shadow_api
0,2,0,200,58.184,5,0,0,0,0,70,1,0,8,ssrf
1,3,1,200,56.262,4,0,0,0,0,33,0,0,0,normal
0,2,1,404,35.418,18,0,0,1,0,10,0,0,0,normal
0,2,0,204,20.994,3,0,0,0,0,10,0,0,0,normal
1,2,0,200,26.139,4,0,0,0,0,14,0,0,6,rate_abuse
0,1,0,204,118.355,11,0,0,0,0,9,0,0,0,normal
0,1,1,404,222.861,21,0,0,1,0,10,0,0,0,normal
0,4,1,201,168.734,19,0,0,0,0,32,0,0,0,normal
1,2,0,401,111.21,17,0,0,1,0,21,0,0,2,jwt_bypass
0,4,1,201,139.102,15,0,0,0,0,28,0,0,0,normal
0,2,1,204,262.704,1,0,0,0,0,12,0,0,0,normal
1,2,0,401,52.612,9,0,0,1,0,28,0,0,2,jwt_bypass
0,4,1,201,13.749,6,0,0,0,0,32,0,0,0,normal
1,3,1,200,22.074,13,0,0,0,0,11,0,0,11,shadow_api
1,1,0,200,2.172,16,0,0,0,0,7,0,0,0,normal
0,2,0,404,67.314,0,0,1,1,0,10,0,0,4,debug_access
2,2,1,200,6.353,7,0,0,0,0,16,0,0,0,normal
1,2,0,200,32.53,4,0,0,0,0,13,0,0,6,rate_abuse
1,1,1,200,3.153,3,0,0,0,0,6,0,0,0,normal
1,1,1,200,0.047,14,0,0,0,0,11,0,0,0,normal
0,1,1,201,79.019,13,0,0,0,0,5,0,0,0,normal
0,2,1,200,110.636,14,0,0,0,0,14,0,0,0,normal
1,4,1,422,41.555,15,0,0,1,0,28,0,0,0,normal
0,4,1,200,133.123,17,0,0,0,0,36,0,0,0,normal
0,3,1,403,200.961,17,0,0,1,1,16,0,0,1,bola
1,1,0,200,262.978,15,0,0,0,0,58,1,0,9,command_injection
0,4,1,404,151.475,4,0,0,1,0,28,0,0,0,normal
0,2,1,200,13.383,22,0,0,0,0,22,0,0,0,normal
0,2,0,200,52.128,23,0,0,0,0,28,0,0,2,jwt_bypass
0,2,0,403,67.421,7,0,0,1,0,10,0,0,2,jwt_bypass
0,3,0,200,295.666,2,0,0,0,0,27,0,0,0,normal
1,1,1,200,357.242,22,0,0,0,0,80,1,0,8,ssrf
1,1,0,400,141.938,16,0,0,1,0,57,1,0,9,command_injection
0,1,0,400,284.722,11,0,0,1,0,91,1,0,8,ssrf
0,3,1,200,98.605,17,0,0,0,0,18,0,0,0,normal
0,3,1,200,25.082,9,0,0,0,0,27,0,0,0,normal
0,5,0,404,85.827,1,0,0,1,0,40,1,0,7,path_traversal
1,3,1,200,365.593,5,0,0,0,0,27,0,0,0,normal
1,4,1,404,43.994,19,0,0,1,0,40,0,0,0,normal
4,3,1,200,124.207,0,0,0,0,0,15,0,0,0,normal
0,3,1,403,13.08,15,0,0,1,0,21,0,0,11,shadow_api
0,2,0,403,154.502,17,1,0,1,0,11,0,0,3,admin_access
1,2,0,200,8.373,21,0,0,0,0,10,0,0,6,rate_abuse
1,2,1,200,59.782,18,0,0,0,0,12,0,0,11,shadow_api
1,3,1,200,48.335,18,0,0,0,0,21,0,0,0,normal
0,2,1,200,89.552,12,0,0,0,1,18,0,0,1,bola
0,2,1,200,36.629,19,0,0,0,1,12,0,0,1,bola
0,3,0,401,0.596,14,1,0,1,0,16,0,0,3,admin_access
0,1,1,200,43.46,10,0,0,0,0,56,1,0,9,command_injection
1,2,0,403,53.615,0,0,0,1,0,13,0,0,2,jwt_bypass
1,3,1,200,11.5,4,0,0,0,0,18,0,0,0,normal
0,3,1,200,79.67,10,0,0,0,1,18,0,0,1,bola
0,3,0,200,33.749,18,0,0,0,0,33,0,0,0,normal
4,1,1,200,166.174,9,0,0,0,0,11,0,0,0,normal
0,3,1,403,275.573,15,1,0,1,0,24,0,0,3,admin_access
1,1,0,200,40.747,19,0,0,0,0,11,0,0,0,normal
3,4,1,200,123.84,9,0,0,0,0,24,0,0,0,normal
1,2,0,200,69.369,18,0,0,0,0,28,0,0,2,jwt_bypass
4,1,1,204,41.418,23,0,0,0,0,10,0,0,0,normal
1,4,1,200,204.678,2,0,0,0,0,32,0,0,0,normal
0,2,0,200,83.732,22,0,0,0,0,20,0,0,0,normal
0,3,1,200,270.357,15,0,0,0,0,21,0,0,0,normal
0,3,0,400,9.432,3,0,0,1,0,52,1,0,5,sql_injection
3,2,1,200,68.935,3,0,0,0,0,18,0,0,0,normal
1,3,0,400,68.559,15,0,0,1,0,70,1,0,10,xxe
0,2,1,403,151.049,11,1,0,1,0,22,0,0,3,admin_access
0,5,0,200,324.416,19,0,0,0,0,75,1,0,7,path_traversal
0,2,1,200,71.517,3,0,0,0,0,16,0,0,0,normal
0,2,1,200,222.512,20,0,0,0,0,22,0,0,0,normal
0,4,1,200,0.313,13,0,0,0,0,20,0,0,0,normal
0,1,1,200,93.289,10,0,0,0,0,10,0,0,0,normal
0,2,0,401,123.248,13,0,0,1,0,14,0,0,0,normal
0,2,1,200,55.184,18,0,0,0,0,18,0,0,0,normal
0,3,0,200,102.062,20,0,0,0,0,27,1,0,9,command_injection
0,2,0,401,15.001,5,0,0,1,0,19,0,0,2,jwt_bypass
1,4,0,200,132.247,8,0,0,0,0,20,0,0,0,normal
0,4,1,400,89.505,1,0,0,1,0,44,0,0,0,normal
0,2,1,200,171.756,2,0,0,0,0,13,0,0,11,shadow_api
0,1,1,500,33.499,8,0,0,0,0,42,1,1,9,command_injection
0,4,1,201,2.426,6,0,0,0,0,28,0,0,0,normal
1,2,0,201,226.839,15,0,0,0,0,12,0,0,0,normal
1,2,0,429,14.305,17,0,0,1,0,14,0,0,6,rate_abuse
0,3,1,200,80.95,15,0,0,0,1,12,0,0,1,bola
0,2,1,200,74.83,13,0,0,0,0,18,0,0,0,normal
0,4,1,401,53.516,1,0,0,1,0,44,0,0,0,normal
0,4,1,200,412.551,12,0,0,0,0,20,0,0,0,normal
0,2,1,200,14.831,0,1,0,0,0,19,0,0,3,admin_access
1,3,1,204,76.487,8,0,0,0,0,27,0,0,0,normal
1,3,1,200,79.145,18,0,0,0,0,15,0,0,0,normal
1,2,1,204,49.173,21,0,0,0,0,12,0,0,0,normal
0,2,0,401,103.474,19,0,0,1,0,10,0,0,2,jwt_bypass
0,8,0,200,108.197,11,0,0,0,0,64,1,0,7,path_traversal
0,2,1,403,124.15,0,1,0,1,0,11,0,0,3,admin_access
0,2,0,401,107.652,22,0,0,1,0,24,0,0,2,jwt_bypass
0,2,1,400,19.864,5,0,0,1,0,22,0,0,0,normal
2,3,1,400,10.526,7,0,0,1,0,27,0,0,0,normal
4,1,1,200,15.786,12,0,0,0,0,9,0,0,0,normal
1,1,1,201,50.98,13,0,0,0,0,5,0,0,0,normal
0,2,0,200,89.587,12,0,0,0,0,22,0,0,2,jwt_bypass
3,1,1,200,47.555,20,0,0,0,0,10,0,0,0,normal
0,1,1,400,6.469,12,0,0,1,0,6,0,0,0,normal
0,3,1,200,44.925,0,0,0,0,0,27,0,0,0,normal
1,4,0,200,1.65,20,0,0,0,0,20,0,0,0,normal
0,3,0,200,83.109,17,0,0,0,0,30,0,0,0,normal
0,1,1,200,53.224,0,0,0,0,0,8,0,0,0,normal
1,2,0,200,47.842,23,0,0,0,0,21,1,0,9,command_injection
0,3,1,200,116.147,2,0,0,0,0,21,0,0,0,normal
1,2,0,500,126.955,11,0,0,0,0,45,1,1,5,sql_injection
1,2,0,200,73.778,19,0,0,0,0,14,0,0,2,jwt_bypass
0,2,0,204,174.574,18,0,0,0,0,20,0,0,0,normal
0,4,1,200,52.795,4,0,0,0,0,32,0,0,0,normal
0,1,1,422,146.19,19,0,0,1,0,7,0,0,0,normal
0,1,0,200,47.327,11,0,0,0,0,7,0,0,0,normal
0,3,1,200,142.163,22,0,0,0,1,19,0,0,1,bola
0,4,1,200,42.223,4,0,0,0,0,32,0,0,0,normal
0,1,1,200,61.789,22,0,0,0,0,5,0,0,0,normal
0,4,1,200,144.252,5,0,0,0,0,32,0,0,0,normal
0,1,1,400,0.7,9,0,0,1,0,58,1,0,9,command_injection
1,4,0,422,89.563,16,0,0,1,0,24,0,0,0,normal
1,3,1,500,80.75,15,0,0,0,0,34,1,1,5,sql_injection
4,1,1,200,54.266,7,0,0,0,0,6,0,0,0,normal
1,1,1,200,48.079,23,0,0,0,0,8,0,0,0,normal
0,2,0,200,40.362,22,0,1,0,0,13,0,0,4,debug_access
0,3,1,401,44.498,3,1,0,1,0,19,0,0,3,admin_access
0,5,0,200,81.621,1,0,0,0,0,81,1,0,7,path_traversal
0,2,0,404,284.902,3,0,1,1,0,9,0,0,4,debug_access
3,3,1,200,4.864,12,0,0,0,0,30,0,0,0,normal
2,4,1,200,162.093,19,0,0,0,0,28,0,0,0,normal
0,1,1,200,241.588,5,0,0,0,0,21,1,0,9,command_injection
1,1,1,201,38.061,17,0,0,0,0,7,0,0,0,normal
1,2,1,400,24.282,18,0,0,1,0,68,1,0,5,sql_injection
0,3,1,400,20.524,15,0,0,1,0,25,1,0,5,sql_injection
0,1,1,200,54.2,8,0,0,0,0,9,0,0,0,normal
1,1,1,200,78.595,4,0,0,0,0,7,0,0,0,normal
0,1,1,200,120.689,13,0,0,0,0,9,0,0,0,normal
0,4,0,404,95.053,18,0,0,1,0,20,0,0,0,normal
0,4,1,404,32.129,23,0,0,1,0,33,1,0,7,path_traversal
0,4,1,200,116.367,5,0,0,0,0,32,0,0,0,normal
0,3,0,400,36.182,14,0,0,1,0,36,1,0,5,sql_injection
1,3,1,200,308.496,7,0,0,0,0,27,0,0,0,normal
0,2,0,200,1.688,1,0,0,0,0,10,0,0,0,normal
0,3,1,403,27.502,18,0,0,1,1,10,0,0,1,bola
0,3,1,200,28.992,13,0,0,0,0,33,0,0,0,normal
0,3,1,403,51.449,0,0,0,1,1,10,0,0,1,bola
1,1,0,200,48.807,5,0,0,0,0,69,1,0,5,sql_injection
0,2,0,404,50.753,13,0,1,1,0,13,0,0,4,debug_access
0,2,0,403,19.151,13,0,0,1,0,25,0,0,2,jwt_bypass
1,2,0,200,42.069,18,0,0,0,0,12,0,0,0,normal
0,2,0,200,20.668,12,0,0,0,0,16,0,0,0,normal
0,1,0,201,11.025,5,0,0,0,0,11,0,0,0,normal
0,2,0,404,53.786,22,0,1,1,0,17,0,0,4,debug_access
0,4,1,200,44.435,17,0,0,0,0,20,0,0,0,normal
1,3,1,200,145.693,9,0,0,0,0,33,0,0,0,normal
1,1,1,200,32.42,20,0,0,0,0,10,0,0,0,normal
0,2,0,200,27.468,1,0,0,0,0,21,0,0,2,jwt_bypass
1,2,0,400,8.556,15,0,0,1,0,18,0,0,0,normal
1,3,1,200,45.242,12,0,0,0,0,21,0,0,0,normal
0,2,1,204,223.407,4,0,0,0,0,10,0,0,0,normal
0,3,1,200,190.773,16,0,0,0,0,15,0,0,0,normal
0,3,1,200,74.18,3,0,0,0,0,27,0,0,0,normal
0,2,1,403,297.182,21,0,0,1,1,18,0,0,1,bola
3,4,1,200,0.742,14,0,0,0,0,40,0,0,0,normal
1,4,1,401,50.575,20,0,0,1,0,44,0,0,0,normal
0,2,0,200,103.149,20,0,1,0,0,15,0,0,4,debug_access
0,4,1,200,7.812,22,0,0,0,0,24,0,0,0,normal
0,2,1,200,134.842,8,0,0,0,0,14,0,0,0,normal
0,4,1,200,87.829,10,0,0,0,0,20,0,0,0,normal
0,1,1,200,18.43,20,0,0,0,0,9,0,0,0,normal
0,3,1,200,9.784,3,0,0,0,0,33,0,0,0,normal
1,4,1,404,265.214,2,0,0,1,0,44,0,0,0,normal
3,4,1,200,33.231,20,0,0,0,0,44,0,0,0,normal
0,2,1,404,7.319,5,0,0,1,0,18,0,0,0,normal
1,3,1,400,63.282,12,0,0,1,0,47,1,0,10,xxe
1,2,1,200,26.078,8,0,0,0,0,18,0,0,0,normal
0,7,1,200,102.604,17,0,0,0,0,70,1,0,7,path_traversal
0,4,1,200,62.704,6,0,0,0,0,24,0,0,0,normal
1,3,1,200,14.273,18,0,0,0,0,14,0,0,11,shadow_api
0,3,1,400,40.435,16,0,0,1,0,30,0,0,0,normal
0,1,1,200,144.677,15,0,0,0,0,7,0,0,0,normal
1,4,0,400,187.702,21,0,0,1,0,36,0,0,0,normal
0,2,0,200,92.462,16,0,0,0,0,10,0,0,0,normal
0,4,1,204,102.599,19,0,0,0,0,32,0,0,0,normal
0,1,0,200,46.229,12,0,0,0,0,10,0,0,0,normal
0,3,1,200,21.822,9,0,0,0,0,18,0,0,0,normal
0,2,0,404,188.135,19,0,0,1,0,22,0,0,0,normal
0,2,1,403,5.275,19,1,0,1,0,15,0,0,3,admin_access
2,3,1,200,70.581,18,0,0,0,0,30,0,0,0,normal
1,2,0,429,5.75,9,0,0,1,0,11,0,0,6,rate_abuse
1,4,1,200,121.489,18,0,0,0,0,36,0,0,0,normal
0,3,1,200,113.283,17,0,0,0,1,14,0,0,1,bola
0,3,1,200,29.363,16,0,0,0,0,15,0,0,0,normal
1,2,0,403,39.773,2,0,0,1,0,17,0,0,11,shadow_api
0,3,0,400,97.992,0,0,0,1,0,52,1,0,5,sql_injection
0,2,1,200,50.005,18,0,0,0,0,14,0,0,0,normal
3,2,1,204,56.691,6,0,0,0,0,10,0,0,0,normal
1,3,1,422,25.698,13,0,0,1,0,30,0,0,0,normal
1,2,0,401,102.012,6,0,0,1,0,19,0,0,2,jwt_bypass
0,2,1,200,30.923,8,0,0,0,1,17,0,0,1,bola
0,2,1,200,131.442,15,0,0,0,0,16,0,0,0,normal
3,1,1,204,60.29,19,0,0,0,0,11,0,0,0,normal
0,1,1,200,246.447,11,0,0,0,0,11,0,0,0,normal
1,1,0,400,237.12,12,0,0,1,0,69,1,0,10,xxe
0,3,1,204,324.173,22,0,0,0,0,15,0,0,0,normal
0,4,1,200,286.045,19,0,0,0,0,20,0,0,0,normal
1,3,1,200,284.924,19,0,0,0,0,27,0,0,0,normal
1,2,0,401,15.857,21,0,0,1,0,10,0,0,6,rate_abuse
1,2,0,403,88.994,22,0,0,1,0,12,0,0,2,jwt_bypass
0,1,1,200,0.866,3,0,0,0,0,5,0,0,0,normal
1,3,1,200,131.593,22,0,0,0,0,61,1,0,10,xxe
0,4,1,200,11.385,18,0,0,0,0,40,0,0,0,normal
0,4,1,200,4.082,15,0,0,0,0,36,0,0,0,normal
0,3,1,401,73.796,10,1,0,1,0,21,0,0,3,admin_access
3,2,1,400,74.005,18,0,0,1,0,16,0,0,0,normal
1,1,1,200,60.581,8,0,0,0,0,53,1,0,9,command_injection
0,2,1,200,66.931,17,0,0,0,1,17,0,0,1,bola
1,3,0,400,107.844,0,0,0,1,0,71,1,0,10,xxe
3,2,1,204,8.349,21,0,0,0,0,10,0,0,0,normal
1,2,0,500,91.159,23,0,0,0,0,34,1,1,5,sql_injection
3,4,1,200,156.644,12,0,0,0,0,24,0,0,0,normal
0,2,0,200,22.061,16,1,0,0,0,22,0,0,3,admin_access
0,3,1,204,356.536,14,0,0,0,0,18,0,0,0,normal
0,8,0,400,100.239,0,0,0,1,0,40,1,0,7,path_traversal
3,1,1,422,26.274,20,0,0,1,0,5,0,0,0,normal
0,3,1,200,47.53,11,0,0,0,1,11,0,0,1,bola
1,2,0,429,27.775,16,0,0,1,0,9,0,0,6,rate_abuse
1,2,1,500,54.412,9,0,0,0,0,40,1,1,5,sql_injection
0,3,1,403,185.534,5,0,0,1,1,13,0,0,1,bola
4,4,0,200,255.934,20,0,0,0,0,44,0,0,0,normal
2,1,0,422,107.795,7,0,0,1,0,7,0,0,0,normal
0,3,0,204,9.857,20,0,0,0,0,15,0,0,0,normal
4,4,1,200,98.989,13,0,0,0,0,20,0,0,0,normal
0,3,1,404,11.921,21,0,0,1,0,33,0,0,0,normal
3,3,1,422,1.812,0,0,0,1,0,33,0,0,0,normal
1,2,0,429,9.71,13,0,0,1,0,14,0,0,6,rate_abuse
1,2,0,429,29.243,6,0,0,1,0,10,0,0,6,rate_abuse
0,2,0,200,1.52,10,0,1,0,0,17,0,0,4,debug_access
1,3,1,204,52.104,7,0,0,0,0,27,0,0,0,normal
1,1,0,200,141.258,3,0,0,0,0,5,0,0,0,normal
0,2,1,400,102.246,11,0,0,1,0,22,0,0,0,normal
0,3,0,500,124.655,15,0,0,0,0,29,1,1,9,command_injection
1,4,1,404,69.574,12,0,0,1,0,44,0,0,0,normal
0,6,0,200,19.899,0,0,0,0,0,75,1,0,7,path_traversal
3,3,1,404,123.682,14,0,0,1,0,30,0,0,0,normal
1,1,1,422,50.814,2,0,0,1,0,6,0,0,0,normal
0,3,1,200,178.605,5,0,0,0,0,21,0,0,0,normal
0,2,0,200,59.895,10,0,0,0,0,19,0,0,11,shadow_api
1,2,1,400,294.464,17,0,0,1,0,79,1,0,10,xxe
1,2,0,403,63.571,1,0,0,1,0,17,0,0,2,jwt_bypass
0,2,0,404,61.193,19,0,1,1,0,12,0,0,4,debug_access
1,2,0,401,12.06,8,0,0,1,0,13,0,0,6,rate_abuse
0,2,0,404,98.719,20,0,1,1,0,11,0,0,4,debug_access
0,1,0,200,242.021,21,0,0,0,0,10,0,0,0,normal
0,1,0,200,0.163,8,0,0,0,0,5,0,0,0,normal
1,1,1,200,128.634,23,0,0,0,0,42,1,0,10,xxe
0,1,0,400,30.007,18,0,0,1,0,33,1,0,5,sql_injection
0,2,1,403,435.482,4,0,0,1,1,16,0,0,1,bola
0,2,1,400,247.156,21,0,0,1,0,14,0,0,0,normal
0,2,0,200,117.624,0,0,0,0,0,27,0,0,2,jwt_bypass
0,2,1,404,85.383,3,0,0,1,0,12,0,0,0,normal
1,3,0,400,237.29,0,0,0,1,0,47,1,0,10,xxe
0,4,1,401,246.377,16,0,0,1,0,32,0,0,0,normal
0,4,0,422,48.304,5,0,0,1,0,20,0,0,0,normal
1,1,1,200,191.384,18,0,0,0,0,10,0,0,0,normal
0,3,1,200,157.91,16,0,0,0,1,9,0,0,1,bola
1,1,1,200,97.021,4,0,0,0,0,5,0,0,0,normal
1,1,1,500,2.972,9,0,0,0,0,26,1,1,9,command_injection
0,3,1,200,66.064,6,0,0,0,1,17,0,0,1,bola
1,1,0,200,2.556,17,0,0,0,0,10,0,0,0,normal
0,3,1,404,118.862,16,0,0,1,0,27,0,0,0,normal
0,7,1,400,6.107,14,0,0,1,0,42,1,0,7,path_traversal
0,2,1,403,1.47,22,0,0,1,1,9,0,0,1,bola
0,4,0,204,52.077,3,0,0,0,0,20,0,0,0,normal
1,1,0,204,44.224,3,0,0,0,0,5,0,0,0,normal
3,4,1,200,22.418,20,0,0,0,0,36,0,0,0,normal
1,3,1,400,164.793,18,0,0,1,0,30,0,0,0,normal
1,3,1,422,27.454,13,0,0,1,0,27,0,0,0,normal
1,3,1,400,18.182,23,0,0,1,0,68,1,0,5,sql_injection
0,4,1,204,17.702,6,0,0,0,0,24,0,0,0,normal
0,2,0,201,13.751,7,0,0,0,0,10,0,0,0,normal
1,3,1,200,30.532,21,0,0,0,0,33,0,0,0,normal
0,4,1,200,58.441,5,0,0,0,0,32,0,0,0,normal
1,3,1,200,204.264,8,0,0,0,0,21,0,0,0,normal
0,3,1,200,37.131,7,0,0,0,0,33,0,0,0,normal
0,2,0,200,33.577,4,0,0,0,0,12,0,0,0,normal
0,1,1,200,158.617,14,0,0,0,0,8,0,0,0,normal
0,3,1,200,17.592,15,0,0,0,1,10,0,0,1,bola
1,2,0,200,7.314,16,0,0,0,0,8,0,0,6,rate_abuse
0,4,1,200,337.149,11,0,0,0,0,28,0,0,0,normal
1,3,1,400,176.461,1,0,0,1,0,15,0,0,0,normal
0,1,1,200,373.989,21,0,0,0,0,9,0,0,0,normal
2,4,1,200,136.635,22,0,0,0,0,40,0,0,0,normal
0,5,0,404,138.086,0,0,0,1,0,55,1,0,7,path_traversal
0,3,1,500,79.227,20,0,0,0,0,68,1,1,5,sql_injection
1,2,0,400,96.269,9,0,0,1,0,107,1,0,8,ssrf
0,2,1,200,44.564,19,0,0,0,1,17,0,0,1,bola
2,1,1,200,103.953,19,0,0,0,0,6,0,0,0,normal
1,2,1,200,95.623,4,0,0,0,0,22,0,0,0,normal
0,4,1,200,90.096,18,0,0,0,0,36,0,0,0,normal
1,1,0,400,61.472,15,0,0,1,0,33,1,0,10,xxe
0,2,1,403,164.537,11,0,0,1,1,9,0,0,1,bola
0,1,0,400,302.944,21,0,0,1,0,51,1,0,8,ssrf
0,3,1,200,161.694,18,0,0,0,0,30,0,0,0,normal
1,3,0,200,29.698,6,0,0,0,0,15,0,0,0,normal
0,4,1,200,106.935,16,0,0,0,0,28,0,0,0,normal
1,2,0,200,8.047,2,0,0,0,0,14,0,0,6,rate_abuse
1,3,1,201,0.004,6,0,0,0,0,15,0,0,0,normal
0,3,0,200,37.705,5,0,0,0,0,8,0,0,11,shadow_api
1,3,0,200,132.741,19,0,0,0,0,52,1,0,5,sql_injection
0,3,1,200,19.848,18,0,0,0,0,18,0,0,0,normal
1,4,1,401,88.029,23,0,0,1,0,28,0,0,0,normal
3,3,1,200,58.189,13,0,0,0,0,18,0,0,0,normal
3,1,1,404,71.004,23,0,0,1,0,5,0,0,0,normal
0,2,0,200,11.572,1,0,0,0,0,49,1,0,5,sql_injection
0,2,0,401,12.52,3,1,0,1,0,14,0,0,3,admin_access
2,3,1,204,225.753,17,0,0,0,0,30,0,0,0,normal
2,4,1,204,2.243,23,0,0,0,0,36,0,0,0,normal
0,1,1,200,50.936,13,0,0,0,0,9,0,0,0,normal
0,2,0,200,81.867,3,0,1,0,0,17,0,0,4,debug_access
0,4,1,200,54.839,23,0,0,0,0,20,0,0,0,normal
0,3,1,401,81.999,8,1,0,1,0,17,0,0,3,admin_access
0,2,1,200,7.213,23,0,0,0,1,11,0,0,1,bola
1,2,0,403,2.155,23,0,0,1,0,21,0,0,11,shadow_api
0,2,1,200,26.061,2,1,0,0,0,12,0,0,3,admin_access
1,2,0,400,286.206,22,0,0,1,0,68,1,0,10,xxe
3,3,1,200,59.941,3,0,0,0,0,24,0,0,0,normal
0,7,0,400,16.582,22,0,0,1,0,63,1,0,7,path_traversal
1,3,1,200,68.723,2,0,0,0,0,21,0,0,0,normal
1,2,0,429,28.626,8,0,0,1,0,13,0,0,6,rate_abuse
0,2,0,401,58.444,6,1,0,1,0,10,0,0,3,admin_access
0,2,1,403,331.301,4,0,0,1,1,10,0,0,1,bola
2,2,0,200,623.595,15,0,0,0,0,16,0,0,0,normal
0,2,0,403,89.333,4,0,0,1,0,29,0,0,2,jwt_bypass
3,3,1,200,273.659,23,0,0,0,0,18,0,0,0,normal
1,4,1,204,288.832,15,0,0,0,0,32,0,0,0,normal
3,2,1,400,39.03,22,0,0,1,0,22,0,0,0,normal
0,2,0,401,34.706,8,0,0,1,0,17,0,0,2,jwt_bypass
1,2,0,429,28.382,0,0,0,1,0,12,0,0,6,rate_abuse
0,1,0,422,7.904,0,0,0,1,0,5,0,0,0,normal
0,2,0,403,73.745,13,0,0,1,0,26,0,0,2,jwt_bypass
3,3,1,200,111.259,22,0,0,0,0,27,0,0,0,normal
0,2,1,200,308.123,22,0,0,0,0,10,0,0,0,normal
0,2,1,400,63.313,11,0,0,1,0,34,1,0,5,sql_injection
0,1,1,200,9.255,10,0,0,0,0,11,0,0,0,normal
0,2,1,200,62.06,16,0,0,0,1,16,0,0,1,bola
0,1,1,500,225.28,0,0,0,0,0,83,1,1,8,ssrf
0,2,1,201,20.339,5,0,0,0,0,22,0,0,0,normal
0,3,0,401,45.248,13,0,0,1,0,21,0,0,0,normal
0,3,1,201,71.918,14,0,0,0,0,33,0,0,0,normal
3,2,1,200,61.095,23,0,0,0,0,18,0,0,0,normal
1,3,0,200,68.935,9,0,0,0,0,15,0,0,0,normal
0,3,0,200,1.195,2,1,0,0,0,23,0,0,3,admin_access
1,3,0,200,22.75,1,0,0,0,0,21,0,0,0,normal
0,2,1,200,71.232,15,0,0,0,0,18,0,0,0,normal
0,2,0,401,108.565,20,0,0,1,0,14,0,0,2,jwt_bypass
0,2,1,200,11.581,5,0,0,0,0,20,0,0,0,normal
0,3,1,200,46.746,3,1,0,0,0,11,0,0,3,admin_access
1,1,1,200,58.87,0,0,0,0,0,5,0,0,0,normal
2,1,0,200,163.806,10,0,0,0,0,9,0,0,0,normal
2,2,1,200,6.941,9,0,0,0,0,12,0,0,0,normal
0,4,1,200,379.316,12,0,0,0,0,20,0,0,0,normal
1,3,1,200,38.182,15,0,0,0,0,27,0,0,0,normal
0,4,1,404,44.121,17,0,0,1,0,40,0,0,0,normal
0,3,1,200,0.041,10,0,0,0,0,33,0,0,0,normal
0,4,0,200,21.28,5,0,0,0,0,36,0,0,0,normal
1,2,0,429,18.959,0,0,0,1,0,15,0,0,6,rate_abuse
0,2,1,201,37.256,22,0,0,0,0,22,0,0,0,normal
0,4,1,200,34.734,16,0,0,0,0,24,0,0,0,normal
0,3,1,403,65.353,14,0,0,1,1,14,0,0,1,bola
0,1,1,200,32.679,12,0,0,0,0,5,0,0,0,normal
1,3,1,403,28.406,18,0,0,1,0,16,0,0,11,shadow_api
2,1,0,422,1.247,19,0,0,1,0,11,0,0,0,normal
1,2,0,200,44.517,11,0,0,0,0,29,1,0,5,sql_injection
1,4,1,404,40.436,11,0,0,1,0,44,0,0,0,normal
1,2,1,500,78.56,9,0,0,0,0,54,1,1,5,sql_injection
0,1,1,200,264.398,20,0,0,0,0,6,0,0,0,normal
1,1,1,400,44.862,0,0,0,1,0,46,1,0,9,command_injection
0,3,1,201,103.722,19,0,0,0,0,27,0,0,0,normal
1,4,1,422,20.272,18,0,0,1,0,44,0,0,0,normal
1,3,1,400,232.711,9,0,0,1,0,53,1,0,5,sql_injection
0,2,0,403,91.532,9,0,0,1,0,19,0,0,2,jwt_bypass
1,1,1,200,372.264,18,0,0,0,0,56,1,0,8,ssrf
1,2,1,403,164.233,13,0,0,1,0,11,0,0,11,shadow_api
2,2,0,200,85.091,4,0,0,0,0,16,0,0,0,normal
0,1,1,200,60.585,9,0,0,0,0,10,0,0,0,normal
1,2,0,429,34.426,5,0,0,1,0,15,0,0,6,rate_abuse
0,1,0,200,111.899,3,0,0,0,0,9,0,0,0,normal
0,2,0,401,112.732,23,1,0,1,0,14,0,0,3,admin_access
0,3,1,200,6.891,16,0,0,0,1,19,0,0,1,bola
0,1,1,200,66.205,10,0,0,0,0,7,0,0,0,normal
0,2,0,404,1.65,10,0,1,1,0,12,0,0,4,debug_access
0,4,1,404,29.246,14,0,0,1,0,44,0,0,0,normal
1,2,0,401,51.101,4,0,0,1,0,28,0,0,2,jwt_bypass
0,2,1,400,41.605,22,0,0,1,0,20,0,0,0,normal
0,2,0,400,7.263,1,0,0,1,0,18,0,0,0,normal
1,4,1,200,50.895,13,0,0,0,0,24,0,0,0,normal
0,2,0,200,13.705,20,0,1,0,0,12,0,0,4,debug_access
0,1,1,200,58.877,12,0,0,0,0,5,0,0,0,normal
0,2,1,401,35.176,15,1,0,1,0,13,0,0,3,admin_access
0,2,0,401,43.609,6,0,0,1,0,12,0,0,2,jwt_bypass
0,2,0,200,85.827,5,0,1,0,0,14,0,0,4,debug_access
0,3,1,404,30.54,20,0,0,1,0,30,0,0,0,normal
0,2,0,401,52.295,2,0,0,1,0,23,0,0,2,jwt_bypass
0,3,1,403,0.113,16,0,0,1,1,12,0,0,1,bola
1,1,0,200,58.087,1,0,0,0,0,71,1,0,8,ssrf
1,1,1,400,81.535,6,0,0,1,0,62,1,0,5,sql_injection
0,3,0,500,143.407,13,0,0,0,0,54,1,1,9,command_injection
1,2,0,429,31.167,16,0,0,1,0,10,0,0,6,rate_abuse
0,2,0,404,107.018,6,0,1,1,0,13,0,0,4,debug_access
0,3,1,200,49.269,8,0,0,0,0,27,0,0,0,normal
1,3,1,403,386.604,15,0,0,1,0,17,0,0,11,shadow_api
0,3,1,200,78.525,22,0,0,0,0,21,0,0,0,normal
1,1,1,200,168.063,2,0,0,0,0,52,1,0,10,xxe
1,2,1,200,283.122,11,0,0,0,0,57,1,0,10,xxe
0,2,0,200,96.466,19,0,0,0,0,20,0,0,0,normal
0,4,0,422,17.076,9,0,0,1,0,20,0,0,0,normal
1,1,0,500,275.063,14,0,0,0,0,76,1,1,8,ssrf
1,3,1,200,179.404,8,0,0,0,0,11,0,0,11,shadow_api
0,2,0,200,3.881,23,0,1,0,0,12,0,0,4,debug_access
1,2,0,429,9.058,11,0,0,1,0,10,0,0,6,rate_abuse
0,8,1,400,71.032,19,0,0,1,0,32,1,0,7,path_traversal
0,6,0,200,29.286,12,0,0,0,0,37,1,0,7,path_traversal
0,3,1,201,43.463,4,0,0,0,0,21,0,0,0,normal
0,2,1,200,101.005,14,0,0,0,1,14,0,0,1,bola
1,2,1,200,311.08,7,0,0,0,0,109,1,0,8,ssrf
1,2,0,200,18.05,15,0,0,0,0,9,0,0,6,rate_abuse
1,3,1,200,268.513,3,0,0,0,0,27,0,0,0,normal
1,4,0,201,41.924,4,0,0,0,0,20,0,0,0,normal
0,1,1,200,198.854,10,0,0,0,0,7,0,0,0,normal
0,3,1,404,4.059,11,0,0,1,0,24,0,0,0,normal
0,2,1,200,349.708,9,0,0,0,0,22,0,0,0,normal
0,3,1,401,29.939,5,1,0,1,0,20,0,0,3,admin_access
1,2,0,200,69.325,7,0,0,0,0,12,0,0,0,normal
1,2,0,401,9.197,9,0,0,1,0,11,0,0,6,rate_abuse
0,3,1,201,25.855,12,0,0,0,0,21,0,0,0,normal
0,3,1,200,33.397,23,0,0,0,0,21,0,0,0,normal
1,2,0,200,27.547,1,0,0,0,0,15,0,0,6,rate_abuse
1,1,0,500,12.623,4,0,0,0,0,23,1,1,9,command_injection
1,2,0,200,28.282,21,0,0,0,0,12,0,0,6,rate_abuse
2,4,0,200,57.345,16,0,0,0,0,24,0,0,0,normal
0,1,1,200,293.759,7,0,0,0,0,9,0,0,0,normal
0,2,0,422,21.018,23,0,0,1,0,18,0,0,0,normal
1,2,0,401,34.741,11,0,0,1,0,11,0,0,6,rate_abuse
3,2,1,404,57.401,10,0,0,1,0,14,0,0,0,normal
0,3,0,403,18.246,3,1,0,1,0,20,0,0,3,admin_access
1,2,1,200,93.892,16,0,0,0,0,18,0,0,0,normal
0,4,0,200,14.406,22,0,0,0,0,44,0,0,0,normal
3,4,1,200,88.858,9,0,0,0,0,40,0,0,0,normal
1,1,1,201,106.848,23,0,0,0,0,8,0,0,0,normal
2,4,0,201,0.098,0,0,0,0,0,32,0,0,0,normal
0,5,1,200,239.196,2,0,0,0,0,39,1,0,7,path_traversal
1,4,1,200,137.328,14,0,0,0,0,32,0,0,0,normal
0,2,1,200,18.239,13,0,0,0,0,10,0,0,0,normal
2,1,1,200,57.626,4,0,0,0,0,11,0,0,0,normal
0,3,0,401,116.156,4,0,0,1,0,21,0,0,0,normal
0,3,0,401,36.572,15,0,0,1,0,24,0,0,0,normal
0,2,1,200,30.84,17,0,0,0,0,18,0,0,0,normal
0,2,0,200,43.081,4,0,1,0,0,13,0,0,4,debug_access
0,2,0,403,11.798,14,0,0,1,0,21,0,0,2,jwt_bypass
0,2,0,500,74.499,10,0,0,0,0,38,1,1,9,command_injection
0,1,1,400,12.652,17,0,0,1,0,28,1,0,5,sql_injection
0,2,0,200,91.226,12,0,0,0,0,21,0,0,2,jwt_bypass
1,2,0,200,25.762,10,0,0,0,0,22,0,0,0,normal
1,4,1,201,60.652,11,0,0,0,0,32,0,0,0,normal
0,7,0,404,1.455,3,0,0,1,0,85,1,0,7,path_traversal
0,5,0,200,32.9,6,0,0,0,0,64,1,0,7,path_traversal
0,4,1,200,8.331,12,0,0,0,0,20,0,0,0,normal
0,3,1,403,33.112,19,1,0,1,0,23,0,0,3,admin_access
2,2,1,200,39.736,21,0,0,0,0,12,0,0,0,normal
1,2,1,200,110.644,20,0,0,0,0,12,0,0,0,normal
0,3,0,200,75.15,14,0,0,0,0,27,0,0,0,normal
1,4,1,200,133.338,10,0,0,0,0,32,0,0,0,normal
0,3,0,200,352.029,3,0,0,0,0,11,0,0,11,shadow_api
0,1,1,200,82.236,11,0,0,0,0,67,1,0,5,sql_injection
0,1,1,200,90.658,15,0,0,0,0,11,0,0,0,normal
0,4,1,200,156.22,16,0,0,0,0,20,0,0,0,normal
1,2,0,200,18.753,2,0,0,0,0,26,0,0,2,jwt_bypass
0,2,0,200,78.534,16,0,0,0,0,26,0,0,2,jwt_bypass
1,2,1,200,115.409,17,0,0,0,0,14,0,0,0,normal
0,8,0,200,24.84,17,0,0,0,0,77,1,0,7,path_traversal
0,1,1,200,17.543,8,0,0,0,0,9,0,0,0,normal
4,3,0,404,33.324,0,0,0,1,0,27,0,0,0,normal
0,2,0,404,55.839,4,0,1,1,0,11,0,0,4,debug_access
0,8,1,404,11.569,16,0,0,1,0,44,1,0,7,path_traversal
0,4,1,200,119.226,23,0,0,0,0,32,0,0,0,normal
0,3,1,200,57.868,18,0,0,0,0,21,0,0,0,normal
0,4,0,422,49.332,5,0,0,1,0,40,0,0,0,normal
0,1,0,200,182.579,0,0,0,0,0,104,1,0,8,ssrf
4,2,1,200,20.504,23,0,0,0,0,20,0,0,0,normal
2,3,1,401,84.626,9,0,0,1,0,18,0,0,0,normal
1,2,1,201,143.593,9,0,0,0,0,20,0,0,0,normal
1,3,0,500,193.773,2,0,0,0,0,46,1,1,9,command_injection
0,2,0,200,76.434,8,0,0,0,0,12,0,0,11,shadow_api
0,1,1,200,63.667,9,0,0,0,0,8,0,0,0,normal
1,3,1,400,207.367,5,0,0,1,0,41,1,0,9,command_injection
1,3,1,500,288.688,8,0,0,0,0,76,1,1,10,xxe
0,6,1,400,5.772,11,0,0,1,0,50,1,0,7,path_traversal
1,4,1,200,3.403,7,0,0,0,0,32,0,0,0,normal
0,2,1,204,76.461,5,0,0,0,0,22,0,0,0,normal
1,1,1,400,184.452,23,0,0,1,0,53,1,0,5,sql_injection
0,1,1,200,71.388,15,0,0,0,0,11,0,0,0,normal
0,2,1,200,174.289,21,0,0,0,0,22,0,0,0,normal
0,3,0,500,49.792,19,0,0,0,0,26,1,1,9,command_injection
1,3,1,500,6.324,22,0,0,0,0,24,1,1,9,command_injection
4,1,1,200,33.288,15,0,0,0,0,7,0,0,0,normal
3,3,1,200,209.78,11,0,0,0,0,33,0,0,0,normal
0,1,1,400,114.431,12,0,0,1,0,51,1,0,9,command_injection
1,3,1,200,87.982,4,0,0,0,0,30,0,0,0,normal
0,1,1,200,31.009,20,0,0,0,0,6,0,0,0,normal
1,2,0,200,47.466,0,0,0,0,0,26,0,0,2,jwt_bypass
0,4,0,200,23.38,9,0,0,0,0,32,0,0,0,normal
0,1,1,200,35.786,5,0,0,0,0,5,0,0,0,normal
0,4,1,200,3.587,0,0,0,0,0,32,0,0,0,normal
1,1,0,400,197.936,1,0,0,1,0,34,1,0,5,sql_injection
1,1,0,204,208.339,1,0,0,0,0,10,0,0,0,normal
0,4,1,422,24.656,10,0,0,1,0,28,0,0,0,normal
0,1,1,200,385.809,4,0,0,0,0,57,1,0,8,ssrf
0,2,1,200,50.688,12,0,0,0,1,10,0,0,1,bola
1,3,0,403,0.238,16,0,0,1,0,15,0,0,11,shadow_api
0,2,0,403,55.402,15,0,0,1,0,16,0,0,2,jwt_bypass
0,5,1,404,70.217,17,0,0,1,0,61,1,0,7,path_traversal
0,3,0,400,27.645,12,0,0,1,0,15,0,0,0,normal
3,1,1,200,262.195,5,0,0,0,0,8,0,0,0,normal
0,3,1,403,99.151,23,1,0,1,0,24,0,0,3,admin_access
1,3,1,401,21.069,12,0,0,1,0,33,0,0,0,normal
0,2,1,403,56.192,8,1,0,1,0,19,0,0,3,admin_access
0,2,1,200,198.192,11,0,0,0,0,16,0,0,0,normal
0,2,0,403,86.388,10,1,0,1,0,14,0,0,3,admin_access
0,1,1,200,0.017,2,0,0,0,0,6,0,0,0,normal
1,4,1,200,187.137,20,0,0,0,0,32,0,0,0,normal
0,4,1,200,55.31,10,0,0,0,0,24,0,0,0,normal
0,2,0,200,95.347,6,0,1,0,0,10,0,0,4,debug_access
1,1,1,200,36.457,10,0,0,0,0,9,0,0,0,normal
0,4,1,401,7.204,1,0,0,1,0,28,0,0,0,normal
1,2,0,422,100.346,7,0,0,1,0,12,0,0,0,normal
1,2,1,200,118.084,19,0,0,0,0,22,0,0,0,normal
0,2,1,200,257.804,10,0,0,0,0,12,0,0,0,normal
1,2,0,429,32.915,13,0,0,1,0,17,0,0,6,rate_abuse
0,1,1,200,87.338,3,0,0,0,0,5,0,0,0,normal
0,2,0,200,53.414,22,0,1,0,0,12,0,0,4,debug_access
0,2,0,200,16.934,11,0,0,0,0,16,0,0,0,normal
1,2,0,401,9.551,9,0,0,1,0,12,0,0,6,rate_abuse
0,4,1,200,31.723,9,0,0,0,0,40,0,0,0,normal
1,1,0,400,103.204,15,0,0,1,0,54,1,0,10,xxe
1,2,0,400,34.021,10,0,0,1,0,12,0,0,0,normal
0,3,0,400,45.917,14,0,0,1,0,52,1,0,9,command_injection
1,2,0,429,9.314,7,0,0,1,0,13,0,0,6,rate_abuse
3,3,1,200,156.688,6,0,0,0,0,15,0,0,0,normal
0,3,1,401,0.536,9,1,0,1,0,18,0,0,3,admin_access
0,4,1,200,33.289,9,0,0,0,0,24,0,0,0,normal
2,1,0,200,38.081,4,0,0,0,0,7,0,0,0,normal
1,2,0,429,33.505,7,0,0,1,0,17,0,0,6,rate_abuse
1,1,1,200,45.992,8,0,0,0,0,9,0,0,0,normal
1,1,1,200,187.931,15,0,0,0,0,46,1,0,8,ssrf
2,1,1,200,9.2,12,0,0,0,0,5,0,0,0,normal
2,1,1,204,42.512,16,0,0,0,0,5,0,0,0,normal
1,3,1,400,57.075,18,0,0,1,0,24,0,0,0,normal
0,3,1,200,303.979,11,0,0,0,0,66,1,0,8,ssrf
1,1,1,200,52.33,12,0,0,0,0,6,0,0,0,normal
0,5,1,404,63.286,0,0,0,1,0,70,1,0,7,path_traversal
1,2,0,200,22.067,21,0,0,0,0,14,0,0,6,rate_abuse
0,3,1,422,150.703,18,0,0,1,0,15,0,0,0,normal
0,2,1,200,43.056,22,0,0,0,0,10,0,0,0,normal
0,8,1,404,17.214,23,0,0,1,0,39,1,0,7,path_traversal
0,3,1,400,73.022,15,0,0,1,0,30,0,0,0,normal
1,2,0,401,30.484,20,0,0,1,0,11,0,0,6,rate_abuse
1,2,0,401,11.256,19,0,0,1,0,10,0,0,6,rate_abuse
0,4,1,200,117.459,23,0,0,0,0,20,0,0,0,normal
1,2,0,200,90.002,5,0,0,0,0,22,0,0,2,jwt_bypass
0,1,0,204,191.156,18,0,0,0,0,6,0,0,0,normal
0,2,0,403,43.474,13,0,0,1,0,19,0,0,2,jwt_bypass
1,3,1,200,1.55,9,0,0,0,0,30,0,0,0,normal
2,3,0,200,28.103,8,0,0,0,0,33,0,0,0,normal
0,2,0,403,9.628,17,1,0,1,0,19,0,0,3,admin_access
1,2,0,200,77.05,9,0,0,0,0,18,0,0,0,normal
1,4,0,200,120.598,21,0,0,0,0,44,0,0,0,normal
0,3,0,200,340.219,14,0,0,0,0,40,1,0,9,command_injection
1,2,1,200,29.533,19,0,0,0,0,16,0,0,0,normal
0,3,1,404,94.003,17,0,0,1,0,15,0,0,0,normal
0,3,1,401,80.894,22,1,0,1,0,18,0,0,3,admin_access
1,2,0,400,52.939,23,0,0,1,0,57,1,0,5,sql_injection
0,2,0,200,10.451,4,0,0,0,0,20,0,0,0,normal
0,2,0,200,88.094,12,0,0,0,0,16,0,0,2,jwt_bypass
0,3,1,403,78.147,19,0,0,1,1,8,0,0,1,bola
0,1,1,200,11.13,7,0,0,0,0,6,0,0,0,normal
0,1,1,200,113.4,20,0,0,0,0,6,0,0,0,normal
1,1,0,200,84.524,13,0,0,0,0,10,0,0,0,normal
0,3,0,200,95.939,21,0,0,0,0,99,1,0,8,ssrf
0,4,1,200,12.075,20,0,0,0,0,36,0,0,0,normal
0,3,1,200,20.372,16,0,0,0,0,18,0,0,0,normal
4,2,0,201,225.586,4,0,0,0,0,12,0,0,0,normal
1,3,1,200,24.737,23,0,0,0,0,21,0,0,0,normal
0,3,1,200,15.309,3,0,0,0,0,21,0,0,0,normal
0,4,1,200,40.091,5,0,0,0,0,20,0,0,0,normal
0,3,1,200,98.812,5,0,0,0,0,27,0,0,0,normal
1,1,1,200,106.403,19,0,0,0,0,8,0,0,0,normal
1,1,1,400,161.786,7,0,0,1,0,6,0,0,0,normal
0,1,1,200,7.537,11,0,0,0,0,5,0,0,0,normal
0,3,1,500,353.223,6,0,0,0,0,65,1,1,8,ssrf
1,4,1,200,85.807,11,0,0,0,0,44,0,0,0,normal
0,2,1,204,33.142,15,0,0,0,0,12,0,0,0,normal
3,4,1,422,62.685,11,0,0,1,0,28,0,0,0,normal
0,3,1,403,9.886,21,0,0,1,1,14,0,0,1,bola
1,3,1,200,5.579,3,0,0,0,0,18,0,0,0,normal
0,4,0,200,172.569,16,0,0,0,0,36,0,0,0,normal
0,4,1,200,73.621,7,0,0,0,0,44,0,0,0,normal
0,4,1,200,75.53,2,0,0,0,0,20,0,0,0,normal
1,4,1,200,69.139,23,0,0,0,0,28,0,0,0,normal
0,4,1,200,52.996,3,0,0,0,0,20,0,0,0,normal
0,4,1,204,33.646,19,0,0,0,0,44,0,0,0,normal
1,1,1,500,71.102,17,0,0,0,0,40,1,1,10,xxe
1,3,0,200,30.846,3,0,0,0,0,27,0,0,0,normal
0,2,0,200,16.224,13,0,0,0,0,15,0,0,2,jwt_bypass
3,3,1,200,131.574,23,0,0,0,0,30,0,0,0,normal
0,3,1,400,270.231,15,0,0,1,0,50,1,0,5,sql_injection
0,2,1,201,358.075,19,0,0,0,0,12,0,0,0,normal
0,2,1,200,79.161,3,1,0,0,0,11,0,0,3,admin_access
1,1,0,201,22.448,6,0,0,0,0,8,0,0,0,normal
0,1,0,400,306.342,9,0,0,1,0,44,1,0,8,ssrf
0,1,1,401,127.851,3,0,0,1,0,7,0,0,0,normal
2,4,0,200,85.689,9,0,0,0,0,40,0,0,0,normal
1,1,1,200,48.214,22,0,0,0,0,6,0,0,0,normal
1,2,0,429,30.916,2,0,0,1,0,10,0,0,6,rate_abuse
0,3,1,200,31.776,3,0,0,0,0,33,0,0,0,normal
2,1,1,200,91.981,20,0,0,0,0,9,0,0,0,normal
1,3,1,200,160.992,17,0,0,0,0,40,1,0,5,sql_injection
0,1,0,200,64.751,4,0,0,0,0,10,0,0,0,normal
0,2,0,200,84.759,5,0,0,0,0,11,0,0,2,jwt_bypass
0,3,1,201,1.146,2,0,0,0,0,24,0,0,0,normal
0,5,0,400,12.526,17,0,0,1,0,70,1,0,7,path_traversal
0,3,1,200,30.742,12,0,0,0,0,18,0,0,0,normal
1,2,0,429,18.776,18,0,0,1,0,15,0,0,6,rate_abuse
0,2,0,403,99.216,20,1,0,1,0,18,0,0,3,admin_access
0,6,0,404,2.536,3,0,0,1,0,85,1,0,7,path_traversal
4,2,1,200,157.764,20,0,0,0,0,10,0,0,0,normal
0,1,1,500,166.785,16,0,0,0,0,75,1,1,8,ssrf
0,3,1,200,19.666,3,0,0,0,0,24,0,0,0,normal
1,4,1,400,156.101,11,0,0,1,0,36,0,0,0,normal
0,1,0,200,209.654,19,0,0,0,0,57,1,0,5,sql_injection
0,3,0,200,209.493,4,0,0,0,0,25,1,0,5,sql_injection
0,2,0,403,64.587,22,0,0,1,0,13,0,0,2,jwt_bypass
0,2,1,403,1.016,22,0,0,1,1,11,0,0,1,bola
0,3,0,401,183.979,14,0,0,1,0,18,0,0,0,normal
1,1,0,400,102.29,19,0,0,1,0,39,1,0,10,xxe
1,2,0,400,20.255,20,0,0,1,0,48,1,0,5,sql_injection
0,3,1,200,126.288,21,0,0,0,0,24,0,0,0,normal
1,1,1,204,14.499,8,0,0,0,0,6,0,0,0,normal
1,3,1,200,24.392,10,0,0,0,0,15,0,0,0,normal
0,1,1,200,32.335,20,0,0,0,0,8,0,0,0,normal
0,2,0,401,48.462,15,0,0,1,0,27,0,0,2,jwt_bypass
0,3,1,200,83.936,7,0,0,0,1,19,0,0,1,bola
0,2,0,200,3.002,9,0,1,0,0,8,0,0,4,debug_access
0,2,1,400,41.817,0,0,0,1,0,47,1,0,9,command_injection
0,1,0,200,171.635,2,0,0,0,0,8,0,0,0,normal
1,2,0,200,127.689,10,0,0,0,0,74,1,0,8,ssrf
3,3,1,200,170.991,15,0,0,0,0,21,0,0,0,normal
1,3,1,500,134.62,17,0,0,0,0,38,1,1,9,command_injection
1,3,1,200,71.257,10,0,0,0,0,26,1,0,5,sql_injection
1,2,1,200,91.703,1,0,0,0,0,13,0,0,11,shadow_api
0,4,1,401,77.004,11,0,0,1,0,32,0,0,0,normal
2,4,1,200,229.881,19,0,0,0,0,24,0,0,0,normal
1,2,0,200,112.92,5,0,0,0,0,46,1,0,9,command_injection
1,3,1,200,101.218,12,0,0,0,0,33,0,0,0,normal
3,3,0,200,429.303,17,0,0,0,0,21,0,0,0,normal
0,1,1,200,309.539,9,0,0,0,0,5,0,0,0,normal
0,2,1,403,81.36,4,1,0,1,0,13,0,0,3,admin_access
1,2,0,403,72.189,2,0,0,1,0,17,0,0,2,jwt_bypass
1,3,1,200,104.455,22,0,0,0,0,18,0,0,0,normal
0,3,1,403,18.856,17,0,0,1,1,19,0,0,1,bola
1,2,0,200,31.4,14,0,0,0,0,11,0,0,2,jwt_bypass
1,1,1,500,113.944,13,0,0,0,0,22,1,1,9,command_injection
1,1,1,200,29.185,10,0,0,0,0,9,0,0,0,normal
2,3,0,200,68.264,20,0,0,0,0,27,0,0,0,normal
0,3,1,200,67.459,8,0,0,0,0,27,0,0,0,normal
2,2,1,201,43.607,6,0,0,0,0,18,0,0,0,normal
0,2,1,403,89.947,4,0,0,1,1,18,0,0,1,bola
2,4,1,200,132.943,17,0,0,0,0,28,0,0,0,normal
0,2,0,500,202.086,16,0,0,0,0,45,1,1,9,command_injection
0,3,1,404,26.292,18,0,0,1,0,33,0,0,0,normal
1,2,0,200,397.332,10,0,0,0,0,70,1,0,8,ssrf
1,2,0,403,300.569,19,0,0,1,0,9,0,0,11,shadow_api
0,2,1,200,44.21,13,0,0,0,0,22,0,0,0,normal
0,1,0,200,145.383,12,0,0,0,0,9,0,0,0,normal
3,1,0,204,151.421,8,0,0,0,0,5,0,0,0,normal
0,4,1,401,68.521,12,0,0,1,0,32,0,0,0,normal
0,2,1,200,196.542,12,0,0,0,1,12,0,0,1,bola
0,2,1,200,128.973,1,0,0,0,0,12,0,0,0,normal
0,2,0,401,207.87,8,1,0,1,0,21,0,0,3,admin_access
1,1,0,404,56.098,12,0,0,1,0,8,0,0,0,normal
0,3,0,403,7.894,14,1,0,1,0,19,0,0,3,admin_access
2,1,1,200,135.174,23,0,0,0,0,9,0,0,0,normal
0,3,1,403,96.536,2,0,0,1,1,12,0,0,1,bola
0,2,1,201,35.455,8,0,0,0,0,16,0,0,0,normal
0,3,0,200,7.704,15,0,0,0,0,33,0,0,0,normal
0,4,0,200,33.122,13,0,0,0,0,28,0,0,0,normal
1,1,1,200,70.425,7,0,0,0,0,9,0,0,0,normal
4,2,1,200,153.243,7,0,0,0,0,22,0,0,0,normal
0,2,1,500,53.863,23,0,0,0,0,43,1,1,9,command_injection
0,5,1,404,7.32,21,0,0,1,0,77,1,0,7,path_traversal
1,2,1,200,3.416,19,0,0,0,0,18,0,0,0,normal
0,4,1,200,10.331,5,0,0,0,0,32,0,0,0,normal
0,2,1,401,0.909,0,0,0,1,0,10,0,0,0,normal
0,4,1,200,131.108,7,0,0,0,0,40,0,0,0,normal
3,1,1,200,54.477,9,0,0,0,0,8,0,0,0,normal
2,2,0,200,140.296,4,0,0,0,0,20,0,0,0,normal
0,3,1,200,4.82,17,0,0,0,1,19,0,0,1,bola
0,2,1,200,235.889,13,0,0,0,0,12,0,0,0,normal
0,3,0,200,96.02,12,0,0,0,0,9,0,0,11,shadow_api
0,4,0,422,33.538,1,0,0,1,0,24,0,0,0,normal
1,1,1,500,167.382,6,0,0,0,0,27,1,1,5,sql_injection
0,3,1,422,19.399,10,0,0,1,0,15,0,0,0,normal
0,4,0,200,177.255,10,0,0,0,0,24,0,0,0,normal
2,3,1,200,99.004,16,0,0,0,0,30,0,0,0,normal
0,1,1,204,99.402,3,0,0,0,0,5,0,0,0,normal
1,2,0,200,30.47,2,0,0,0,0,10,0,0,6,rate_abuse
0,2,1,200,3.35,18,0,0,0,0,14,0,0,0,normal
0,4,1,201,5.664,9,0,0,0,0,20,0,0,0,normal
0,3,0,200,32.81,10,0,0,0,0,21,0,0,11,shadow_api
0,2,0,403,2.71,2,1,0,1,0,10,0,0,3,admin_access
1,1,0,400,49.234,19,0,0,1,0,8,0,0,0,normal
0,1,0,200,37.383,0,0,0,0,0,11,0,0,0,normal
1,2,0,403,97.372,18,0,0,1,0,17,0,0,11,shadow_api
1,4,1,200,126.972,20,0,0,0,0,32,0,0,0,normal
0,3,0,200,4.444,14,0,0,0,0,27,0,0,0,normal
0,1,1,200,26.458,13,0,0,0,0,10,0,0,0,normal
1,1,1,200,16.468,20,0,0,0,0,7,0,0,0,normal
0,3,1,401,53.976,9,0,0,1,0,30,0,0,0,normal
1,1,1,500,81.684,4,0,0,0,0,43,1,1,5,sql_injection
0,4,1,200,139.644,10,0,0,0,0,24,0,0,0,normal
0,3,0,400,50.214,6,0,0,1,0,59,1,0,5,sql_injection
1,2,1,200,144.79,10,0,0,0,0,21,0,0,11,shadow_api
0,1,1,200,72.438,13,0,0,0,0,10,0,0,0,normal
0,3,1,200,43.209,18,0,0,0,0,18,0,0,0,normal
0,2,1,422,110.83,0,0,0,1,0,18,0,0,0,normal
0,2,1,200,56.093,12,0,0,0,0,12,0,0,0,normal
0,3,1,204,202.054,23,0,0,0,0,21,0,0,0,normal
0,3,0,200,80.271,6,0,0,0,0,33,0,0,0,normal
1,2,1,200,57.772,1,0,0,0,0,22,0,0,0,normal
1,2,1,201,31.602,19,0,0,0,0,20,0,0,0,normal
1,1,1,200,2.92,23,0,0,0,0,5,0,0,0,normal
1,3,1,200,118.093,18,0,0,0,0,36,1,0,9,command_injection
1,1,0,200,5.539,14,0,0,0,0,6,0,0,0,normal
0,4,1,422,53.318,10,0,0,1,0,36,0,0,0,normal
1,3,1,200,42.507,11,0,0,0,0,30,0,0,0,normal
0,1,1,200,22.349,16,0,0,0,0,10,0,0,0,normal
1,2,0,200,110.53,0,0,0,0,0,14,0,0,2,jwt_bypass
0,2,0,404,3.773,15,0,1,1,0,13,0,0,4,debug_access
0,4,1,201,262.502,4,0,0,0,0,28,0,0,0,normal
1,2,1,422,194.001,15,0,0,1,0,16,0,0,0,normal
0,5,1,200,84.594,9,0,0,0,0,56,1,0,7,path_traversal
1,3,0,200,40.538,18,0,0,0,0,24,0,0,0,normal
0,3,1,200,4.88,10,0,0,0,1,11,0,0,1,bola
2,2,1,404,146.641,18,0,0,1,0,12,0,0,0,normal
1,3,1,200,12.798,22,0,0,0,0,18,0,0,0,normal
1,2,0,401,8.948,1,0,0,1,0,12,0,0,6,rate_abuse
0,3,1,403,160.055,19,0,0,1,1,14,0,0,1,bola
3,1,1,401,112.13,19,0,0,1,0,9,0,0,0,normal
0,4,1,200,67.347,7,0,0,0,0,44,0,0,0,normal
2,1,0,200,151.065,15,0,0,0,0,6,0,0,0,normal
0,2,0,500,26.534,2,0,0,0,0,55,1,1,9,command_injection
2,1,1,204,134.426,22,0,0,0,0,11,0,0,0,normal
1,4,1,200,79.598,21,0,0,0,0,28,0,0,0,normal
1,2,0,200,158.834,10,0,0,0,0,47,1,0,8,ssrf
0,2,1,204,80.39,10,0,0,0,0,16,0,0,0,normal
0,2,1,200,112.775,2,0,0,0,0,22,0,0,0,normal
3,1,0,200,110.99,6,0,0,0,0,9,0,0,0,normal
1,3,0,400,135.996,7,0,0,1,0,46,1,0,10,xxe
1,3,1,200,26.712,23,0,0,0,0,17,0,0,11,shadow_api
0,2,1,200,245.536,14,0,0,0,0,20,0,0,0,normal
1,2,0,204,185.014,3,0,0,0,0,18,0,0,0,normal
0,2,1,422,10.631,5,0,0,1,0,12,0,0,0,normal
0,3,1,200,76.334,11,0,0,0,0,21,0,0,0,normal
3,2,1,200,109.554,7,0,0,0,0,16,0,0,0,normal
0,2,0,404,13.751,0,0,1,1,0,10,0,0,4,debug_access
0,2,0,200,3.29,14,0,1,0,0,14,0,0,4,debug_access
0,4,0,200,12.312,15,0,0,0,0,32,0,0,0,normal
1,3,0,500,223.5,8,0,0,0,0,34,1,1,10,xxe
1,2,1,400,287.278,20,0,0,1,0,42,1,0,10,xxe
0,3,1,200,1.274,17,0,0,0,1,9,0,0,1,bola
0,2,1,204,61.245,4,0,0,0,0,18,0,0,0,normal
0,4,1,200,10.238,23,0,0,0,0,20,0,0,0,normal
0,2,1,403,323.567,0,1,0,1,0,21,0,0,3,admin_access
0,2,0,200,22.118,14,0,0,0,0,10,0,0,0,normal
0,4,1,200,40.831,4,0,0,0,0,24,0,0,0,normal
0,2,0,403,34.895,18,0,0,1,0,21,0,0,11,shadow_api
1,1,1,401,155.802,6,0,0,1,0,6,0,0,0,normal
0,1,1,200,157.389,7,0,0,0,0,9,0,0,0,normal
0,2,0,403,101.493,13,0,0,1,0,16,0,0,11,shadow_api
0,2,0,401,39.881,14,0,0,1,0,22,0,0,2,jwt_bypass
0,2,1,403,131.465,22,1,0,1,0,11,0,0,3,admin_access
1,4,1,200,63.523,22,0,0,0,0,44,0,0,0,normal
2,4,0,200,77.81,6,0,0,0,0,28,0,0,0,normal
0,4,1,404,103.668,2,0,0,1,0,85,1,0,7,path_traversal
0,3,1,200,77.895,11,0,0,0,0,33,0,0,0,normal
0,4,1,200,14.302,10,0,0,0,0,20,0,0,0,normal
0,4,0,200,169.972,7,0,0,0,0,32,0,0,0,normal
0,4,1,200,41.754,12,0,0,0,0,36,0,0,0,normal
0,4,1,200,61.863,13,0,0,0,0,20,0,0,0,normal
1,4,0,200,97.67,19,0,0,0,0,28,0,0,0,normal
0,2,1,200,96.509,21,0,0,0,1,12,0,0,1,bola
1,2,0,429,15.165,20,0,0,1,0,15,0,0,6,rate_abuse
0,3,0,400,209.125,5,0,0,1,0,63,1,0,5,sql_injection
1,4,1,404,32.202,4,0,0,1,0,20,0,0,0,normal
0,2,0,200,54.839,10,0,1,0,0,8,0,0,4,debug_access
0,4,1,400,41.434,2,0,0,1,0,52,1,0,7,path_traversal
0,2,0,403,108.159,17,0,0,1,0,22,0,0,2,jwt_bypass
1,2,1,500,159.642,17,0,0,0,0,53,1,1,8,ssrf
0,3,0,200,196.067,19,1,0,0,0,18,0,0,3,admin_access
1,3,1,200,42.04,13,0,0,0,0,21,0,0,0,normal
0,2,1,200,44.309,22,0,0,0,0,12,0,0,0,normal
1,1,0,200,94.193,10,0,0,0,0,91,1,0,8,ssrf
2,3,1,200,19.274,19,0,0,0,0,27,0,0,0,normal
0,1,1,200,99.562,12,0,0,0,0,5,0,0,0,normal
0,2,0,404,34.433,2,0,1,1,0,11,0,0,4,debug_access
0,2,1,201,123.722,1,0,0,0,0,12,0,0,0,normal
0,2,0,200,294.255,20,0,0,0,0,63,1,0,8,ssrf
0,1,1,200,60.146,11,0,0,0,0,9,0,0,0,normal
0,4,1,200,136.618,16,0,0,0,0,32,0,0,0,normal
0,3,1,200,250.819,10,0,0,0,0,15,0,0,0,normal
2,4,0,400,27.527,2,0,0,1,0,40,0,0,0,normal
1,1,1,200,64.736,9,0,0,0,0,11,0,0,0,normal
1,3,1,200,110.26,1,0,0,0,0,18,0,0,0,normal
4,2,1,200,10.105,23,0,0,0,0,14,0,0,0,normal
0,2,0,204,3.964,5,0,0,0,0,10,0,0,0,normal
0,4,0,200,200.899,4,0,0,0,0,28,0,0,0,normal
0,7,1,404,41.74,5,0,0,1,0,75,1,0,7,path_traversal
1,2,0,401,16.986,13,0,0,1,0,13,0,0,6,rate_abuse
0,2,0,500,194.786,21,0,0,0,0,64,1,1,5,sql_injection
0,4,1,200,82.806,13,0,0,0,0,28,0,0,0,normal
0,2,0,404,0.874,2,0,1,1,0,15,0,0,4,debug_access
0,3,1,403,292.297,23,1,0,1,0,16,0,0,3,admin_access
0,4,1,422,491.404,19,0,0,1,0,40,0,0,0,normal
1,3,1,400,50.308,3,0,0,1,0,42,1,0,10,xxe
1,2,1,400,400.281,6,0,0,1,0,46,1,0,9,command_injection
1,2,0,500,215.023,13,0,0,0,0,46,1,1,9,command_injection
1,4,1,200,130.608,22,0,0,0,0,28,0,0,0,normal
0,2,1,401,356.875,3,1,0,1,0,13,0,0,3,admin_access
2,1,0,200,45.922,16,0,0,0,0,6,0,0,0,normal
0,1,1,500,45.735,17,0,0,0,0,25,1,1,5,sql_injection
0,1,1,200,9.924,14,0,0,0,0,5,0,0,0,normal
0,2,0,200,81.055,16,0,1,0,0,17,0,0,4,debug_access
0,4,0,200,48.408,23,0,0,0,0,20,0,0,0,normal
1,1,1,201,3.834,13,0,0,0,0,7,0,0,0,normal
1,2,1,500,58.422,6,0,0,0,0,40,1,1,9,command_injection
0,3,0,200,85.754,11,0,0,0,0,39,1,0,5,sql_injection
0,3,1,401,190.927,7,0,0,1,0,33,0,0,0,normal
0,2,0,200,137.598,19,0,0,0,0,18,0,0,0,normal
0,4,1,200,113.942,14,0,0,0,0,44,0,0,0,normal
1,2,1,401,7.746,19,0,0,1,0,18,0,0,0,normal
1,1,1,200,177.021,18,0,0,0,0,61,1,0,10,xxe
0,2,0,401,79.734,20,0,0,1,0,12,0,0,2,jwt_bypass
1,2,1,500,21.242,8,0,0,0,0,20,1,1,9,command_injection
0,3,1,200,124.744,8,0,0,0,0,15,0,0,0,normal
1,1,1,200,271.124,1,0,0,0,0,8,0,0,0,normal
1,4,1,200,188.326,7,0,0,0,0,40,0,0,0,normal
1,4,0,200,6.076,18,0,0,0,0,36,0,0,0,normal
1,2,0,429,5.456,18,0,0,1,0,8,0,0,6,rate_abuse
1,2,0,429,6.472,17,0,0,1,0,8,0,0,6,rate_abuse
0,5,1,404,57.815,6,0,0,1,0,68,1,0,7,path_traversal
0,6,1,200,72.387,4,0,0,0,0,77,1,0,7,path_traversal
2,4,1,200,3.611,21,0,0,0,0,36,0,0,0,normal
0,4,1,200,43.953,23,0,0,0,0,32,0,0,0,normal
0,2,0,400,282.318,23,0,0,1,0,47,1,0,5,sql_injection
0,1,1,200,32.874,23,0,0,0,0,6,0,0,0,normal
1,2,0,400,42.539,6,0,0,1,0,58,1,0,9,command_injection
1,1,0,200,86.182,20,0,0,0,0,6,0,0,0,normal
0,4,0,200,52.37,6,0,0,0,0,44,0,0,0,normal
2,2,1,204,65.062,0,0,0,0,0,16,0,0,0,normal
1,1,1,200,251.684,17,0,0,0,0,63,1,0,8,ssrf
1,2,0,401,6.528,3,0,0,1,0,8,0,0,6,rate_abuse
0,4,0,201,28.014,5,0,0,0,0,24,0,0,0,normal
0,2,0,400,147.942,11,0,0,1,0,69,1,0,5,sql_injection
0,2,1,200,42.357,20,0,0,0,1,10,0,0,1,bola
1,1,0,500,237.867,2,0,0,0,0,27,1,1,9,command_injection
0,3,1,200,35.15,10,0,0,0,0,15,0,0,0,normal
0,4,0,200,33.529,22,0,0,0,0,32,0,0,0,normal
1,3,0,200,90.969,7,0,0,0,0,26,1,0,5,sql_injection
1,2,1,200,137.417,11,0,0,0,0,12,0,0,0,normal
0,2,1,200,124.517,15,0,0,0,0,14,0,0,0,normal
0,2,0,401,18.837,6,1,0,1,0,15,0,0,3,admin_access
0,3,0,200,300.397,19,0,0,0,0,18,0,0,0,normal
0,3,1,200,87.122,14,0,0,0,0,21,0,0,0,normal
1,2,1,500,371.979,4,0,0,0,0,42,1,1,8,ssrf
0,1,1,400,11.164,4,0,0,1,0,8,0,0,0,normal
0,4,1,404,122.661,5,0,0,1,0,36,0,0,0,normal
3,2,1,200,54.283,2,0,0,0,0,12,0,0,0,normal
0,4,1,404,184.826,20,0,0,1,0,81,1,0,7,path_traversal
1,3,1,400,336.681,1,0,0,1,0,97,1,0,8,ssrf
0,2,1,200,481.284,6,0,0,0,0,14,0,0,0,normal
0,2,0,404,8.683,21,0,1,1,0,15,0,0,4,debug_access
1,3,0,200,40.732,1,0,0,0,0,21,0,0,0,normal
0,3,1,200,26.247,2,0,0,0,0,33,0,0,0,normal
1,1,1,200,69.855,7,0,0,0,0,11,0,0,0,normal
2,3,0,404,57.318,16,0,0,1,0,18,0,0,0,normal
1,4,1,200,28.917,4,0,0,0,0,44,0,0,0,normal
0,2,1,200,123.877,3,0,0,0,0,20,0,0,0,normal
0,3,1,200,347.477,6,0,0,0,0,70,1,0,8,ssrf
0,2,1,201,106.782,15,0,0,0,0,16,0,0,0,normal
0,3,0,200,12.093,23,0,0,0,0,30,0,0,0,normal
0,3,0,200,291.293,16,0,0,0,0,18,0,0,0,normal
1,3,0,400,5.179,20,0,0,1,0,67,1,0,5,sql_injection
0,2,0,404,19.49,22,0,1,1,0,15,0,0,4,debug_access
0,3,1,200,141.164,10,0,0,0,1,18,0,0,1,bola
0,3,1,401,55.789,5,0,0,1,0,30,0,0,0,normal
1,2,1,401,11.006,0,0,0,1,0,14,0,0,0,normal
0,2,1,200,98.758,0,0,0,0,0,20,0,0,0,normal
1,1,0,200,120.446,12,0,0,0,0,11,0,0,0,normal
0,3,1,200,10.926,20,0,0,0,1,9,0,0,1,bola
1,3,1,201,35.542,4,0,0,0,0,33,0,0,0,normal
0,2,0,200,278.26,10,0,1,0,0,11,0,0,4,debug_access
0,3,0,500,327.576,9,0,0,0,0,64,1,1,8,ssrf
1,2,1,400,306.864,14,0,0,1,0,98,1,0,8,ssrf
0,2,0,401,101.327,13,0,0,1,0,10,0,0,2,jwt_bypass
0,2,1,200,67.02,1,0,0,0,0,22,0,0,0,normal
0,4,1,200,52.478,21,0,0,0,0,32,0,0,0,normal
0,1,1,200,206.517,23,0,0,0,0,10,0,0,0,normal
4,2,1,200,57.845,13,0,0,0,0,10,0,0,0,normal
1,3,1,400,52.11,3,0,0,1,0,53,1,0,10,xxe
3,2,1,200,99.746,13,0,0,0,0,20,0,0,0,normal
0,3,1,200,1.767,20,0,0,0,0,33,0,0,0,normal
1,3,1,200,18.627,0,0,0,0,0,60,1,0,5,sql_injection
1,2,1,200,7.914,0,0,0,0,0,22,0,0,0,normal
1,1,1,500,121.991,10,0,0,0,0,44,1,1,8,ssrf
0,1,1,400,142.878,10,0,0,1,0,5,0,0,0,normal
2,4,1,200,21.918,10,0,0,0,0,32,0,0,0,normal
1,1,0,201,79.825,7,0,0,0,0,11,0,0,0,normal
0,1,0,201,20.421,6,0,0,0,0,6,0,0,0,normal
3,3,1,201,47.327,7,0,0,0,0,24,0,0,0,normal
0,8,1,404,58.63,1,0,0,1,0,33,1,0,7,path_traversal
0,2,1,204,18.889,4,0,0,0,0,10,0,0,0,normal
0,2,1,200,53.995,5,0,0,0,0,14,0,0,0,normal
0,4,1,401,73.169,12,0,0,1,0,40,0,0,0,normal
3,1,1,200,1.998,21,0,0,0,0,9,0,0,0,normal
0,4,0,200,80.017,1,0,0,0,0,42,1,0,7,path_traversal
0,4,1,200,221.992,20,0,0,0,0,40,0,0,0,normal
1,2,0,403,106.43,18,0,0,1,0,21,0,0,2,jwt_bypass
0,2,0,200,34.046,18,0,1,0,0,11,0,0,4,debug_access
4,4,1,400,21.502,4,0,0,1,0,24,0,0,0,normal
1,1,1,200,161.942,12,0,0,0,0,72,1,0,10,xxe
3,2,1,200,17.872,7,0,0,0,0,22,0,0,0,normal
0,2,0,200,19.642,12,0,1,0,0,11,0,0,4,debug_access
1,1,1,404,86.083,8,0,0,1,0,10,0,0,0,normal
0,2,0,200,33.754,23,0,0,0,0,14,0,0,0,normal
2,4,0,200,80.34,12,0,0,0,0,28,0,0,0,normal
3,3,1,200,121.753,12,0,0,0,0,21,0,0,0,normal
0,1,1,200,19.294,6,0,0,0,0,11,0,0,0,normal
1,1,0,200,122.063,23,0,0,0,0,9,0,0,0,normal
0,3,0,400,43.021,10,0,0,1,0,45,1,0,9,command_injection
0,4,0,404,54.278,22,0,0,1,0,79,1,0,7,path_traversal
0,3,1,200,91.269,6,0,0,0,0,30,0,0,0,normal
1,2,1,200,29.136,7,0,0,0,0,14,0,0,0,normal
0,3,1,404,43.686,5,0,0,1,0,30,0,0,0,normal
0,1,1,200,10.118,3,0,0,0,0,7,0,0,0,normal
1,2,0,429,22.389,18,0,0,1,0,12,0,0,6,rate_abuse
0,4,1,200,193.893,4,0,0,0,0,36,0,0,0,normal
1,2,1,200,100.609,14,0,0,0,0,12,0,0,0,normal
3,3,0,200,70.908,8,0,0,0,0,21,0,0,0,normal
0,2,1,422,131.037,20,0,0,1,0,16,0,0,0,normal
0,2,0,200,109.675,17,0,0,0,0,14,0,0,0,normal
1,4,1,200,101.852,8,0,0,0,0,28,0,0,0,normal
0,1,1,200,29.371,8,0,0,0,0,9,0,0,0,normal
1,3,1,400,270.264,10,0,0,1,0,58,1,0,10,xxe
0,2,0,404,10.859,5,0,1,1,0,16,0,0,4,debug_access
0,3,1,500,72.713,20,0,0,0,0,41,1,1,5,sql_injection
0,2,1,200,243.406,21,0,0,0,0,80,1,0,8,ssrf
2,2,0,204,27.132,5,0,0,0,0,12,0,0,0,normal
1,4,1,200,42.211,12,0,0,0,0,40,0,0,0,normal
1,1,1,200,170.496,4,0,0,0,0,11,0,0,0,normal
0,3,0,200,29.578,17,0,0,0,0,18,0,0,0,normal
1,3,1,400,53.469,18,0,0,1,0,33,0,0,0,normal
0,4,0,404,62.967,21,0,0,1,0,75,1,0,7,path_traversal
1,1,1,400,55.413,10,0,0,1,0,77,1,0,10,xxe
0,3,1,200,31.095,7,0,0,0,0,18,0,0,0,normal
0,2,0,401,53.175,9,0,0,1,0,12,0,0,0,normal
0,8,1,404,34.426,5,0,0,1,0,47,1,0,7,path_traversal
1,2,0,429,29.087,6,0,0,1,0,16,0,0,6,rate_abuse
2,1,1,204,43.341,14,0,0,0,0,6,0,0,0,normal
1,2,0,429,24.078,14,0,0,1,0,12,0,0,6,rate_abuse
0,1,1,401,59.076,15,0,0,1,0,9,0,0,0,normal
0,1,0,204,93.756,2,0,0,0,0,11,0,0,0,normal
0,2,0,200,6.109,14,0,1,0,0,15,0,0,4,debug_access
0,3,1,200,7.057,3,0,0,0,0,20,0,0,11,shadow_api
0,6,1,400,80.256,23,0,0,1,0,74,1,0,7,path_traversal
1,2,0,429,29.952,11,0,0,1,0,8,0,0,6,rate_abuse
1,2,1,500,90.957,6,0,0,0,0,90,1,1,8,ssrf
0,2,0,200,32.633,21,0,1,0,0,11,0,0,4,debug_access
1,2,0,401,30.547,2,0,0,1,0,9,0,0,6,rate_abuse
0,2,1,401,29.966,9,1,0,1,0,15,0,0,3,admin_access
1,3,0,422,23.725,8,0,0,1,0,21,0,0,0,normal
0,4,1,200,38.385,20,0,0,0,0,36,0,0,0,normal
2,4,1,200,27.599,6,0,0,0,0,44,0,0,0,normal
0,4,1,200,80.868,10,0,0,0,0,28,0,0,0,normal
2,4,1,200,43.989,8,0,0,0,0,24,0,0,0,normal
0,2,0,403,68.122,5,0,0,1,0,12,0,0,2,jwt_bypass
1,2,1,200,326.297,6,0,0,0,0,13,0,0,11,shadow_api
0,3,1,403,20.879,20,0,0,1,1,10,0,0,1,bola
1,2,1,200,96.22,22,0,0,0,0,22,0,0,0,normal
2,4,1,200,161.732,23,0,0,0,0,20,0,0,0,normal
0,2,0,200,83.903,20,0,0,0,0,25,0,0,2,jwt_bypass
0,4,1,200,24.417,13,0,0,0,0,44,0,0,0,normal
0,2,0,200,37.699,5,0,0,0,0,16,0,0,11,shadow_api
2,3,0,200,48.301,22,0,0,0,0,15,0,0,0,normal
0,4,1,200,156.252,16,0,0,0,0,44,0,0,0,normal
1,1,1,200,82.712,7,0,0,0,0,7,0,0,0,normal
0,2,0,404,91.818,1,0,1,1,0,9,0,0,4,debug_access
0,2,1,404,48.411,13,0,0,1,0,18,0,0,0,normal
1,1,0,500,155.851,22,0,0,0,0,41,1,1,10,xxe
3,1,1,200,30.784,21,0,0,0,0,10,0,0,0,normal
0,4,1,201,65.019,3,0,0,0,0,28,0,0,0,normal
1,2,0,200,6.253,13,0,0,0,0,8,0,0,6,rate_abuse
1,2,0,403,135.126,16,0,0,1,0,11,0,0,11,shadow_api
1,2,1,200,38.259,21,0,0,0,0,20,0,0,0,normal
0,3,1,403,9.097,5,0,0,1,1,15,0,0,1,bola
0,4,1,200,43.913,3,0,0,0,0,28,0,0,0,normal
0,3,1,201,74.423,5,0,0,0,0,18,0,0,0,normal
0,1,0,400,155.168,10,0,0,1,0,56,1,0,8,ssrf
1,2,1,400,267.318,19,0,0,1,0,42,1,0,9,command_injection
1,2,0,401,30.977,20,0,0,1,0,13,0,0,6,rate_abuse
1,2,0,429,7.727,0,0,0,1,0,12,0,0,6,rate_abuse
0,3,0,204,37.177,17,0,0,0,0,30,0,0,0,normal
1,1,0,404,34.486,9,0,0,1,0,9,0,0,0,normal
0,1,1,404,259.484,6,0,0,1,0,6,0,0,0,normal
2,4,1,204,70.328,23,0,0,0,0,20,0,0,0,normal
4,1,0,200,119.782,9,0,0,0,0,9,0,0,0,normal
0,2,0,400,34.018,5,0,0,1,0,46,1,0,5,sql_injection
3,2,0,200,151.476,13,0,0,0,0,22,0,0,0,normal
0,3,1,200,0.893,5,0,0,0,0,30,0,0,0,normal
0,3,1,200,13.642,17,0,0,0,0,8,0,0,11,shadow_api
1,2,1,400,295.497,0,0,0,1,0,20,1,0,9,command_injection
1,2,1,400,13.487,10,0,0,1,0,12,0,0,0,normal
1,2,1,200,186.877,22,0,0,0,0,18,0,0,0,normal
1,4,1,200,52.077,13,0,0,0,0,24,0,0,0,normal
0,1,0,201,39.334,20,0,0,0,0,8,0,0,0,normal
0,2,1,204,202.704,3,0,0,0,0,20,0,0,0,normal
1,2,0,500,51.621,21,0,0,0,0,50,1,1,10,xxe
0,3,0,401,7.555,0,1,0,1,0,16,0,0,3,admin_access
0,4,0,400,10.54,9,0,0,1,0,40,0,0,0,normal
0,2,0,200,75.941,17,0,0,0,0,18,0,0,2,jwt_bypass
0,2,0,200,38.586,21,0,1,0,0,17,0,0,4,debug_access
0,3,1,200,65.839,12,0,0,0,0,24,0,0,0,normal
1,2,1,200,56.526,16,0,0,0,0,20,0,0,0,normal
1,3,1,201,65.423,13,0,0,0,0,27,0,0,0,normal
0,3,0,200,58.945,21,0,0,0,0,21,0,0,0,normal
0,3,1,200,6.384,2,0,0,0,0,27,0,0,0,normal
1,4,1,200,74.165,0,0,0,0,0,24,0,0,0,normal
1,2,1,200,23.584,0,0,0,0,0,20,0,0,0,normal
0,1,1,200,18.095,0,0,0,0,0,10,0,0,0,normal
1,2,1,200,127.467,2,0,0,0,0,71,1,0,10,xxe
1,1,1,200,28.348,14,0,0,0,0,9,0,0,0,normal
0,3,0,200,48.04,3,0,0,0,0,27,0,0,0,normal
3,3,0,200,68.393,19,0,0,0,0,18,0,0,0,normal
2,4,0,201,8.899,16,0,0,0,0,20,0,0,0,normal
0,2,0,200,68.957,8,0,0,0,0,15,0,0,2,jwt_bypass
0,3,1,400,52.89,11,0,0,1,0,39,1,0,5,sql_injection
0,2,0,404,4.655,19,0,1,1,0,11,0,0,4,debug_access
0,1,1,401,75.334,3,0,0,1,0,9,0,0,0,normal
4,4,0,200,84.798,8,0,0,0,0,32,0,0,0,normal
0,2,0,404,133.898,7,0,1,1,0,10,0,0,4,debug_access
1,3,0,200,10.733,12,0,0,0,0,27,0,0,0,normal
1,1,0,200,87.242,13,0,0,0,0,6,0,0,0,normal
0,5,0,400,21.092,11,0,0,1,0,63,1,0,7,path_traversal
2,4,1,400,31.766,23,0,0,1,0,32,0,0,0,normal
0,4,1,401,41.452,11,0,0,1,0,32,0,0,0,normal
1,4,1,200,83.564,22,0,0,0,0,44,0,0,0,normal
1,3,1,201,134.922,5,0,0,0,0,30,0,0,0,normal
2,3,1,200,137.577,3,0,0,0,0,15,0,0,0,normal
1,3,1,200,14.112,8,0,0,0,0,15,0,0,11,shadow_api
1,1,0,400,227.432,9,0,0,1,0,28,1,0,9,command_injection
4,2,1,200,206.402,1,0,0,0,0,16,0,0,0,normal
0,4,1,401,53.806,17,0,0,1,0,20,0,0,0,normal
0,3,1,200,1.651,13,0,0,0,1,16,0,0,1,bola
0,2,1,403,36.189,3,0,0,1,1,17,0,0,1,bola
0,8,0,404,6.006,21,0,0,1,0,60,1,0,7,path_traversal
0,3,1,200,33.097,18,0,0,0,0,30,0,0,0,normal
0,4,1,200,22.527,0,0,0,0,0,36,0,0,0,normal
0,3,1,404,209.647,9,0,0,1,0,33,0,0,0,normal
0,7,1,200,51.407,22,0,0,0,0,48,1,0,7,path_traversal
0,3,1,200,121.798,5,0,0,0,0,24,0,0,0,normal
0,2,0,401,69.884,19,0,0,1,0,12,0,0,2,jwt_bypass
0,2,1,200,32.652,2,0,0,0,0,20,0,0,0,normal
2,4,1,200,62.031,16,0,0,0,0,32,0,0,0,normal
2,2,1,401,49.651,3,0,0,1,0,14,0,0,0,normal
4,3,1,200,43.297,6,0,0,0,0,15,0,0,0,normal
0,8,1,404,92.078,12,0,0,1,0,58,1,0,7,path_traversal
0,3,1,200,155.938,13,1,0,0,0,21,0,0,3,admin_access
0,7,0,404,46.526,14,0,0,1,0,72,1,0,7,path_traversal
1,1,1,200,90.366,0,0,0,0,0,50,1,0,10,xxe
1,3,1,200,189.582,0,0,0,0,0,30,0,0,0,normal
1,2,0,500,318.274,22,0,0,0,0,41,1,1,9,command_injection
0,2,0,401,82.071,19,0,0,1,0,18,0,0,2,jwt_bypass
0,3,1,200,114.685,19,0,0,0,1,17,0,0,1,bola
1,2,1,200,0.854,0,0,0,0,0,16,0,0,0,normal
1,3,0,200,32.492,13,0,0,0,0,30,0,0,0,normal
1,2,0,401,20.501,15,0,0,1,0,16,0,0,6,rate_abuse
0,4,1,200,63.518,20,0,0,0,0,20,0,0,0,normal
1,2,0,429,31.653,6,0,0,1,0,14,0,0,6,rate_abuse
1,1,1,200,65.129,16,0,0,0,0,10,0,0,0,normal
1,2,0,429,26.675,12,0,0,1,0,15,0,0,6,rate_abuse
0,6,0,200,16.939,15,0,0,0,0,44,1,0,7,path_traversal
0,3,0,200,150.469,15,0,0,0,0,18,0,0,0,normal
0,2,0,200,33.648,19,0,0,0,0,12,0,0,0,normal
0,1,1,200,117.588,2,0,0,0,0,11,0,0,0,normal
0,2,0,200,78.838,23,0,1,0,0,14,0,0,4,debug_access
0,1,0,200,223.553,18,0,0,0,0,5,0,0,0,normal
0,2,0,200,6.27,0,1,0,0,0,12,0,0,3,admin_access
0,1,1,204,68.298,7,0,0,0,0,7,0,0,0,normal
1,2,1,200,243.745,5,0,0,0,0,10,0,0,0,normal
0,4,0,200,95.314,14,0,0,0,0,36,0,0,0,normal
1,2,0,401,20.379,6,0,0,1,0,10,0,0,6,rate_abuse
1,1,1,200,9.583,12,0,0,0,0,6,0,0,0,normal
2,3,1,200,42.154,3,0,0,0,0,24,0,0,0,normal
1,2,1,200,1.909,3,0,0,0,0,14,0,0,11,shadow_api
1,2,0,429,13.642,5,0,0,1,0,15,0,0,6,rate_abuse
0,4,0,204,139.535,23,0,0,0,0,28,0,0,0,normal
0,2,0,422,76.893,17,0,0,1,0,16,0,0,0,normal
0,2,1,200,141.468,13,0,0,0,0,12,0,0,0,normal
0,3,1,200,79.099,4,0,0,0,0,33,0,0,0,normal
1,4,1,200,2.91,14,0,0,0,0,44,0,0,0,normal
1,1,0,200,68.248,22,0,0,0,0,56,1,0,9,command_injection
0,2,1,200,35.81,5,0,0,0,0,20,0,0,0,normal
0,2,1,403,31.498,0,0,0,1,1,12,0,0,1,bola
4,1,1,200,13.822,0,0,0,0,0,6,0,0,0,normal
1,1,1,200,36.235,22,0,0,0,0,11,0,0,0,normal
0,2,1,200,90.431,15,0,0,0,0,12,0,0,0,normal
1,3,1,200,287.379,3,0,0,0,0,39,1,0,10,xxe
1,1,1,200,22.972,5,0,0,0,0,11,0,0,0,normal
0,3,1,422,123.169,18,0,0,1,0,15,0,0,0,normal
1,4,1,200,103.808,0,0,0,0,0,20,0,0,0,normal
2,4,0,200,25.941,2,0,0,0,0,32,0,0,0,normal
0,1,1,200,49.672,16,0,0,0,0,6,0,0,0,normal
1,2,0,401,31.321,21,0,0,1,0,11,0,0,6,rate_abuse
1,2,0,500,152.214,1,0,0,0,0,54,1,1,5,sql_injection
0,2,0,200,8.012,12,0,1,0,0,8,0,0,4,debug_access
1,4,0,400,75.564,5,0,0,1,0,32,0,0,0,normal
0,1,1,200,81.247,15,0,0,0,0,11,0,0,0,normal
2,1,1,200,50.838,13,0,0,0,0,8,0,0,0,normal
0,1,1,200,76.784,8,0,0,0,0,10,0,0,0,normal
2,2,1,200,44.314,22,0,0,0,0,20,0,0,0,normal
4,2,1,200,79.985,4,0,0,0,0,16,0,0,0,normal
0,2,0,200,304.529,20,0,0,0,0,47,1,0,5,sql_injection
0,2,0,200,22.038,19,1,0,0,0,15,0,0,3,admin_access
2,3,1,200,24.226,7,0,0,0,0,18,0,0,0,normal
1,1,1,200,537.392,1,0,0,0,0,7,0,0,0,normal
0,2,0,403,39.252,1,1,0,1,0,17,0,0,3,admin_access
1,2,0,401,37.917,1,0,0,1,0,29,0,0,2,jwt_bypass
0,3,0,201,14.879,1,0,0,0,0,15,0,0,0,normal
0,4,0,200,54.271,0,0,0,0,0,54,1,0,7,path_traversal
1,2,1,422,31.978,12,0,0,1,0,14,0,0,0,normal
3,3,0,200,168.391,18,0,0,0,0,33,0,0,0,normal
0,3,1,200,138.12,11,0,0,0,0,30,0,0,0,normal
0,2,0,401,52.443,13,1,0,1,0,10,0,0,3,admin_access
1,4,1,204,87.404,19,0,0,0,0,44,0,0,0,normal
0,2,0,200,18.45,17,0,0,0,0,20,0,0,0,normal
0,7,0,404,15.186,6,0,0,1,0,39,1,0,7,path_traversal
0,3,0,200,2.951,16,0,0,0,0,30,0,0,0,normal
1,2,1,400,229.878,23,0,0,1,0,54,1,0,10,xxe
2,3,1,200,61.704,13,0,0,0,0,21,0,0,0,normal
0,1,0,400,42.071,1,0,0,1,0,10,0,0,0,normal
0,2,0,404,239.59,13,0,1,1,0,11,0,0,4,debug_access
0,1,1,200,120.468,4,0,0,0,0,76,1,0,8,ssrf
0,1,1,200,51.471,14,0,0,0,0,10,0,0,0,normal
0,4,0,201,231.916,13,0,0,0,0,40,0,0,0,normal
1,2,0,429,7.083,21,0,0,1,0,10,0,0,6,rate_abuse
1,2,0,400,139.511,8,0,0,1,0,64,1,0,10,xxe
1,1,1,200,220.01,14,0,0,0,0,7,0,0,0,normal
1,3,0,200,138.801,8,0,0,0,0,18,0,0,11,shadow_api
1,3,1,200,363.594,14,0,0,0,0,61,1,0,8,ssrf
0,2,0,200,67.055,0,0,0,0,0,50,1,0,5,sql_injection
0,4,1,200,1.348,20,0,0,0,0,44,0,0,0,normal
0,2,0,200,86.365,16,0,1,0,0,12,0,0,4,debug_access
0,1,1,404,24.559,2,0,0,1,0,6,0,0,0,normal
0,3,1,200,18.996,14,0,0,0,0,33,0,0,0,normal
1,4,0,200,254.997,17,0,0,0,0,44,0,0,0,normal
0,3,1,403,53.969,21,0,0,1,1,13,0,0,1,bola
0,2,1,200,22.566,0,0,0,0,0,18,0,0,11,shadow_api
0,2,0,404,0.92,23,0,1,1,0,15,0,0,4,debug_access
2,2,1,422,16.957,1,0,0,1,0,16,0,0,0,normal
0,1,1,400,22.965,6,0,0,1,0,9,0,0,0,normal
0,4,1,401,16.05,22,0,0,1,0,28,0,0,0,normal
1,2,0,200,42.91,4,0,0,0,0,22,0,0,0,normal
0,3,0,400,111.358,1,0,0,1,0,52,1,0,8,ssrf
1,3,1,200,20.845,8,0,0,0,0,15,0,0,0,normal
1,1,0,200,366.405,1,0,0,0,0,9,0,0,0,normal
0,1,1,500,387.203,18,0,0,0,0,102,1,1,8,ssrf
0,3,1,200,44.721,16,0,0,0,1,19,0,0,1,bola
0,4,1,200,9.167,16,0,0,0,0,28,0,0,0,normal
0,2,0,200,28.803,16,0,0,0,0,16,0,0,0,normal
0,4,1,200,8.528,17,0,0,0,0,32,0,0,0,normal
1,2,0,200,270.885,10,0,0,0,0,42,1,0,10,xxe
1,3,1,200,213.397,3,0,0,0,0,70,1,0,8,ssrf
1,2,0,403,107.588,9,0,0,1,0,22,0,0,2,jwt_bypass
0,1,1,404,173.238,13,0,0,1,0,8,0,0,0,normal
0,2,1,200,56.661,9,0,0,0,1,12,0,0,1,bola
1,3,1,500,3.412,8,0,0,0,0,25,1,1,5,sql_injection
1,2,0,401,28.817,10,0,0,1,0,19,0,0,2,jwt_bypass
1,3,1,200,1.407,12,0,0,0,0,24,0,0,0,normal
0,1,1,200,32.596,3,0,0,0,0,7,0,0,0,normal
0,2,0,200,31.976,20,0,0,0,0,10,0,0,0,normal
0,3,0,200,57.953,4,0,0,0,0,33,0,0,0,normal
0,4,1,200,47.443,7,0,0,0,0,44,0,0,0,normal
3,3,0,400,35.593,21,0,0,1,0,24,0,0,0,normal
1,3,1,200,8.605,12,0,0,0,0,18,0,0,0,normal
0,1,1,500,15.03,9,0,0,0,0,60,1,1,5,sql_injection
1,3,0,200,114.358,18,0,0,0,0,41,1,0,5,sql_injection
1,2,1,400,283.279,14,0,0,1,0,37,1,0,9,command_injection
2,3,0,422,31.386,12,0,0,1,0,24,0,0,0,normal
1,2,0,200,10.61,16,0,0,0,0,20,0,0,11,shadow_api
0,3,1,200,43.619,19,0,0,0,1,12,0,0,1,bola
0,3,0,401,43.641,18,1,0,1,0,18,0,0,3,admin_access
0,3,0,200,330.557,22,0,0,0,0,92,1,0,8,ssrf
1,2,0,401,32.657,10,0,0,1,0,12,0,0,6,rate_abuse
0,1,1,201,71.15,21,0,0,0,0,8,0,0,0,normal
1,3,1,200,109.047,15,0,0,0,0,35,1,0,5,sql_injection
0,2,0,404,221.997,9,0,1,1,0,8,0,0,4,debug_access
0,4,1,404,37.931,0,0,0,1,0,37,1,0,7,path_traversal
0,1,1,200,110.865,20,0,0,0,0,6,0,0,0,normal
0,2,1,403,68.851,3,1,0,1,0,18,0,0,3,admin_access
0,3,0,403,14.113,3,1,0,1,0,10,0,0,3,admin_access
0,2,1,401,27.321,3,1,0,1,0,17,0,0,3,admin_access
0,4,0,200,20.868,12,0,0,0,0,44,0,0,0,normal
0,3,0,400,132.526,17,0,0,1,0,47,1,0,8,ssrf
0,3,1,201,146.275,12,0,0,0,0,27,0,0,0,normal
0,2,1,500,62.23,7,0,0,0,0,51,1,1,5,sql_injection
3,4,0,200,590.914,13,0,0,0,0,36,0,0,0,normal
0,3,1,201,6.308,7,0,0,0,0,33,0,0,0,normal
2,4,1,200,186.062,7,0,0,0,0,24,0,0,0,normal
2,1,0,200,59.551,5,0,0,0,0,11,0,0,0,normal
0,2,0,401,24.024,13,0,0,1,0,10,0,0,0,normal
0,4,1,200,132.189,5,0,0,0,0,32,0,0,0,normal
0,2,1,200,17.078,6,0,0,0,0,12,0,0,0,normal
1,1,0,200,55.903,7,0,0,0,0,52,1,0,5,sql_injection
1,3,0,500,187.68,15,0,0,0,0,40,1,1,8,ssrf
0,4,1,401,2.172,8,0,0,1,0,28,0,0,0,normal
1,1,1,400,636.317,11,0,0,1,0,62,1,0,5,sql_injection
1,4,1,200,19.715,10,0,0,0,0,44,0,0,0,normal
1,2,0,429,9.206,17,0,0,1,0,16,0,0,6,rate_abuse
0,1,1,200,47.508,22,0,0,0,0,7,0,0,0,normal
0,4,1,204,141.107,5,0,0,0,0,40,0,0,0,normal
1,1,1,401,157.243,22,0,0,1,0,5,0,0,0,normal
0,3,0,200,14.765,5,0,0,0,0,18,0,0,0,normal
1,2,1,200,152.839,6,0,0,0,0,18,0,0,0,normal
0,3,1,403,2.04,22,0,0,1,1,14,0,0,1,bola
0,4,1,200,221.448,9,0,0,0,0,40,0,0,0,normal
1,4,1,201,64.011,3,0,0,0,0,40,0,0,0,normal
0,3,1,200,83.75,4,0,0,0,1,9,0,0,1,bola
0,1,1,200,55.064,5,0,0,0,0,11,0,0,0,normal
0,4,1,200,52.052,21,0,0,0,0,20,0,0,0,normal
0,2,1,422,19.818,2,0,0,1,0,12,0,0,0,normal
1,3,1,403,13.318,0,0,0,1,0,14,0,0,11,shadow_api
1,1,0,200,55.334,12,0,0,0,0,9,0,0,0,normal
1,2,0,200,70.031,15,0,0,0,0,10,0,0,0,normal
0,2,1,200,215.308,2,0,0,0,1,9,0,0,1,bola
3,1,1,201,36.346,7,0,0,0,0,11,0,0,0,normal
0,1,1,422,97.294,1,0,0,1,0,8,0,0,0,normal
3,1,1,422,331.727,21,0,0,1,0,7,0,0,0,normal
0,3,1,200,32.814,20,0,0,0,0,24,0,0,0,normal
1,2,1,500,242.831,0,0,0,0,0,66,1,1,10,xxe
1,3,1,200,264.093,20,0,0,0,0,76,1,0,8,ssrf
0,1,1,500,179.962,13,0,0,0,0,49,1,1,9,command_injection
0,2,1,200,57.61,9,0,0,0,1,16,0,0,1,bola
0,4,1,200,57.854,7,0,0,0,0,40,0,0,0,normal
1,3,0,400,64.367,17,0,0,1,0,64,1,0,5,sql_injection
0,2,1,403,82.47,1,0,0,1,1,18,0,0,1,bola
1,2,1,200,35.599,20,0,0,0,0,18,0,0,0,normal
1,1,0,400,256.719,10,0,0,1,0,46,1,0,5,sql_injection
0,1,1,200,241.661,20,0,0,0,0,11,0,0,0,normal
2,4,1,400,8.271,6,0,0,1,0,36,0,0,0,normal
0,3,1,500,176.962,18,0,0,0,0,47,1,1,5,sql_injection
1,2,0,429,13.269,10,0,0,1,0,17,0,0,6,rate_abuse
3,3,1,200,28.89,0,0,0,0,0,18,0,0,0,normal
0,3,0,200,8.204,3,1,0,0,0,20,0,0,3,admin_access
0,2,1,200,21.281,15,0,0,0,0,22,0,0,0,normal
0,6,0,404,5.846,23,0,0,1,0,89,1,0,7,path_traversal
1,3,1,500,20.355,2,0,0,0,0,67,1,1,5,sql_injection
0,1,1,200,303.495,23,0,0,0,0,32,1,0,5,sql_injection
0,2,1,201,22.51,14,0,0,0,0,16,0,0,0,normal
0,3,0,200,82.925,11,0,0,0,0,37,1,0,5,sql_injection
1,2,0,200,5.953,22,0,0,0,0,14,0,0,6,rate_abuse
1,1,0,200,6.772,7,0,0,0,0,11,0,0,0,normal
3,2,1,404,103.681,3,0,0,1,0,12,0,0,0,normal
0,3,1,400,350.064,6,0,0,1,0,88,1,0,8,ssrf
0,2,0,401,282.175,15,1,0,1,0,24,0,0,3,admin_access
1,2,0,429,15.283,17,0,0,1,0,12,0,0,6,rate_abuse
0,3,1,403,117.071,17,1,0,1,0,23,0,0,3,admin_access
0,4,0,404,77.522,15,0,0,1,0,86,1,0,7,path_traversal
0,3,1,200,35.026,10,0,0,0,0,15,0,0,0,normal
1,3,1,200,49.143,21,0,0,0,0,27,0,0,0,normal
0,2,1,500,304.342,8,0,0,0,0,45,1,1,5,sql_injection
0,2,0,200,2.382,12,0,0,0,0,14,0,0,0,normal
0,4,1,200,10.674,3,0,0,0,0,20,0,0,0,normal
1,2,0,200,69.888,6,0,0,0,0,23,0,0,2,jwt_bypass
0,4,0,201,34.32,14,0,0,0,0,32,0,0,0,normal
1,2,0,403,21.469,23,0,0,1,0,23,0,0,2,jwt_bypass
0,2,0,401,31.055,11,1,0,1,0,16,0,0,3,admin_access
0,2,0,200,4.621,21,0,0,0,0,18,0,0,0,normal
1,2,1,200,34.068,6,0,0,0,0,16,0,0,11,shadow_api
0,1,0,201,1.824,8,0,0,0,0,8,0,0,0,normal
1,3,1,400,34.193,6,0,0,1,0,26,1,0,9,command_injection
2,4,1,200,117.205,3,0,0,0,0,20,0,0,0,normal
1,2,1,200,256.429,20,0,0,0,0,58,1,0,10,xxe
0,1,1,200,265.684,2,0,0,0,0,8,0,0,0,normal
1,3,1,204,32.077,14,0,0,0,0,24,0,0,0,normal
0,3,1,200,69.345,3,0,0,0,0,27,0,0,0,normal
0,3,0,403,125.748,3,1,0,1,0,10,0,0,3,admin_access
1,3,1,200,65.393,11,0,0,0,0,60,1,0,5,sql_injection
0,3,1,200,23.425,9,0,0,0,0,60,1,0,5,sql_injection
0,1,1,200,115.161,19,0,0,0,0,9,0,0,0,normal
0,3,1,200,173.282,0,0,0,0,0,21,0,0,0,normal
0,2,1,400,101.458,22,0,0,1,0,18,0,0,0,normal
0,4,1,200,72.605,16,0,0,0,0,24,0,0,0,normal
0,4,1,200,45.298,19,0,0,0,0,20,0,0,0,normal
1,2,0,500,37.365,17,0,0,0,0,39,1,1,9,command_injection
2,2,1,200,29.324,2,0,0,0,0,12,0,0,0,normal
0,4,1,404,7.898,6,0,0,1,0,62,1,0,7,path_traversal
1,1,1,200,28.376,18,0,0,0,0,10,0,0,0,normal
1,4,0,200,131.277,21,0,0,0,0,36,0,0,0,normal
1,2,0,200,103.225,3,0,0,0,0,14,0,0,2,jwt_bypass
3,3,1,422,86.307,20,0,0,1,0,30,0,0,0,normal
0,2,0,403,7.274,5,1,0,1,0,11,0,0,3,admin_access
2,1,1,200,32.191,17,0,0,0,0,7,0,0,0,normal
0,1,1,204,113.779,9,0,0,0,0,7,0,0,0,normal
0,3,0,200,29.174,22,0,0,0,0,18,0,0,0,normal
0,4,1,200,214.118,10,0,0,0,0,20,0,0,0,normal
1,3,1,200,24.428,0,0,0,0,0,11,0,0,11,shadow_api
0,1,1,200,62.41,22,0,0,0,0,9,0,0,0,normal
0,2,1,201,182.2,15,0,0,0,0,14,0,0,0,normal
1,2,1,200,0.122,7,0,0,0,0,10,0,0,0,normal
0,2,1,200,9.556,1,0,0,0,0,12,0,0,0,normal
1,3,1,200,309.929,16,0,0,0,0,61,1,0,8,ssrf
1,3,1,400,52.12,20,0,0,1,0,59,1,0,10,xxe
0,3,1,200,79.221,12,0,0,0,1,16,0,0,1,bola
0,2,1,200,8.368,7,0,0,0,0,16,0,0,0,normal
0,3,1,403,123.752,19,0,0,1,1,12,0,0,1,bola
1,2,0,429,17.515,1,0,0,1,0,10,0,0,6,rate_abuse
1,3,0,500,313.413,6,0,0,0,0,52,1,1,8,ssrf
1,1,1,400,143.693,1,0,0,1,0,9,0,0,0,normal
1,2,1,200,286.391,23,0,0,0,0,31,1,0,10,xxe
1,1,1,400,19.285,17,0,0,1,0,31,1,0,5,sql_injection
0,2,0,200,30.938,15,0,0,0,0,39,1,0,9,command_injection
1,3,1,200,9.162,7,0,0,0,0,18,0,0,0,normal
0,7,0,400,186.058,19,0,0,1,0,30,1,0,7,path_traversal
0,3,1,200,11.837,2,0,0,0,0,18,0,0,0,normal
0,2,1,403,32.413,9,0,0,1,1,18,0,0,1,bola
0,3,1,400,28.826,1,0,0,1,0,21,0,0,0,normal
0,2,1,404,96.558,2,0,0,1,0,10,0,0,0,normal
0,1,1,200,9.591,1,0,0,0,0,10,0,0,0,normal
1,2,0,400,53.943,7,0,0,1,0,38,1,0,9,command_injection
1,3,1,200,46.262,7,0,0,0,0,15,0,0,0,normal
0,4,1,204,12.616,10,0,0,0,0,28,0,0,0,normal
1,3,1,200,96.603,6,0,0,0,0,24,0,0,0,normal
0,1,1,400,10.452,8,0,0,1,0,6,0,0,0,normal
0,2,1,201,658.241,15,0,0,0,0,20,0,0,0,normal
0,8,1,400,59.017,7,0,0,1,0,58,1,0,7,path_traversal
0,2,1,400,40.674,0,0,0,1,0,16,0,0,0,normal
1,3,0,500,292.295,12,0,0,0,0,77,1,1,8,ssrf
0,4,1,201,124.768,0,0,0,0,0,32,0,0,0,normal
0,2,0,400,11.886,18,0,0,1,0,51,1,0,5,sql_injection
2,4,1,200,12.753,16,0,0,0,0,20,0,0,0,normal
0,2,1,200,50.14,17,0,0,0,1,13,0,0,1,bola
0,2,0,404,9.798,10,0,1,1,0,12,0,0,4,debug_access
0,3,1,200,124.616,5,0,0,0,0,33,0,0,0,normal
0,6,1,404,52.345,23,0,0,1,0,73,1,0,7,path_traversal
0,8,0,400,72.531,11,0,0,1,0,57,1,0,7,path_traversal
1,2,0,429,29.877,11,0,0,1,0,15,0,0,6,rate_abuse
0,3,1,403,40.075,9,0,0,1,1,10,0,0,1,bola
1,2,0,200,64.051,9,0,0,0,0,18,0,0,0,normal
0,4,1,200,21.833,12,0,0,0,0,44,0,0,0,normal
1,4,1,200,118.142,17,0,0,0,0,40,0,0,0,normal
2,3,1,200,25.382,21,0,0,0,0,21,0,0,0,normal
1,2,0,401,9.178,19,0,0,1,0,11,0,0,6,rate_abuse
1,1,0,500,86.648,13,0,0,0,0,33,1,1,10,xxe
0,2,1,200,30.714,15,0,0,0,0,10,0,0,0,normal
0,3,1,200,45.567,21,0,0,0,1,10,0,0,1,bola
0,7,1,200,78.113,18,0,0,0,0,43,1,0,7,path_traversal
0,3,1,403,22.315,19,1,0,1,0,20,0,0,3,admin_access
1,2,0,204,63.63,8,0,0,0,0,18,0,0,0,normal
1,1,1,500,84.747,3,0,0,0,0,65,1,1,5,sql_injection
1,2,0,200,31.297,23,0,0,0,0,13,0,0,6,rate_abuse
0,2,0,401,97.014,17,1,0,1,0,10,0,0,3,admin_access
1,1,0,500,322.876,21,0,0,0,0,105,1,1,8,ssrf
1,2,1,200,151.841,8,0,0,0,0,20,0,0,0,normal
1,3,1,200,73.78,11,0,0,0,0,30,0,0,0,normal
3,4,1,200,41.299,20,0,0,0,0,24,0,0,0,normal
0,2,0,200,117.187,21,0,0,0,0,23,0,0,2,jwt_bypass
1,2,1,201,92.377,7,0,0,0,0,22,0,0,0,normal
0,2,1,200,3.686,3,0,0,0,0,20,0,0,0,normal
0,2,1,200,215.486,17,0,0,0,0,10,0,0,0,normal
0,3,1,200,30.455,9,0,0,0,0,33,0,0,0,normal
0,2,0,401,112.636,15,0,0,1,0,22,0,0,2,jwt_bypass
0,2,1,200,55.631,0,0,0,0,0,12,0,0,0,normal
0,2,0,401,101.848,0,0,0,1,0,26,0,0,2,jwt_bypass
1,1,1,200,5.746,13,0,0,0,0,10,0,0,0,normal
0,2,0,200,6.047,20,0,1,0,0,11,0,0,4,debug_access
2,3,1,422,85.699,11,0,0,1,0,18,0,0,0,normal
0,8,1,404,97.256,16,0,0,1,0,62,1,0,7,path_traversal
0,6,0,404,125.052,13,0,0,1,0,82,1,0,7,path_traversal
0,2,0,404,63.569,9,0,1,1,0,10,0,0,4,debug_access
0,1,1,401,71.294,12,0,0,1,0,5,0,0,0,normal
0,1,1,404,21.285,18,0,0,1,0,7,0,0,0,normal
0,3,1,200,59.703,0,0,0,0,0,24,0,0,0,normal
0,3,1,201,118.78,16,0,0,0,0,21,0,0,0,normal
0,2,1,200,337.166,18,0,0,0,0,14,0,0,0,normal
0,2,1,200,20.744,2,0,0,0,1,9,0,0,1,bola
0,4,1,200,83.692,13,0,0,0,0,20,0,0,0,normal
1,3,1,200,25.481,14,0,0,0,0,33,0,0,0,normal
0,2,0,200,111.986,11,0,0,0,0,13,0,0,2,jwt_bypass
1,2,0,401,11.457,19,0,0,1,0,12,0,0,6,rate_abuse
0,1,1,200,77.922,5,0,0,0,0,7,0,0,0,normal
0,5,0,200,4.267,22,0,0,0,0,40,1,0,7,path_traversal
1,4,1,200,93.956,6,0,0,0,0,20,0,0,0,normal
0,2,0,200,19.715,23,0,0,0,0,14,0,0,0,normal
0,2,0,422,52.467,9,0,0,1,0,12,0,0,0,normal
0,2,0,400,92.721,6,0,0,1,0,23,1,0,9,command_injection
0,1,1,400,34.831,23,0,0,1,0,40,1,0,5,sql_injection
0,1,1,200,80.097,20,0,0,0,0,5,0,0,0,normal
0,3,1,200,18.371,20,0,0,0,0,24,0,0,0,normal
1,2,0,429,31.396,12,0,0,1,0,8,0,0,6,rate_abuse
1,2,0,200,35.389,11,0,0,0,0,27,0,0,2,jwt_bypass
0,1,1,400,115.688,20,0,0,1,0,34,1,0,5,sql_injection
1,2,1,400,45.961,10,0,0,1,0,16,0,0,0,normal
1,1,1,200,36.33,8,0,0,0,0,9,0,0,0,normal
0,2,0,200,672.361,23,0,0,0,0,22,0,0,0,normal
4,4,0,200,215.933,8,0,0,0,0,20,0,0,0,normal
0,3,1,200,148.741,10,0,0,0,1,10,0,0,1,bola
1,2,0,429,11.54,17,0,0,1,0,8,0,0,6,rate_abuse
1,3,1,400,221.991,4,0,0,1,0,37,1,0,10,xxe
0,1,0,200,95.871,5,0,0,0,0,36,1,0,9,command_injection
0,3,1,200,160.905,16,0,0,0,1,14,0,0,1,bola
2,4,1,422,27.297,5,0,0,1,0,40,0,0,0,normal
0,2,1,200,13.768,23,0,0,0,0,18,0,0,11,shadow_api
0,2,1,200,6.816,8,0,0,0,0,10,0,0,0,normal
0,3,1,403,13.953,7,0,0,1,1,14,0,0,1,bola
1,2,0,200,88.653,22,0,0,0,0,23,0,0,2,jwt_bypass
0,4,1,200,64.747,5,0,0,0,0,32,0,0,0,normal
0,2,1,200,73.166,19,0,0,0,0,20,0,0,0,normal
1,3,1,200,0.214,8,0,0,0,0,15,0,0,0,normal
0,3,1,403,5.399,20,0,0,1,0,15,0,0,11,shadow_api
0,2,0,200,26.387,23,0,1,0,0,10,0,0,4,debug_access
1,2,0,500,77.618,1,0,0,0,0,52,1,1,5,sql_injection
2,1,1,404,42.205,21,0,0,1,0,11,0,0,0,normal
0,1,1,201,13.889,4,0,0,0,0,9,0,0,0,normal
0,2,0,401,104.943,20,0,0,1,0,10,0,0,2,jwt_bypass
3,2,1,200,13.084,2,0,0,0,0,18,0,0,0,normal
1,2,0,200,8.475,23,0,0,0,0,11,0,0,6,rate_abuse
0,2,1,200,1.563,8,0,0,0,1,10,0,0,1,bola
3,1,1,200,12.634,9,0,0,0,0,9,0,0,0,normal
2,4,1,201,53.361,15,0,0,0,0,36,0,0,0,normal
0,4,1,200,347.567,8,0,0,0,0,40,0,0,0,normal
1,4,1,200,110.643,23,0,0,0,0,36,0,0,0,normal
1,3,0,200,91.392,22,0,0,0,0,14,0,0,11,shadow_api
0,3,0,200,15.717,0,0,0,0,0,24,0,0,0,normal
0,2,1,200,216.137,16,0,0,0,1,13,0,0,1,bola
1,4,0,200,199.844,18,0,0,0,0,44,0,0,0,normal
0,2,0,200,113.877,5,0,0,0,0,29,0,0,2,jwt_bypass
3,3,1,200,69.515,5,0,0,0,0,18,0,0,0,normal
1,4,1,400,94.54,20,0,0,1,0,28,0,0,0,normal
0,3,1,200,43.708,2,0,0,0,0,42,1,0,5,sql_injection
0,2,0,204,96.948,4,0,0,0,0,20,0,0,0,normal
1,2,1,200,66.49,5,0,0,0,0,16,0,0,0,normal
0,3,1,200,121.58,4,0,0,0,0,24,0,0,0,normal
2,3,1,200,53.631,3,0,0,0,0,15,0,0,0,normal
0,2,0,403,30.75,22,1,0,1,0,18,0,0,3,admin_access
0,2,0,200,17.843,17,0,1,0,0,14,0,0,4,debug_access
0,3,0,422,135.418,7,0,0,1,0,27,0,0,0,normal
0,2,0,200,1.789,14,0,1,0,0,13,0,0,4,debug_access
0,3,0,400,39.798,10,0,0,1,0,15,0,0,0,normal
0,3,1,400,193.35,6,0,0,1,0,28,1,0,9,command_injection
3,4,0,422,94.666,14,0,0,1,0,32,0,0,0,normal
0,4,1,200,151.681,23,0,0,0,0,40,0,0,0,normal
1,2,0,201,30.021,14,0,0,0,0,14,0,0,0,normal
0,3,1,200,3.533,14,0,0,0,0,24,0,0,0,normal
0,4,1,200,180.612,14,0,0,0,0,24,0,0,0,normal
1,2,1,201,398.367,10,0,0,0,0,18,0,0,0,normal
1,2,0,200,16.649,0,0,0,0,0,15,0,0,6,rate_abuse
0,2,0,404,75.337,22,0,1,1,0,13,0,0,4,debug_access
0,2,0,200,66.245,7,0,0,0,0,11,0,0,11,shadow_api
1,1,0,201,121.047,12,0,0,0,0,7,0,0,0,normal
0,2,0,200,46.37,16,0,0,0,0,10,0,0,0,normal
0,2,0,200,112.635,18,0,0,0,0,19,0,0,2,jwt_bypass
0,4,1,200,139.919,15,0,0,0,0,44,0,0,0,normal
0,4,0,201,73.879,6,0,0,0,0,36,0,0,0,normal
1,4,1,200,207.553,10,0,0,0,0,40,0,0,0,normal
0,3,0,200,180.46,4,0,0,0,0,24,0,0,0,normal
0,2,0,401,28.867,3,1,0,1,0,10,0,0,3,admin_access
1,1,1,500,274.28,12,0,0,0,0,48,1,1,9,command_injection
1,2,0,429,29.115,5,0,0,1,0,15,0,0,6,rate_abuse
1,2,1,200,163.43,19,0,0,0,0,49,1,0,5,sql_injection
0,2,1,200,13.066,0,0,0,0,0,9,0,0,11,shadow_api
1,3,1,400,3.695,19,0,0,1,0,15,0,0,0,normal
0,3,1,200,61.549,19,0,0,0,0,18,0,0,0,normal
0,2,0,404,25.505,2,0,1,1,0,9,0,0,4,debug_access
0,3,1,401,2.699,16,1,0,1,0,16,0,0,3,admin_access
0,2,0,404,15.857,8,0,1,1,0,10,0,0,4,debug_access
0,3,0,200,0.562,8,1,0,0,0,13,0,0,3,admin_access
0,7,0,404,15.274,18,0,0,1,0,37,1,0,7,path_traversal
3,4,1,200,40.301,3,0,0,0,0,28,0,0,0,normal
0,3,1,200,196.251,19,0,0,0,0,33,0,0,0,normal
1,2,1,400,151.354,0,0,0,1,0,20,0,0,0,normal
0,3,0,401,58.627,14,1,0,1,0,12,0,0,3,admin_access
0,3,1,200,87.785,17,0,0,0,1,15,0,0,1,bola
1,2,0,429,31.141,4,0,0,1,0,12,0,0,6,rate_abuse
0,1,1,200,85.207,3,0,0,0,0,5,0,0,0,normal
1,2,1,422,158.723,14,0,0,1,0,14,0,0,0,normal
0,2,0,404,97.603,1,0,1,1,0,12,0,0,4,debug_access
0,3,0,404,114.453,14,0,0,1,0,15,0,0,0,normal
0,2,0,200,49.228,0,0,0,0,0,23,0,0,2,jwt_bypass
0,3,1,200,74.212,1,0,0,0,0,13,0,0,11,shadow_api
0,1,1,201,81.309,23,0,0,0,0,9,0,0,0,normal
2,2,1,200,99.943,3,0,0,0,0,18,0,0,0,normal
0,2,0,500,45.68,11,0,0,0,0,46,1,1,5,sql_injection
0,3,1,200,17.19,11,0,0,0,1,13,0,0,1,bola
0,6,0,400,2.786,16,0,0,1,0,88,1,0,7,path_traversal
0,2,1,422,162.181,1,0,0,1,0,22,0,0,0,normal
1,2,0,429,11.515,13,0,0,1,0,12,0,0,6,rate_abuse
1,2,0,429,10.1,5,0,0,1,0,12,0,0,6,rate_abuse
0,3,1,200,169.244,8,0,0,0,0,33,0,0,0,normal
0,3,0,401,49.099,9,1,0,1,0,16,0,0,3,admin_access
0,1,1,200,72.272,2,0,0,0,0,7,0,0,0,normal
0,1,1,200,102.189,16,0,0,0,0,6,0,0,0,normal
2,3,1,200,59.349,15,0,0,0,0,15,0,0,0,normal
1,1,1,500,132.532,14,0,0,0,0,50,1,1,5,sql_injection
0,1,1,200,106.048,9,0,0,0,0,8,0,0,0,normal
0,1,1,200,122.063,22,0,0,0,0,10,0,0,0,normal
0,2,1,200,96.085,8,0,0,0,0,16,0,0,0,normal
0,2,0,200,483.465,3,0,0,0,0,25,1,0,5,sql_injection
0,3,1,200,96.197,15,0,0,0,1,14,0,0,1,bola
0,3,1,200,89.191,5,0,0,0,1,11,0,0,1,bola
1,2,0,200,24.027,7,0,0,0,0,16,0,0,6,rate_abuse
0,2,1,201,144.806,18,0,0,0,0,12,0,0,0,normal
0,4,1,200,23.336,3,0,0,0,0,20,0,0,0,normal
0,2,1,200,44.131,6,0,0,0,1,19,0,0,1,bola
1,1,1,200,4.301,14,0,0,0,0,8,0,0,0,normal
3,1,1,200,76.703,8,0,0,0,0,9,0,0,0,normal
0,2,0,200,23.484,14,0,1,0,0,9,0,0,4,debug_access
0,3,1,200,92.231,11,0,0,0,0,15,0,0,0,normal
0,4,1,401,49.198,7,0,0,1,0,32,0,0,0,normal
0,2,0,201,80.858,0,0,0,0,0,22,0,0,0,normal
0,4,0,200,3.409,11,0,0,0,0,44,0,0,0,normal
3,4,1,200,91.896,13,0,0,0,0,20,0,0,0,normal
0,2,1,200,4.197,15,0,0,0,1,12,0,0,1,bola
0,1,1,200,49.275,7,0,0,0,0,5,0,0,0,normal
0,4,0,200,149.778,1,0,0,0,0,32,0,0,0,normal
0,3,1,200,109.362,16,0,0,0,1,14,0,0,1,bola
0,1,1,200,151.77,14,0,0,0,0,7,0,0,0,normal
1,2,1,200,6.045,2,0,0,0,0,14,0,0,0,normal
0,3,1,200,86.646,22,0,0,0,1,11,0,0,1,bola
0,2,1,200,125.488,8,0,0,0,0,18,0,0,0,normal
0,2,1,200,270.552,11,0,0,0,0,12,0,0,0,normal
1,1,1,200,27.169,11,0,0,0,0,7,0,0,0,normal
2,1,1,200,18.353,12,0,0,0,0,5,0,0,0,normal
0,3,1,200,20.741,13,0,0,0,1,18,0,0,1,bola
2,3,1,201,258.266,4,0,0,0,0,24,0,0,0,normal
0,1,0,200,5.843,11,0,0,0,0,69,1,0,5,sql_injection
1,3,1,200,47.358,10,0,0,0,0,30,0,0,0,normal
0,2,0,200,122.407,14,1,0,0,0,23,0,0,3,admin_access
1,3,1,200,12.031,15,0,0,0,0,33,0,0,0,normal
1,2,0,500,60.207,1,0,0,0,0,53,1,1,8,ssrf
3,4,1,200,24.814,10,0,0,0,0,32,0,0,0,normal
2,4,1,200,99.35,23,0,0,0,0,36,0,0,0,normal
0,1,0,200,226.954,13,0,0,0,0,82,1,0,8,ssrf
0,2,1,201,106.765,15,0,0,0,0,22,0,0,0,normal
4,1,0,200,27.857,20,0,0,0,0,8,0,0,0,normal
0,3,1,200,68.412,15,0,0,0,0,33,0,0,0,normal
0,4,1,200,33.608,17,0,0,0,0,28,0,0,0,normal
3,2,0,201,32.518,14,0,0,0,0,22,0,0,0,normal
1,2,0,200,117.03,11,0,0,0,0,14,0,0,2,jwt_bypass
2,1,1,200,95.918,2,0,0,0,0,10,0,0,0,normal
0,3,1,401,50.367,17,1,0,1,0,10,0,0,3,admin_access
1,1,1,200,240.118,23,0,0,0,0,31,1,0,10,xxe
0,3,1,403,44.256,15,0,0,1,1,18,0,0,1,bola
0,1,1,400,13.22,22,0,0,1,0,7,0,0,0,normal
2,2,1,422,134.13,22,0,0,1,0,16,0,0,0,normal
0,2,0,404,23.424,21,0,1,1,0,16,0,0,4,debug_access
0,1,1,200,55.784,16,0,0,0,0,6,0,0,0,normal
1,3,1,200,83.565,3,0,0,0,0,15,0,0,0,normal
0,2,1,200,284.102,2,0,0,0,1,12,0,0,1,bola
0,3,1,200,32.954,3,0,0,0,0,24,0,0,0,normal
0,2,0,404,142.399,1,0,1,1,0,8,0,0,4,debug_access
1,2,0,429,21.238,12,0,0,1,0,16,0,0,6,rate_abuse
1,4,1,201,10.134,16,0,0,0,0,44,0,0,0,normal
3,1,1,200,108.519,0,0,0,0,0,6,0,0,0,normal
1,3,1,200,81.944,7,0,0,0,0,33,0,0,0,normal
1,3,1,200,69.861,11,0,0,0,0,33,0,0,0,normal
0,2,0,200,76.703,7,0,0,0,0,12,0,0,0,normal
0,3,1,200,86.314,2,0,0,0,0,24,0,0,0,normal
1,4,1,401,94.083,8,0,0,1,0,32,0,0,0,normal
1,2,0,403,79.336,8,0,0,1,0,19,0,0,2,jwt_bypass
1,2,0,201,17.483,21,0,0,0,0,20,0,0,0,normal
0,3,1,200,16.011,14,0,0,0,0,17,0,0,11,shadow_api
0,4,1,404,33.817,9,0,0,1,0,57,1,0,7,path_traversal
1,2,1,200,88.488,16,0,0,0,0,16,0,0,0,normal
0,1,1,400,43.957,9,0,0,1,0,7,0,0,0,normal
1,4,1,200,57.665,21,0,0,0,0,32,0,0,0,normal
0,3,1,422,48.385,8,0,0,1,0,21,0,0,0,normal
2,2,1,200,162.035,10,0,0,0,0,12,0,0,0,normal
1,2,0,200,54.694,2,0,0,0,0,19,0,0,2,jwt_bypass
1,4,0,200,40.799,13,0,0,0,0,36,0,0,0,normal
1,2,1,500,62.25,23,0,0,0,0,37,1,1,5,sql_injection
0,3,1,400,260.484,1,0,0,1,0,21,0,0,0,normal
1,2,0,500,92.161,11,0,0,0,0,40,1,1,5,sql_injection
0,3,1,500,284.461,16,0,0,0,0,71,1,1,8,ssrf
4,3,0,200,123.237,9,0,0,0,0,24,0,0,0,normal
0,5,1,404,24.566,7,0,0,1,0,43,1,0,7,path_traversal
0,1,1,200,73.495,14,0,0,0,0,5,0,0,0,normal
1,1,1,200,97.297,20,0,0,0,0,66,1,0,5,sql_injection
0,3,0,200,32.498,12,0,0,0,0,15,0,0,0,normal
1,2,0,401,18.673,6,0,0,1,0,17,0,0,6,rate_abuse
0,2,1,200,17.59,3,0,0,0,0,14,0,0,0,normal
0,2,0,200,233.673,15,0,0,0,0,59,1,0,9,command_injection
1,1,0,400,50.941,18,0,0,1,0,60,1,0,5,sql_injection
1,4,1,422,43.608,20,0,0,1,0,44,0,0,0,normal
3,3,1,200,2.544,11,0,0,0,0,27,0,0,0,normal
1,3,0,500,177.105,18,0,0,0,0,42,1,1,10,xxe
0,4,1,201,277.603,1,0,0,0,0,20,0,0,0,normal
0,2,1,200,1.611,4,0,0,0,1,14,0,0,1,bola
0,2,1,200,55.573,19,0,0,0,1,12,0,0,1,bola
0,3,0,403,59.267,9,1,0,1,0,14,0,0,3,admin_access
0,3,1,200,33.593,20,0,0,0,0,58,1,0,5,sql_injection
0,2,0,403,178.852,23,0,0,1,0,16,0,0,11,shadow_api
3,2,1,204,218.79,13,0,0,0,0,12,0,0,0,normal
0,2,1,404,52.286,7,0,0,1,0,16,0,0,0,normal
1,1,1,500,234.857,22,0,0,0,0,64,1,1,8,ssrf
1,4,1,200,32.033,8,0,0,0,0,36,0,0,0,normal
0,2,1,200,121.575,16,0,0,0,0,20,0,0,0,normal
1,1,1,200,61.745,16,0,0,0,0,8,0,0,0,normal
0,4,1,200,5.172,23,0,0,0,0,24,0,0,0,normal
1,2,0,429,5.35,8,0,0,1,0,16,0,0,6,rate_abuse
0,3,1,200,62.065,2,0,0,0,0,21,0,0,0,normal
0,3,1,200,150.916,19,0,0,0,1,16,0,0,1,bola
0,1,1,400,18.141,11,0,0,1,0,59,1,0,5,sql_injection
1,3,0,200,51.055,11,0,0,0,0,27,0,0,0,normal
0,2,0,200,40.589,14,0,1,0,0,8,0,0,4,debug_access
1,3,0,500,53.637,15,0,0,0,0,32,1,1,5,sql_injection
0,4,1,200,47.749,14,0,0,0,0,32,0,0,0,normal
0,2,0,200,59.077,14,0,0,0,0,25,0,0,2,jwt_bypass
0,1,1,404,230.059,10,0,0,1,0,7,0,0,0,normal
1,3,1,400,29.68,5,0,0,1,0,59,1,0,9,command_injection
3,1,1,200,94.997,6,0,0,0,0,11,0,0,0,normal
1,3,1,200,52.194,4,0,0,0,0,13,0,0,11,shadow_api
0,1,1,204,93.844,23,0,0,0,0,11,0,0,0,normal
0,3,1,400,288.398,8,0,0,1,0,48,1,0,8,ssrf
0,1,0,400,63.166,21,0,0,1,0,84,1,0,8,ssrf
1,2,0,429,14.374,4,0,0,1,0,10,0,0,6,rate_abuse
0,3,1,403,11.326,20,1,0,1,0,12,0,0,3,admin_access
0,1,0,200,16.975,18,0,0,0,0,6,0,0,0,normal
3,1,1,200,46.191,14,0,0,0,0,9,0,0,0,normal
1,2,0,200,79.779,11,0,0,0,0,28,0,0,2,jwt_bypass
0,3,1,200,366.943,20,0,0,0,0,19,0,0,11,shadow_api
0,1,0,200,67.329,23,0,0,0,0,8,0,0,0,normal
0,1,1,200,155.392,3,0,0,0,0,7,0,0,0,normal
1,2,0,401,23.472,11,0,0,1,0,12,0,0,6,rate_abuse
1,2,0,422,136.648,22,0,0,1,0,20,0,0,0,normal
2,4,1,422,0.097,2,0,0,1,0,20,0,0,0,normal
2,3,1,200,0.388,16,0,0,0,0,24,0,0,0,normal
1,3,1,200,73.578,13,0,0,0,0,58,1,0,10,xxe
1,2,0,429,31.556,13,0,0,1,0,8,0,0,6,rate_abuse
0,2,1,403,63.357,22,0,0,1,1,15,0,0,1,bola
0,2,1,401,42.602,21,1,0,1,0,12,0,0,3,admin_access
0,4,1,200,32.125,8,0,0,0,0,24,0,0,0,normal
0,2,0,404,78.44,2,0,1,1,0,15,0,0,4,debug_access
0,2,0,200,21.038,1,0,1,0,0,14,0,0,4,debug_access
0,4,1,200,17.773,10,0,0,0,0,44,0,0,0,normal
0,3,1,200,48.428,20,0,0,0,1,9,0,0,1,bola
0,3,1,200,57.784,16,0,0,0,1,11,0,0,1,bola
0,2,0,200,53.048,17,0,0,0,0,13,0,0,2,jwt_bypass
0,1,0,200,46.39,17,0,0,0,0,6,0,0,0,normal
0,2,0,401,59.406,21,0,0,1,0,19,0,0,2,jwt_bypass
1,4,1,200,3.329,21,0,0,0,0,36,0,0,0,normal
3,3,1,200,54.025,21,0,0,0,0,33,0,0,0,normal
0,4,1,404,131.133,5,0,0,1,0,44,0,0,0,normal
0,2,0,404,37.521,15,0,0,1,0,22,0,0,0,normal
1,3,1,400,10.668,3,0,0,1,0,40,1,0,9,command_injection
0,2,1,200,9.278,20,0,0,0,0,10,0,0,0,normal
1,2,0,429,19.858,17,0,0,1,0,15,0,0,6,rate_abuse
4,3,1,200,42.915,6,0,0,0,0,30,0,0,0,normal
1,1,1,200,25.48,17,0,0,0,0,5,0,0,0,normal
0,3,1,401,13.09,13,1,0,1,0,23,0,0,3,admin_access
0,3,0,403,3.533,2,1,0,1,0,23,0,0,3,admin_access
1,2,0,429,27.984,7,0,0,1,0,14,0,0,6,rate_abuse
1,1,0,200,51.811,6,0,0,0,0,71,1,0,10,xxe
0,2,1,403,150.011,20,1,0,1,0,10,0,0,3,admin_access
0,3,1,200,128.588,16,0,0,0,0,33,0,0,0,normal
1,3,1,400,258.618,21,0,0,1,0,49,1,0,10,xxe
0,3,1,422,3.13,3,0,0,1,0,15,0,0,0,normal
0,3,1,200,114.644,15,0,0,0,1,11,0,0,1,bola
1,4,1,422,82.355,17,0,0,1,0,20,0,0,0,normal
0,3,1,200,113.036,11,0,0,0,0,20,0,0,11,shadow_api
0,3,1,200,223.328,15,0,0,0,0,15,0,0,0,normal
0,3,1,401,2.891,19,0,0,1,0,15,0,0,0,normal
0,3,1,200,109.817,18,1,0,0,0,20,0,0,3,admin_access
1,1,1,200,59.225,0,0,0,0,0,11,0,0,0,normal
0,2,0,200,134.594,10,0,0,0,0,12,0,0,0,normal
0,2,0,200,10.948,1,0,1,0,0,15,0,0,4,debug_access
0,2,1,200,195.369,18,0,0,0,0,16,0,0,0,normal
0,2,0,200,130.569,20,0,0,0,0,12,0,0,11,shadow_api
1,3,1,200,42.128,1,0,0,0,0,30,0,0,0,normal
2,2,1,200,193.658,5,0,0,0,0,14,0,0,0,normal
0,2,0,403,113.115,2,0,0,1,0,18,0,0,2,jwt_bypass
0,3,1,200,81.66,22,0,0,0,0,33,0,0,0,normal
0,1,1,200,85.965,20,0,0,0,0,10,0,0,0,normal
1,2,1,200,34.687,23,0,0,0,0,12,0,0,0,normal
0,3,1,200,68.982,10,0,0,0,0,21,0,0,0,normal
1,2,1,404,70.403,5,0,0,1,0,22,0,0,0,normal
1,4,1,401,31.037,23,0,0,1,0,40,0,0,0,normal
0,6,0,404,79.635,17,0,0,1,0,61,1,0,7,path_traversal
0,6,0,400,191.466,17,0,0,1,0,61,1,0,7,path_traversal
0,5,0,404,93.589,14,0,0,1,0,37,1,0,7,path_traversal
0,3,0,401,253.209,17,1,0,1,0,17,0,0,3,admin_access
3,4,0,204,88.237,1,0,0,0,0,20,0,0,0,normal
0,1,1,200,369.059,1,0,0,0,0,11,0,0,0,normal
0,2,1,200,265.573,13,0,0,0,1,9,0,0,1,bola
0,2,0,404,8.493,0,0,1,1,0,8,0,0,4,debug_access
0,2,1,200,173.344,6,0,0,0,0,16,0,0,0,normal
0,4,1,204,130.765,7,0,0,0,0,32,0,0,0,normal
1,1,0,500,190.437,0,0,0,0,0,92,1,1,8,ssrf
0,2,0,200,79.149,9,0,0,0,0,10,0,0,0,normal
0,1,1,200,143.904,18,0,0,0,0,8,0,0,0,normal
1,1,1,500,122.633,22,0,0,0,0,25,1,1,5,sql_injection
2,2,1,200,474.846,12,0,0,0,0,16,0,0,0,normal
4,3,0,200,123.001,5,0,0,0,0,21,0,0,0,normal
1,2,0,429,15.218,3,0,0,1,0,14,0,0,6,rate_abuse
0,3,1,200,11.357,0,0,0,0,1,8,0,0,1,bola
3,4,0,401,26.516,17,0,0,1,0,44,0,0,0,normal
0,2,1,400,80.691,18,0,0,1,0,36,1,0,9,command_injection
1,3,0,400,6.818,3,0,0,1,0,33,1,0,9,command_injection
0,1,1,200,44.713,18,0,0,0,0,8,0,0,0,normal
0,3,1,200,71.232,16,0,0,0,0,72,1,0,8,ssrf
0,4,1,200,10.299,7,0,0,0,0,24,0,0,0,normal
0,2,1,401,86.203,20,0,0,1,0,14,0,0,0,normal
4,4,1,200,319.564,11,0,0,0,0,40,0,0,0,normal
0,3,0,200,68.836,20,0,0,0,0,26,1,0,5,sql_injection
2,2,0,200,65.653,17,0,0,0,0,14,0,0,0,normal
1,2,0,200,65.941,0,0,0,0,0,14,0,0,2,jwt_bypass
0,3,1,500,544.733,1,0,0,0,0,27,1,1,9,command_injection
0,3,1,200,22.73,4,0,0,0,1,14,0,0,1,bola
0,8,0,404,60.74,18,0,0,1,0,80,1,0,7,path_traversal
0,2,0,200,98.607,23,0,1,0,0,11,0,0,4,debug_access
2,1,0,200,395.759,19,0,0,0,0,7,0,0,0,normal
0,1,0,200,65.832,19,0,0,0,0,34,1,0,9,command_injection
0,2,0,200,107.37,11,0,0,0,0,18,0,0,2,jwt_bypass
0,2,1,200,58.06,11,0,0,0,0,16,0,0,0,normal
3,3,1,400,56.209,16,0,0,1,0,30,0,0,0,normal
0,1,1,404,249.168,15,0,0,1,0,7,0,0,0,normal
1,2,0,401,19.993,15,0,0,1,0,12,0,0,6,rate_abuse
4,3,1,200,45.502,15,0,0,0,0,27,0,0,0,normal
0,1,1,200,358.742,11,0,0,0,0,108,1,0,8,ssrf
0,2,1,200,83.668,20,0,0,0,0,20,0,0,0,normal
0,3,1,200,220.64,10,0,0,0,0,30,0,0,0,normal
0,3,1,200,10.61,18,0,0,0,1,15,0,0,1,bola
0,1,0,200,84.304,0,0,0,0,0,106,1,0,8,ssrf
1,1,1,404,227.644,15,0,0,1,0,5,0,0,0,normal
0,1,0,200,180.806,8,0,0,0,0,5,0,0,0,normal
0,1,1,200,94.369,20,0,0,0,0,5,0,0,0,normal
0,4,1,200,169.941,16,0,0,0,0,20,0,0,0,normal
1,1,1,201,133.212,22,0,0,0,0,9,0,0,0,normal
1,2,0,429,21.088,1,0,0,1,0,17,0,0,6,rate_abuse
2,1,1,201,223.994,2,0,0,0,0,11,0,0,0,normal
0,6,0,404,101.642,4,0,0,1,0,32,1,0,7,path_traversal
0,1,1,200,141.645,14,0,0,0,0,57,1,0,9,command_injection
0,3,0,422,281.511,9,0,0,1,0,24,0,0,0,normal
1,2,0,403,29.695,10,0,0,1,0,28,0,0,2,jwt_bypass
2,2,1,200,79.352,18,0,0,0,0,12,0,0,0,normal
0,2,0,401,87.284,3,0,0,1,0,24,0,0,2,jwt_bypass
0,3,1,200,112.265,16,0,0,0,0,21,0,0,0,normal
0,1,1,500,17.832,11,0,0,0,0,55,1,1,9,command_injection
1,3,0,500,371.806,8,0,0,0,0,89,1,1,8,ssrf
1,2,1,500,60.526,6,0,0,0,0,24,1,1,9,command_injection
0,4,1,200,85.744,5,0,0,0,0,24,0,0,0,normal
0,3,1,200,52.737,0,0,0,0,0,30,0,0,0,normal
0,1,1,200,9.99,8,0,0,0,0,5,0,0,0,normal
1,4,1,200,293.955,1,0,0,0,0,44,0,0,0,normal
1,3,0,404,140.204,13,0,0,1,0,24,0,0,0,normal
0,1,0,404,115.477,21,0,0,1,0,11,0,0,0,normal
0,4,0,401,71.202,23,0,0,1,0,32,0,0,0,normal
0,3,1,200,59.179,22,0,0,0,1,15,0,0,1,bola
0,3,1,200,177.114,9,1,0,0,0,19,0,0,3,admin_access
0,8,0,400,12.049,1,0,0,1,0,61,1,0,7,path_traversal
0,1,1,401,192.66,2,0,0,1,0,8,0,0,0,normal
0,4,1,200,37.118,13,0,0,0,0,44,0,0,0,normal
0,2,0,401,43.415,2,0,0,1,0,15,0,0,2,jwt_bypass
0,3,0,200,12.74,15,0,0,0,0,30,0,0,0,normal
0,3,1,401,58.116,21,0,0,1,0,33,0,0,0,normal
0,1,1,200,88.826,7,0,0,0,0,5,0,0,0,normal
0,2,1,400,3.35,18,0,0,1,0,14,0,0,0,normal
0,3,1,400,183.656,9,0,0,1,0,27,0,0,0,normal
1,3,1,200,26.308,18,0,0,0,0,18,0,0,0,normal
1,2,0,401,31.149,22,0,0,1,0,17,0,0,6,rate_abuse
1,3,1,200,77.194,12,0,0,0,0,21,0,0,0,normal
2,3,1,201,32.787,7,0,0,0,0,30,0,0,0,normal
0,4,1,200,115.948,2,0,0,0,0,20,0,0,0,normal
0,2,1,200,49.617,1,0,0,0,1,17,0,0,1,bola
3,1,1,200,287.634,19,0,0,0,0,5,0,0,0,normal
2,2,1,204,27.673,5,0,0,0,0,20,0,0,0,normal
3,1,1,404,109.333,16,0,0,1,0,7,0,0,0,normal
1,2,1,200,64.809,3,0,0,0,0,10,0,0,0,normal
2,3,1,200,13.871,6,0,0,0,0,30,0,0,0,normal
0,4,0,200,97.645,6,0,0,0,0,32,0,0,0,normal
0,4,1,200,53.47,21,0,0,0,0,40,0,0,0,normal
0,2,0,200,0.23,15,0,1,0,0,9,0,0,4,debug_access
0,2,0,401,4.066,9,1,0,1,0,16,0,0,3,admin_access
1,2,0,200,380.739,0,0,0,0,0,57,1,0,8,ssrf
0,1,0,201,43.295,23,0,0,0,0,7,0,0,0,normal
4,4,0,200,34.645,17,0,0,0,0,32,0,0,0,normal
1,2,0,400,168.273,21,0,0,1,0,60,1,0,8,ssrf
1,2,0,200,103.586,11,0,0,0,0,12,0,0,0,normal
0,2,0,401,35.432,14,1,0,1,0,11,0,0,3,admin_access
3,3,1,404,233.673,5,0,0,1,0,15,0,0,0,normal
1,2,0,429,9.87,16,0,0,1,0,14,0,0,6,rate_abuse
2,2,0,422,6.961,5,0,0,1,0,14,0,0,0,normal
1,2,0,200,7.943,23,0,0,0,0,12,0,0,6,rate_abuse
3,3,1,200,19.532,23,0,0,0,0,24,0,0,0,normal
0,2,1,200,62.435,15,0,0,0,0,16,0,0,0,normal
2,3,1,200,16.619,7,0,0,0,0,24,0,0,0,normal
0,3,1,401,282.164,20,0,0,1,0,21,0,0,0,normal
0,3,1,403,80.476,14,0,0,1,1,17,0,0,1,bola
0,6,1,404,0.947,9,0,0,1,0,82,1,0,7,path_traversal
0,2,0,200,121.668,23,0,0,0,0,10,0,0,0,normal
1,3,1,204,207.782,14,0,0,0,0,15,0,0,0,normal
0,3,1,200,94.206,9,0,0,0,1,11,0,0,1,bola
0,1,1,404,1.142,8,0,0,1,0,10,0,0,0,normal
1,2,1,200,54.889,18,0,0,0,0,12,0,0,0,normal
2,3,0,200,10.331,10,0,0,0,0,15,0,0,0,normal
3,2,0,200,119.305,21,0,0,0,0,14,0,0,0,normal
1,3,1,200,29.646,11,0,0,0,0,15,0,0,0,normal
1,2,0,500,366.271,1,0,0,0,0,99,1,1,8,ssrf
0,2,0,403,95.052,16,0,0,1,0,18,0,0,2,jwt_bypass
0,4,0,200,6.683,19,0,0,0,0,20,0,0,0,normal
1,4,0,200,237.547,4,0,0,0,0,32,0,0,0,normal
0,3,1,400,18.121,19,0,0,1,0,15,0,0,0,normal
1,1,0,500,112.312,4,0,0,0,0,34,1,1,9,command_injection
0,2,0,200,72.702,7,0,0,0,0,22,0,0,0,normal
1,1,0,200,149.55,16,0,0,0,0,86,1,0,8,ssrf
1,1,1,500,238.165,3,0,0,0,0,54,1,1,8,ssrf
0,1,0,200,25.471,21,0,0,0,0,29,1,0,9,command_injection
0,3,1,500,262.49,3,0,0,0,0,48,1,1,9,command_injection
1,1,0,400,173.249,7,0,0,1,0,90,1,0,8,ssrf
0,4,1,200,20.913,2,0,0,0,0,24,0,0,0,normal
0,2,0,500,437.378,7,0,0,0,0,38,1,1,9,command_injection
0,1,1,400,85.106,18,0,0,1,0,41,1,0,5,sql_injection
0,3,0,500,2.245,15,0,0,0,0,48,1,1,5,sql_injection
0,2,0,401,65.207,11,0,0,1,0,14,0,0,2,jwt_bypass
0,3,1,200,286.185,14,1,0,0,0,13,0,0,3,admin_access
2,2,0,200,83.234,22,0,0,0,0,14,0,0,0,normal
1,1,0,400,99.876,6,0,0,1,0,38,1,0,10,xxe
1,2,1,200,203.321,12,0,0,0,0,18,0,0,0,normal
0,2,0,200,87.068,20,0,0,0,0,22,0,0,2,jwt_bypass
0,1,1,404,43.623,11,0,0,1,0,11,0,0,0,normal
0,2,1,401,63.328,20,1,0,1,0,23,0,0,3,admin_access
1,1,1,200,85.326,23,0,0,0,0,66,1,0,10,xxe
0,2,1,200,35.802,3,1,0,0,0,13,0,0,3,admin_access
1,3,0,403,28.526,10,0,0,1,0,19,0,0,11,shadow_api
0,2,0,404,57.734,13,0,1,1,0,14,0,0,4,debug_access
0,5,0,400,131.082,1,0,0,1,0,46,1,0,7,path_traversal
1,2,0,200,28.219,21,0,0,0,0,16,0,0,6,rate_abuse
0,2,0,200,110.907,19,0,0,0,0,15,0,0,2,jwt_bypass
1,2,1,500,69.712,10,0,0,0,0,28,1,1,5,sql_injection
0,2,1,200,176.243,0,0,0,0,0,16,0,0,0,normal
1,1,1,401,36.654,10,0,0,1,0,9,0,0,0,normal
0,4,1,200,28.548,11,0,0,0,0,32,0,0,0,normal
0,3,1,200,8.659,19,0,0,0,0,30,0,0,0,normal
1,4,1,422,45.792,10,0,0,1,0,40,0,0,0,normal
2,1,1,200,77.66,2,0,0,0,0,11,0,0,0,normal
0,2,1,200,67.643,19,0,0,0,0,20,0,0,0,normal
3,1,1,422,247.473,9,0,0,1,0,5,0,0,0,normal
0,2,0,200,10.586,11,0,1,0,0,16,0,0,4,debug_access
0,2,1,401,48.419,15,1,0,1,0,19,0,0,3,admin_access
0,2,1,401,77.621,13,0,0,1,0,20,0,0,0,normal
0,3,1,200,58.215,19,0,0,0,1,16,0,0,1,bola
4,3,0,201,178.866,5,0,0,0,0,27,0,0,0,normal
1,1,0,200,93.439,7,0,0,0,0,5,0,0,0,normal
0,4,1,200,240.589,21,0,0,0,0,44,0,0,0,normal
3,4,0,200,140.057,11,0,0,0,0,40,0,0,0,normal
0,2,0,200,49.491,20,0,0,0,0,10,0,0,0,normal
1,3,1,200,82.821,4,0,0,0,0,33,0,0,0,normal
0,1,0,200,71.821,18,0,0,0,0,10,0,0,0,normal
1,1,1,200,42.873,21,0,0,0,0,8,0,0,0,normal
1,1,0,200,92.788,4,0,0,0,0,7,0,0,0,normal
0,3,1,200,279.236,14,0,0,0,0,15,0,0,0,normal
1,3,0,200,27.586,18,0,0,0,0,21,0,0,0,normal
1,2,0,200,14.108,22,0,0,0,0,10,0,0,6,rate_abuse
1,1,1,204,51.24,2,0,0,0,0,6,0,0,0,normal
1,3,0,500,172.822,16,0,0,0,0,48,1,1,8,ssrf
1,1,1,200,233.03,16,0,0,0,0,11,0,0,0,normal
1,3,0,403,160.655,16,0,0,1,0,15,0,0,11,shadow_api
0,3,0,400,6.471,2,0,0,1,0,56,1,0,5,sql_injection
1,4,0,200,103.136,17,0,0,0,0,44,0,0,0,normal
1,2,0,429,10.36,20,0,0,1,0,12,0,0,6,rate_abuse
0,4,1,200,60.406,4,0,0,0,0,44,0,0,0,normal
0,2,0,200,221.535,3,0,0,0,0,14,0,0,0,normal
0,4,1,200,13.593,1,0,0,0,0,28,0,0,0,normal
1,2,0,500,92.22,22,0,0,0,0,45,1,1,10,xxe
1,2,1,204,61.964,12,0,0,0,0,20,0,0,0,normal
0,1,1,200,176.091,18,0,0,0,0,11,0,0,0,normal
0,1,1,200,25.328,10,0,0,0,0,5,0,0,0,normal
0,4,0,404,42.834,11,0,0,1,0,86,1,0,7,path_traversal
1,3,1,200,49.148,14,0,0,0,0,33,0,0,0,normal
0,2,1,500,131.27,8,0,0,0,0,25,1,1,9,command_injection
1,4,0,200,36.301,2,0,0,0,0,20,0,0,0,normal
0,4,0,422,62.845,2,0,0,1,0,32,0,0,0,normal
0,2,0,403,21.145,2,1,0,1,0,17,0,0,3,admin_access
0,5,1,400,17.747,16,0,0,1,0,76,1,0,7,path_traversal
0,3,1,422,21.627,13,0,0,1,0,27,0,0,0,normal
0,2,0,500,335.825,0,0,0,0,0,95,1,1,8,ssrf
1,2,0,400,88.218,17,0,0,1,0,26,1,0,5,sql_injection
2,1,1,200,24.079,2,0,0,0,0,9,0,0,0,normal
0,2,0,200,108.611,7,0,0,0,0,10,0,0,0,normal
1,2,0,200,64.458,1,0,0,0,0,25,0,0,2,jwt_bypass
1,2,0,500,212.014,5,0,0,0,0,68,1,1,10,xxe
1,2,1,201,78.406,0,0,0,0,0,20,0,0,0,normal
0,2,0,200,79.12,12,0,0,0,0,56,1,0,5,sql_injection
0,3,1,200,78.933,18,0,0,0,1,11,0,0,1,bola
2,2,1,422,156.654,20,0,0,1,0,14,0,0,0,normal
1,1,0,400,47.009,2,0,0,1,0,65,1,0,10,xxe
0,3,1,200,57.066,5,0,0,0,0,30,0,0,0,normal
3,3,1,200,44.852,7,0,0,0,0,27,0,0,0,normal
0,1,1,200,128.464,18,0,0,0,0,10,0,0,0,normal
0,4,1,200,57.829,12,0,0,0,0,36,0,0,0,normal
1,2,1,200,373.359,21,0,0,0,0,20,0,0,0,normal
1,3,1,200,46.032,14,0,0,0,0,33,0,0,0,normal
2,4,1,200,25.098,15,0,0,0,0,24,0,0,0,normal
1,2,0,422,15.626,11,0,0,1,0,10,0,0,0,normal
0,2,0,200,4.497,21,0,0,0,0,25,1,0,9,command_injection
3,3,1,200,33.567,19,0,0,0,0,18,0,0,0,normal
1,2,1,500,165.4,11,0,0,0,0,42,1,1,10,xxe
0,2,1,403,16.975,23,0,0,1,1,8,0,0,1,bola
1,2,0,401,111.204,9,0,0,1,0,25,0,0,2,jwt_bypass
4,3,1,200,56.335,14,0,0,0,0,33,0,0,0,normal
0,3,1,200,107.864,21,0,0,0,0,25,1,0,9,command_injection
1,2,0,429,8.966,20,0,0,1,0,8,0,0,6,rate_abuse
3,4,1,422,32.909,5,0,0,1,0,32,0,0,0,normal
0,4,0,201,37.147,12,0,0,0,0,20,0,0,0,normal
0,5,1,400,111.688,20,0,0,1,0,55,1,0,7,path_traversal
0,4,0,200,191.334,23,0,0,0,0,36,0,0,0,normal
0,3,0,403,121.659,10,1,0,1,0,22,0,0,3,admin_access
1,4,1,200,126.359,11,0,0,0,0,20,0,0,0,normal
3,3,1,400,23.717,0,0,0,1,0,24,0,0,0,normal
0,1,1,400,70.145,3,0,0,1,0,32,1,0,5,sql_injection
1,2,0,429,20.823,3,0,0,1,0,9,0,0,6,rate_abuse
0,2,0,200,99.641,1,0,0,0,0,22,0,0,2,jwt_bypass
0,2,0,403,81.36,9,1,0,1,0,19,0,0,3,admin_access
0,2,1,200,69.176,2,0,0,0,0,18,0,0,0,normal
0,2,0,200,25.388,19,0,0,0,0,23,0,0,2,jwt_bypass
0,2,0,200,11.272,6,0,1,0,0,8,0,0,4,debug_access
0,1,1,404,276.733,15,0,0,1,0,5,0,0,0,normal
3,4,1,400,117.514,6,0,0,1,0,24,0,0,0,normal
1,3,1,404,15.919,12,0,0,1,0,27,0,0,0,normal
0,4,1,204,266.228,4,0,0,0,0,32,0,0,0,normal
1,3,1,200,139.007,8,0,0,0,0,15,0,0,0,normal
1,4,1,404,136.883,14,0,0,1,0,24,0,0,0,normal
0,1,0,200,368.807,22,0,0,0,0,10,0,0,0,normal
0,2,0,404,94.288,3,0,1,1,0,14,0,0,4,debug_access
4,1,0,400,117.982,11,0,0,1,0,6,0,0,0,normal
1,2,0,429,3.851,19,0,0,1,0,9,0,0,6,rate_abuse
2,3,0,200,58.843,4,0,0,0,0,27,0,0,0,normal
0,2,0,403,36.738,0,0,0,1,0,10,0,0,2,jwt_bypass
0,3,1,200,248.241,3,0,0,0,0,18,0,0,0,normal
0,2,0,403,7.701,0,1,0,1,0,19,0,0,3,admin_access
0,1,1,200,261.653,23,0,0,0,0,11,0,0,0,normal
2,2,1,200,24.842,20,0,0,0,0,20,0,0,0,normal
1,3,1,201,8.715,13,0,0,0,0,30,0,0,0,normal
1,3,1,400,23.282,21,0,0,1,0,66,1,0,5,sql_injection
0,4,0,401,31.215,11,0,0,1,0,36,0,0,0,normal
1,2,0,200,60.762,0,0,0,0,0,20,0,0,0,normal
0,3,0,400,181.805,1,0,0,1,0,46,1,0,8,ssrf
1,1,0,200,110.639,11,0,0,0,0,41,1,0,10,xxe
0,4,1,200,24.827,15,0,0,0,0,36,0,0,0,normal
0,2,0,200,302.824,9,0,0,0,0,18,0,0,0,normal
0,4,1,200,77.883,22,0,0,0,0,36,0,0,0,normal
0,1,0,200,130.932,11,0,0,0,0,10,0,0,0,normal
0,4,1,200,51.519,4,0,0,0,0,20,0,0,0,normal
1,1,1,500,381.326,12,0,0,0,0,65,1,1,5,sql_injection
1,3,1,200,51.745,23,0,0,0,0,18,0,0,0,normal
2,1,1,200,35.244,15,0,0,0,0,10,0,0,0,normal
0,1,1,200,52.311,21,0,0,0,0,66,1,0,8,ssrf
0,4,1,200,31.195,21,0,0,0,0,28,0,0,0,normal
1,2,0,429,24.842,14,0,0,1,0,11,0,0,6,rate_abuse
1,2,1,400,231.011,4,0,0,1,0,52,1,0,8,ssrf
1,2,0,200,51.816,5,0,0,0,0,19,0,0,2,jwt_bypass
3,1,1,200,44.797,13,0,0,0,0,5,0,0,0,normal
0,2,1,200,206.731,0,0,0,0,1,12,0,0,1,bola
0,8,0,200,13.288,18,0,0,0,0,71,1,0,7,path_traversal
4,2,0,422,109.389,19,0,0,1,0,22,0,0,0,normal
1,4,1,422,12.113,5,0,0,1,0,28,0,0,0,normal
0,2,0,200,89.573,20,0,1,0,0,17,0,0,4,debug_access
1,3,0,500,289.872,21,0,0,0,0,31,1,1,10,xxe
0,4,1,404,32.756,13,0,0,1,0,28,0,0,0,normal
0,2,0,200,3.036,19,0,0,0,0,18,0,0,11,shadow_api
0,1,1,200,6.745,12,0,0,0,0,10,0,0,0,normal
0,1,1,400,62.686,7,0,0,1,0,22,1,0,9,command_injection
0,2,0,200,13.74,22,0,1,0,0,12,0,0,4,debug_access
0,4,1,204,90.903,13,0,0,0,0,44,0,0,0,normal
0,3,1,200,253.815,9,0,0,0,0,27,0,0,0,normal
1,2,0,401,30.261,0,0,0,1,0,9,0,0,6,rate_abuse
1,2,0,401,29.468,9,0,0,1,0,12,0,0,6,rate_abuse
0,3,1,200,71.551,11,0,0,0,1,13,0,0,1,bola
0,2,0,404,46.441,4,0,1,1,0,15,0,0,4,debug_access
0,2,0,404,8.45,20,0,1,1,0,15,0,0,4,debug_access
1,1,1,200,2.853,14,0,0,0,0,11,0,0,0,normal
0,3,1,403,103.684,4,0,0,1,1,8,0,0,1,bola
0,1,1,200,12.597,11,0,0,0,0,5,0,0,0,normal
3,1,0,200,81.62,11,0,0,0,0,9,0,0,0,normal
1,1,1,404,14.987,7,0,0,1,0,11,0,0,0,normal
0,6,0,404,48.521,20,0,0,1,0,43,1,0,7,path_traversal
2,1,1,201,13.954,15,0,0,0,0,8,0,0,0,normal
0,4,0,200,119.465,13,0,0,0,0,32,0,0,0,normal
0,1,1,200,206.028,5,0,0,0,0,9,0,0,0,normal
0,4,1,422,82.17,17,0,0,1,0,40,0,0,0,normal
0,3,1,200,200.857,12,0,0,0,0,21,0,0,0,normal
0,2,1,401,10.955,13,0,0,1,0,14,0,0,0,normal
0,2,1,201,7.051,22,0,0,0,0,20,0,0,0,normal
1,4,0,200,99.909,17,0,0,0,0,24,0,0,0,normal
0,3,1,401,35.14,16,1,0,1,0,11,0,0,3,admin_access
0,2,1,200,237.188,7,0,0,0,0,57,1,0,8,ssrf
0,1,1,201,3.799,10,0,0,0,0,5,0,0,0,normal
1,3,0,400,108.228,4,0,0,1,0,56,1,0,10,xxe
1,1,0,500,84.476,5,0,0,0,0,46,1,1,5,sql_injection
0,2,0,401,28.042,20,0,0,1,0,19,0,0,2,jwt_bypass
3,1,1,200,47.627,1,0,0,0,0,5,0,0,0,normal
0,1,1,200,134.882,21,0,0,0,0,6,0,0,0,normal
1,2,0,400,99.978,1,0,0,1,0,41,1,0,10,xxe
3,3,1,201,7.398,8,0,0,0,0,33,0,0,0,normal
0,2,0,200,68.133,18,0,0,0,0,19,0,0,2,jwt_bypass
0,1,0,500,203.375,1,0,0,0,0,77,1,1,8,ssrf
0,1,0,500,96.128,12,0,0,0,0,48,1,1,5,sql_injection
0,2,1,200,17.843,4,0,0,0,0,18,0,0,0,normal
1,3,0,200,120.772,2,0,0,0,0,24,0,0,0,normal
0,1,1,422,46.067,5,0,0,1,0,11,0,0,0,normal
1,2,0,400,322.029,4,0,0,1,0,47,1,0,5,sql_injection
0,3,1,200,1.127,19,0,0,0,0,15,0,0,0,normal
2,1,1,200,21.141,15,0,0,0,0,9,0,0,0,normal
1,1,1,200,19.482,14,0,0,0,0,8,0,0,0,normal
1,1,1,200,87.287,3,0,0,0,0,6,0,0,0,normal
0,3,1,200,306.822,21,0,0,0,0,30,0,0,0,normal
0,4,0,200,1.618,10,0,0,0,0,40,0,0,0,normal
0,3,1,200,117.756,12,0,0,0,0,18,0,0,0,normal
0,1,1,200,30.279,21,0,0,0,0,7,0,0,0,normal
0,1,1,200,62.9,1,0,0,0,0,7,0,0,0,normal
0,1,1,201,65.054,23,0,0,0,0,6,0,0,0,normal
0,2,1,200,22.969,18,0,0,0,0,22,0,0,0,normal
0,4,1,200,80.577,4,0,0,0,0,24,0,0,0,normal
0,2,0,404,97.349,10,0,0,1,0,12,0,0,0,normal
0,3,1,200,95.263,13,0,0,0,0,56,1,0,5,sql_injection
4,1,0,200,63.518,23,0,0,0,0,7,0,0,0,normal
0,2,1,403,18.465,20,0,0,1,1,19,0,0,1,bola
0,3,0,403,281.862,15,0,0,1,0,16,0,0,11,shadow_api
1,3,0,400,16.674,9,0,0,1,0,32,1,0,9,command_injection
1,3,0,200,12.393,3,0,0,0,0,18,0,0,11,shadow_api
0,4,1,404,231.167,20,0,0,1,0,66,1,0,7,path_traversal
1,3,1,200,200.583,12,0,0,0,0,40,1,0,9,command_injection
0,4,0,400,0.488,23,0,0,1,0,28,0,0,0,normal
0,4,1,200,102.483,20,0,0,0,0,28,0,0,0,normal
0,2,1,200,93.527,18,0,0,0,0,12,0,0,0,normal
0,3,1,404,36.79,18,0,0,1,0,27,0,0,0,normal
0,4,1,200,349.805,5,0,0,0,0,24,0,0,0,normal
0,4,1,200,217.268,10,0,0,0,0,44,0,0,0,normal
1,3,1,500,46.672,1,0,0,0,0,63,1,1,5,sql_injection
2,3,1,200,71.01,11,0,0,0,0,21,0,0,0,normal
1,2,0,429,29.624,22,0,0,1,0,16,0,0,6,rate_abuse
0,5,0,400,21.651,11,0,0,1,0,84,1,0,7,path_traversal
0,1,1,200,99.214,22,0,0,0,0,6,0,0,0,normal
0,2,1,200,74.073,8,0,0,0,0,14,0,0,0,normal
0,1,1,200,53.229,6,0,0,0,0,9,0,0,0,normal
1,2,0,429,19.15,11,0,0,1,0,11,0,0,6,rate_abuse
1,1,1,200,6.125,7,0,0,0,0,65,1,0,5,sql_injection
0,6,0,404,214.84,8,0,0,1,0,41,1,0,7,path_traversal
2,1,1,200,4.261,16,0,0,0,0,5,0,0,0,normal
0,2,0,404,198.591,23,0,1,1,0,14,0,0,4,debug_access
1,1,1,500,84.506,7,0,0,0,0,64,1,1,10,xxe
0,2,1,500,507.569,15,0,0,0,0,30,1,1,9,command_injection
1,1,1,200,286.967,0,0,0,0,0,45,1,0,5,sql_injection
0,2,1,401,48.019,12,1,0,1,0,22,0,0,3,admin_access
0,1,1,200,147.176,19,0,0,0,0,11,0,0,0,normal
1,4,1,200,55.27,15,0,0,0,0,36,0,0,0,normal
0,3,1,200,135.916,11,0,0,0,0,21,0,0,0,normal
0,1,1,500,321.153,7,0,0,0,0,50,1,1,8,ssrf
2,3,1,200,5.623,5,0,0,0,0,15,0,0,0,normal
0,4,0,200,248.26,19,0,0,0,0,36,0,0,0,normal
0,3,0,200,216.768,18,0,0,0,0,33,1,0,9,command_injection
0,5,0,404,17.974,11,0,0,1,0,74,1,0,7,path_traversal
1,2,0,200,94.64,4,0,0,0,0,18,0,0,2,jwt_bypass
0,2,1,200,40.676,9,0,0,0,0,10,0,0,0,normal
0,2,0,500,16.934,5,0,0,0,0,28,1,1,9,command_injection
0,1,1,200,39.047,8,0,0,0,0,8,0,0,0,normal
0,3,0,200,289.81,23,0,0,0,0,65,1,0,8,ssrf
1,3,0,404,77.703,9,0,0,1,0,27,0,0,0,normal
0,6,0,400,15.727,8,0,0,1,0,30,1,0,7,path_traversal
3,1,0,200,184.006,21,0,0,0,0,6,0,0,0,normal
0,2,0,200,50.331,13,0,1,0,0,14,0,0,4,debug_access
1,2,1,200,254.24,1,0,0,0,0,43,1,0,10,xxe
0,2,1,200,9.139,12,0,0,0,1,14,0,0,1,bola
0,2,1,204,124.25,17,0,0,0,0,20,0,0,0,normal
0,2,1,400,39.205,18,0,0,1,0,66,1,0,5,sql_injection
0,3,0,403,58.855,4,1,0,1,0,20,0,0,3,admin_access
1,2,1,403,50.944,5,0,0,1,0,8,0,0,11,shadow_api
0,2,1,200,67.554,22,0,0,0,0,18,0,0,0,normal
2,1,1,200,9.274,7,0,0,0,0,10,0,0,0,normal
1,2,0,429,27.316,9,0,0,1,0,10,0,0,6,rate_abuse
0,3,1,200,36.873,8,0,0,0,1,12,0,0,1,bola
0,3,1,200,86.277,6,0,0,0,0,18,0,0,0,normal
0,2,0,404,24.568,16,0,1,1,0,15,0,0,4,debug_access
0,1,0,200,132.448,18,0,0,0,0,92,1,0,8,ssrf
0,1,1,200,88.385,21,0,0,0,0,10,0,0,0,normal
1,4,0,200,243.086,8,0,0,0,0,36,0,0,0,normal
1,2,1,200,51.417,16,0,0,0,0,78,1,0,10,xxe
2,2,1,200,304.725,14,0,0,0,0,18,0,0,0,normal
1,3,1,500,61.828,22,0,0,0,0,60,1,1,10,xxe
1,2,1,200,140.285,10,0,0,0,0,16,0,0,0,normal
2,3,1,200,146.956,3,0,0,0,0,24,0,0,0,normal
4,4,1,200,58.538,16,0,0,0,0,24,0,0,0,normal
1,1,1,201,25.99,13,0,0,0,0,7,0,0,0,normal
0,3,1,200,38.828,11,0,0,0,0,15,0,0,0,normal
1,3,0,200,29.416,1,0,0,0,0,15,0,0,11,shadow_api
1,3,1,200,175.199,4,0,0,0,0,21,0,0,0,normal
2,3,1,200,68.309,19,0,0,0,0,33,0,0,0,normal
1,3,1,404,71.404,15,0,0,1,0,27,0,0,0,normal
0,2,1,200,16.338,22,0,0,0,0,12,0,0,0,normal
2,2,1,200,31.617,5,0,0,0,0,20,0,0,0,normal
0,2,0,200,62.88,8,0,1,0,0,9,0,0,4,debug_access
0,5,1,200,77.877,22,0,0,0,0,43,1,0,7,path_traversal
1,3,1,404,29.973,12,0,0,1,0,30,0,0,0,normal
1,1,1,500,217.627,14,0,0,0,0,39,1,1,5,sql_injection
0,2,0,200,20.935,5,0,1,0,0,17,0,0,4,debug_access
0,2,1,401,753.412,11,0,0,1,0,22,0,0,0,normal
0,4,1,400,108.821,1,0,0,1,0,32,0,0,0,normal
3,1,1,200,200.386,23,0,0,0,0,6,0,0,0,normal
1,2,0,400,20.496,22,0,0,1,0,58,1,0,9,command_injection
0,2,0,401,21.071,13,0,0,1,0,10,0,0,0,normal
0,1,1,200,190.951,13,0,0,0,0,83,1,0,8,ssrf
1,4,1,200,500.216,9,0,0,0,0,28,0,0,0,normal
0,2,1,404,28.753,6,0,0,1,0,12,0,0,0,normal
0,3,1,200,39.496,4,0,0,0,1,19,0,0,1,bola
0,1,0,200,2.446,22,0,0,0,0,8,0,0,0,normal
0,4,1,200,112.499,2,0,0,0,0,32,0,0,0,normal
2,2,1,200,202.119,15,0,0,0,0,18,0,0,0,normal
0,2,1,200,39.038,5,0,0,0,0,10,0,0,0,normal
0,3,1,401,122.352,0,1,0,1,0,19,0,0,3,admin_access
1,2,0,200,154.847,12,0,0,0,0,98,1,0,8,ssrf
0,1,1,200,16.649,16,0,0,0,0,6,0,0,0,normal
3,1,1,204,26.613,5,0,0,0,0,7,0,0,0,normal
1,3,1,400,19.378,10,0,0,1,0,24,1,0,9,command_injection
0,7,0,200,13.917,3,0,0,0,0,85,1,0,7,path_traversal
0,1,1,422,33.418,11,0,0,1,0,6,0,0,0,normal
1,4,0,200,90.439,22,0,0,0,0,20,0,0,0,normal
0,3,0,500,197.163,12,0,0,0,0,48,1,1,5,sql_injection
1,1,1,201,167.138,5,0,0,0,0,11,0,0,0,normal
1,4,0,200,38.914,10,0,0,0,0,44,0,0,0,normal
1,2,0,500,132.013,11,0,0,0,0,43,1,1,10,xxe
2,4,1,400,30.607,21,0,0,1,0,20,0,0,0,normal
1,4,1,404,16.219,9,0,0,1,0,32,0,0,0,normal
0,6,0,404,36.848,3,0,0,1,0,85,1,0,7,path_traversal
0,1,1,200,67.434,23,0,0,0,0,11,0,0,0,normal
0,3,1,404,9.308,14,0,0,1,0,24,0,0,0,normal
0,4,1,200,88.634,3,0,0,0,0,44,0,0,0,normal
1,4,1,200,109.747,12,0,0,0,0,24,0,0,0,normal
0,4,1,200,180.813,13,0,0,0,0,32,0,0,0,normal
0,2,1,403,27.569,20,1,0,1,0,17,0,0,3,admin_access
1,3,0,400,174.601,13,0,0,1,0,71,1,0,10,xxe
2,3,1,200,67.904,3,0,0,0,0,15,0,0,0,normal
0,4,1,200,25.917,3,0,0,0,0,32,0,0,0,normal
0,7,0,400,184.27,10,0,0,1,0,79,1,0,7,path_traversal
1,2,0,200,0.51,1,0,0,0,0,20,0,0,0,normal
0,3,1,403,39.347,23,0,0,1,1,18,0,0,1,bola
0,1,0,500,35.224,15,0,0,0,0,47,1,1,9,command_injection
1,4,0,404,14.681,5,0,0,1,0,32,0,0,0,normal
1,2,1,201,79.692,4,0,0,0,0,20,0,0,0,normal
0,2,0,400,58.311,5,0,0,1,0,41,1,0,9,command_injection
1,1,1,200,15.74,2,0,0,0,0,5,0,0,0,normal
1,2,0,401,27.152,18,0,0,1,0,8,0,0,6,rate_abuse
0,2,0,500,1.623,14,0,0,0,0,69,1,1,5,sql_injection
0,3,1,200,95.471,2,0,0,0,1,17,0,0,1,bola
1,2,0,200,33.344,18,0,0,0,0,12,0,0,6,rate_abuse
2,4,1,400,37.968,23,0,0,1,0,20,0,0,0,normal
0,4,1,200,14.165,7,0,0,0,0,40,0,0,0,normal
1,4,1,200,62.14,20,0,0,0,0,28,0,0,0,normal
0,7,1,404,311.211,15,0,0,1,0,49,1,0,7,path_traversal
3,1,0,200,30.793,4,0,0,0,0,8,0,0,0,normal
1,2,0,500,276.014,13,0,0,0,0,32,1,1,10,xxe
0,4,1,404,131.941,23,0,0,1,0,78,1,0,7,path_traversal
1,2,0,200,1.933,5,0,0,0,0,18,0,0,0,normal
0,2,0,200,16.522,9,0,1,0,0,14,0,0,4,debug_access
0,1,0,200,640.622,22,0,0,0,0,59,1,0,5,sql_injection
0,3,1,422,175.767,20,0,0,1,0,33,0,0,0,normal
1,2,1,500,294.401,14,0,0,0,0,44,1,1,8,ssrf
1,3,1,200,34.937,22,0,0,0,0,15,0,0,0,normal
0,2,0,404,9.555,20,0,1,1,0,15,0,0,4,debug_access
0,1,1,200,117.233,15,0,0,0,0,8,0,0,0,normal
1,2,0,403,152.659,5,0,0,1,0,16,0,0,11,shadow_api
0,2,0,201,54.777,15,0,0,0,0,20,0,0,0,normal
0,3,1,201,0.248,16,0,0,0,0,15,0,0,0,normal
0,3,0,201,60.734,13,0,0,0,0,33,0,0,0,normal
1,2,0,429,27.702,7,0,0,1,0,12,0,0,6,rate_abuse
1,2,1,200,34.603,20,0,0,0,0,22,0,0,0,normal
0,2,1,200,60.709,8,0,0,0,1,10,0,0,1,bola
0,3,0,401,15.994,10,1,0,1,0,17,0,0,3,admin_access
0,8,0,400,182.492,0,0,0,1,0,70,1,0,7,path_traversal
0,1,1,404,77.116,4,0,0,1,0,7,0,0,0,normal
0,3,1,200,9.376,2,0,0,0,0,24,0,0,0,normal
2,3,1,201,23.519,18,0,0,0,0,15,0,0,0,normal
1,2,0,200,167.06,22,0,0,0,0,22,0,0,0,normal
0,3,0,500,55.05,19,0,0,0,0,64,1,1,5,sql_injection
1,1,1,200,380.796,4,0,0,0,0,106,1,0,8,ssrf
0,3,1,200,5.105,21,0,0,0,0,27,0,0,0,normal
1,3,0,500,6.593,0,0,0,0,0,58,1,1,9,command_injection
0,2,1,401,79.716,1,1,0,1,0,21,0,0,3,admin_access
0,3,1,200,99.72,21,0,0,0,0,18,0,0,0,normal
0,4,1,200,62.327,11,0,0,0,0,24,0,0,0,normal
1,2,0,403,50.28,12,0,0,1,0,28,0,0,2,jwt_bypass
1,4,1,404,307.239,11,0,0,1,0,24,0,0,0,normal
0,3,1,200,4.348,18,0,0,0,0,18,0,0,0,normal
0,2,0,200,81.681,9,0,0,0,0,16,0,0,2,jwt_bypass
0,3,1,200,15.004,0,0,0,0,0,24,0,0,0,normal
1,2,0,200,188.573,23,0,0,0,0,18,0,0,0,normal
0,6,1,400,104.566,1,0,0,1,0,57,1,0,7,path_traversal
1,3,0,200,118.613,15,0,0,0,0,27,0,0,0,normal
1,3,1,200,125.151,22,0,0,0,0,30,0,0,0,normal
0,2,0,401,106.747,1,0,0,1,0,24,0,0,2,jwt_bypass
1,2,1,200,147.841,3,0,0,0,0,17,0,0,11,shadow_api
1,2,0,401,13.276,23,0,0,1,0,12,0,0,6,rate_abuse
0,4,1,400,137.066,10,0,0,1,0,31,1,0,7,path_traversal
2,1,0,422,3.091,17,0,0,1,0,5,0,0,0,normal
0,2,0,200,3.004,20,0,0,0,0,20,0,0,0,normal
0,1,0,200,59.213,23,0,0,0,0,7,0,0,0,normal
1,3,1,200,29.825,4,0,0,0,0,15,0,0,0,normal
0,1,1,201,94.791,1,0,0,0,0,7,0,0,0,normal
1,2,1,401,81.09,23,0,0,1,0,22,0,0,0,normal
1,2,1,200,45.001,15,0,0,0,0,14,0,0,0,normal
0,3,1,200,85.143,23,0,0,0,0,18,0,0,0,normal
1,1,1,200,90.21,0,0,0,0,0,6,0,0,0,normal
0,3,0,400,254.5,14,0,0,1,0,44,1,0,9,command_injection
0,4,0,404,84.122,9,0,0,1,0,70,1,0,7,path_traversal
0,3,1,200,4.577,11,0,0,0,1,19,0,0,1,bola
1,1,1,200,4.096,14,0,0,0,0,5,0,0,0,normal
1,1,1,200,187.876,13,0,0,0,0,11,0,0,0,normal
1,1,0,200,20.768,4,0,0,0,0,5,0,0,0,normal
0,3,1,200,10.377,7,0,0,0,1,10,0,0,1,bola
1,2,1,400,300.338,23,0,0,1,0,42,1,0,9,command_injection
0,4,1,200,50.18,9,0,0,0,0,40,0,0,0,normal
0,2,1,200,42.565,22,0,0,0,1,8,0,0,1,bola
1,2,0,429,5.653,20,0,0,1,0,8,0,0,6,rate_abuse
2,1,0,200,2.408,9,0,0,0,0,10,0,0,0,normal
2,1,0,404,45.198,13,0,0,1,0,10,0,0,0,normal
1,1,1,400,148.291,23,0,0,1,0,65,1,0,5,sql_injection
2,4,0,200,46.473,8,0,0,0,0,32,0,0,0,normal
0,3,1,200,20.266,8,0,0,0,0,27,0,0,0,normal
0,2,0,200,160.684,20,0,0,0,0,109,1,0,8,ssrf
0,4,1,204,93.247,5,0,0,0,0,36,0,0,0,normal
0,3,1,401,113.904,3,0,0,1,0,27,0,0,0,normal
1,4,1,200,42.565,17,0,0,0,0,36,0,0,0,normal
0,4,1,200,34.381,18,0,0,0,0,24,0,0,0,normal
0,3,0,200,4.852,23,0,0,0,0,30,0,0,0,normal
1,3,0,204,69.41,17,0,0,0,0,15,0,0,0,normal
1,2,1,200,37.368,6,0,0,0,0,22,0,0,0,normal
2,4,1,201,148.094,22,0,0,0,0,32,0,0,0,normal
0,1,1,200,119.651,10,0,0,0,0,9,0,0,0,normal
1,3,1,201,129.699,7,0,0,0,0,24,0,0,0,normal
1,1,1,200,58.58,16,0,0,0,0,9,0,0,0,normal
0,4,1,204,246.699,14,0,0,0,0,24,0,0,0,normal
0,3,1,200,20.583,9,0,0,0,0,18,0,0,0,normal
0,4,1,200,35.119,6,0,0,0,0,28,0,0,0,normal
1,2,1,200,26.178,3,0,0,0,0,20,0,0,0,normal
0,2,1,200,26.136,5,0,0,0,0,18,0,0,0,normal
0,2,1,403,18.352,21,0,0,1,1,17,0,0,1,bola
0,8,1,200,14.879,7,0,0,0,0,80,1,0,7,path_traversal
0,7,0,400,99.789,8,0,0,1,0,45,1,0,7,path_traversal
0,1,0,201,137.507,19,0,0,0,0,7,0,0,0,normal
0,7,0,404,123.227,7,0,0,1,0,58,1,0,7,path_traversal
0,6,0,200,66.718,20,0,0,0,0,47,1,0,7,path_traversal
0,2,1,200,195.833,0,0,0,0,0,16,0,0,11,shadow_api
1,3,1,400,30.841,11,0,0,1,0,27,0,0,0,normal
0,2,0,401,90.331,0,1,0,1,0,12,0,0,3,admin_access
0,7,1,400,161.953,3,0,0,1,0,57,1,0,7,path_traversal
2,1,1,400,224.697,15,0,0,1,0,5,0,0,0,normal
1,1,1,200,51.274,9,0,0,0,0,38,1,0,10,xxe
1,2,0,403,168.982,3,0,0,1,0,16,0,0,11,shadow_api
1,2,1,200,42.817,2,0,0,0,0,16,0,0,0,normal
1,2,0,429,27.364,15,0,0,1,0,13,0,0,6,rate_abuse
0,4,1,200,31.312,9,0,0,0,0,40,0,0,0,normal
1,2,0,429,20.01,6,0,0,1,0,16,0,0,6,rate_abuse
1,4,1,200,116.237,3,0,0,0,0,28,0,0,0,normal
0,1,0,400,294.395,11,0,0,1,0,59,1,0,8,ssrf
0,1,1,400,67.25,4,0,0,1,0,54,1,0,9,command_injection
1,3,1,400,313.879,11,0,0,1,0,75,1,0,8,ssrf
0,2,1,401,375.929,4,0,0,1,0,20,0,0,0,normal
3,3,1,200,59.17,12,0,0,0,0,27,0,0,0,normal
1,4,1,204,59.026,1,0,0,0,0,32,0,0,0,normal
0,3,1,200,32.58,4,0,0,0,0,24,0,0,0,normal
1,2,0,401,96.001,5,0,0,1,0,11,0,0,2,jwt_bypass
0,4,1,200,27.426,12,0,0,0,0,44,0,0,0,normal
1,3,1,200,90.879,23,0,0,0,0,30,0,0,0,normal
0,4,1,200,28.287,5,0,0,0,0,24,0,0,0,normal
1,2,0,200,6.784,3,0,0,0,0,9,0,0,6,rate_abuse
0,1,0,200,29.353,23,0,0,0,0,5,0,0,0,normal
0,3,1,200,71.725,20,0,0,0,1,13,0,0,1,bola
0,2,1,200,7.758,9,0,0,0,0,18,0,0,0,normal
1,4,1,200,119.248,6,0,0,0,0,40,0,0,0,normal
1,2,1,200,82.491,15,0,0,0,0,18,0,0,0,normal
0,2,1,200,0.014,11,0,0,0,1,11,0,0,1,bola
0,1,1,200,1.839,2,0,0,0,0,8,0,0,0,normal
1,2,0,429,18.366,18,0,0,1,0,11,0,0,6,rate_abuse
0,3,1,422,160.531,13,0,0,1,0,21,0,0,0,normal
0,4,0,404,17.927,21,0,0,1,0,85,1,0,7,path_traversal
0,2,0,401,38.935,19,0,0,1,0,19,0,0,2,jwt_bypass
1,2,0,200,24.278,19,0,0,0,0,12,0,0,0,normal
3,3,0,422,92.279,18,0,0,1,0,33,0,0,0,normal
1,2,1,200,648.537,8,0,0,0,0,18,0,0,0,normal
0,1,1,200,188.312,6,0,0,0,0,6,0,0,0,normal
3,2,0,200,67.453,7,0,0,0,0,12,0,0,0,normal
0,3,1,422,31.109,0,0,0,1,0,18,0,0,0,normal
0,3,1,200,103.577,12,0,0,0,0,15,0,0,0,normal
0,2,1,200,219.21,3,0,0,0,1,8,0,0,1,bola
0,4,0,404,139.297,10,0,0,1,0,28,0,0,0,normal
2,2,1,200,28.884,19,0,0,0,0,18,0,0,0,normal
0,2,1,201,23.232,10,0,0,0,0,16,0,0,0,normal
0,2,1,422,159.224,6,0,0,1,0,10,0,0,0,normal
0,2,0,403,149.842,8,1,0,1,0,23,0,0,3,admin_access
1,2,0,429,17.04,4,0,0,1,0,10,0,0,6,rate_abuse
0,1,0,200,98.188,12,0,0,0,0,10,0,0,0,normal
0,2,1,200,22.081,18,0,0,0,1,12,0,0,1,bola
0,2,0,422,3.749,13,0,0,1,0,10,0,0,0,normal
1,3,1,200,12.189,14,0,0,0,0,33,0,0,0,normal
0,4,1,200,154.564,5,0,0,0,0,20,0,0,0,normal
0,2,0,200,25.039,20,0,0,0,0,17,0,0,2,jwt_bypass
0,2,0,401,232.428,11,1,0,1,0,15,0,0,3,admin_access
0,3,1,422,3.601,0,0,0,1,0,18,0,0,0,normal
0,1,0,500,82.626,8,0,0,0,0,39,1,1,5,sql_injection
0,2,1,200,208.114,16,0,0,0,0,22,0,0,0,normal
0,2,1,403,7.929,16,1,0,1,0,18,0,0,3,admin_access
0,2,1,200,85.461,1,0,0,0,0,16,0,0,0,normal
0,2,0,401,146.374,12,0,0,1,0,14,0,0,0,normal
0,5,1,400,56.073,18,0,0,1,0,69,1,0,7,path_traversal
1,3,0,200,220.946,18,0,0,0,0,54,1,0,10,xxe
1,2,0,429,28.542,16,0,0,1,0,11,0,0,6,rate_abuse
1,1,0,200,190.668,6,0,0,0,0,44,1,0,9,command_injection
1,1,1,200,45.389,9,0,0,0,0,10,0,0,0,normal
0,2,1,403,50.793,12,0,0,1,1,13,0,0,1,bola
0,2,1,200,60.386,4,0,0,0,0,10,0,0,0,normal
0,2,1,200,25.114,18,0,0,0,0,22,0,0,0,normal
0,2,0,404,207.172,4,0,1,1,0,12,0,0,4,debug_access
0,2,0,403,13.95,21,1,0,1,0,16,0,0,3,admin_access
0,2,1,401,5.476,9,0,0,1,0,22,0,0,0,normal
1,2,1,200,13.904,14,0,0,0,0,13,0,0,11,shadow_api
2,2,1,200,133.609,3,0,0,0,0,10,0,0,0,normal
0,2,1,403,125.184,12,1,0,1,0,13,0,0,3,admin_access
0,4,1,200,122.381,9,0,0,0,0,20,0,0,0,normal
4,2,1,200,188.393,1,0,0,0,0,10,0,0,0,normal
0,2,0,403,48.531,20,0,0,1,0,10,0,0,2,jwt_bypass
1,2,0,401,22.863,4,0,0,1,0,8,0,0,6,rate_abuse
0,2,1,200,121.38,13,0,0,0,0,12,0,0,0,normal
4,4,1,422,145.899,18,0,0,1,0,20,0,0,0,normal
1,1,1,404,55.233,10,0,0,1,0,9,0,0,0,normal
1,4,0,200,0.147,12,0,0,0,0,28,0,0,0,normal
1,2,1,200,67.122,18,0,0,0,0,12,0,0,0,normal
1,2,0,400,120.02,11,0,0,1,0,44,1,0,10,xxe
0,3,0,500,195.027,14,0,0,0,0,29,1,1,9,command_injection
0,3,1,200,18.869,15,0,0,0,0,10,0,0,11,shadow_api
1,3,0,400,3.483,20,0,0,1,0,36,1,0,5,sql_injection
2,1,1,200,48.617,22,0,0,0,0,7,0,0,0,normal
1,1,0,200,86.224,19,0,0,0,0,8,0,0,0,normal
0,3,1,200,225.555,14,0,0,0,0,24,0,0,0,normal
1,1,1,204,122.557,13,0,0,0,0,10,0,0,0,normal
1,2,0,429,12.114,15,0,0,1,0,17,0,0,6,rate_abuse
0,3,1,401,183.208,13,0,0,1,0,33,0,0,0,normal
2,3,1,204,168.538,15,0,0,0,0,24,0,0,0,normal
1,2,1,200,187.494,14,0,0,0,0,45,1,0,10,xxe
0,3,1,200,122.523,10,0,0,0,0,18,0,0,0,normal
1,2,0,401,25.379,12,0,0,1,0,17,0,0,2,jwt_bypass
1,2,0,400,217.657,16,0,0,1,0,37,1,0,10,xxe
0,4,1,201,5.29,7,0,0,0,0,40,0,0,0,normal
1,2,0,401,105.63,15,0,0,1,0,20,0,0,2,jwt_bypass
0,2,1,400,102.758,6,0,0,1,0,51,1,0,5,sql_injection
0,3,0,400,180.019,0,0,0,1,0,30,1,0,9,command_injection
0,3,1,200,307.868,1,0,0,0,1,15,0,0,1,bola
1,3,1,200,15.05,22,0,0,0,0,21,0,0,0,normal
0,1,1,422,94.077,11,0,0,1,0,11,0,0,0,normal
1,2,0,429,30.153,2,0,0,1,0,9,0,0,6,rate_abuse
0,2,1,200,28.668,22,0,0,0,0,14,0,0,0,normal
0,3,1,500,46.1,5,0,0,0,0,32,1,1,5,sql_injection
1,4,1,204,146.034,1,0,0,0,0,36,0,0,0,normal
1,4,1,200,101.08,0,0,0,0,0,36,0,0,0,normal
0,2,1,200,35.584,11,0,0,0,0,14,0,0,0,normal
1,1,0,400,170.86,20,0,0,1,0,37,1,0,10,xxe
2,1,1,201,159.889,2,0,0,0,0,9,0,0,0,normal
0,4,1,200,120.368,16,0,0,0,0,24,0,0,0,normal
0,6,0,404,72.501,1,0,0,1,0,49,1,0,7,path_traversal
0,2,0,400,265.89,22,0,0,1,0,49,1,0,8,ssrf
1,2,1,200,78.858,14,0,0,0,0,70,1,0,10,xxe
1,2,1,200,31.6,1,0,0,0,0,22,0,0,0,normal
0,4,1,200,98.093,23,0,0,0,0,36,0,0,0,normal
0,3,0,200,107.478,17,0,0,0,0,21,0,0,0,normal
0,3,0,200,37.212,11,0,0,0,0,63,1,0,5,sql_injection
0,1,0,200,134.061,1,0,0,0,0,80,1,0,8,ssrf
0,1,1,401,36.906,7,0,0,1,0,10,0,0,0,normal
0,2,0,200,20.597,12,0,0,0,0,16,0,0,0,normal
0,2,0,200,114.313,4,0,1,0,0,12,0,0,4,debug_access
0,2,0,200,204.541,11,0,0,0,0,22,0,0,0,normal
0,4,0,200,548.454,17,0,0,0,0,44,0,0,0,normal
0,1,1,400,13.274,4,0,0,1,0,5,0,0,0,normal
0,1,1,200,19.449,7,0,0,0,0,6,0,0,0,normal
0,4,0,200,11.829,1,0,0,0,0,28,0,0,0,normal
1,2,0,401,66.206,12,0,0,1,0,21,0,0,2,jwt_bypass
1,1,1,200,139.573,15,0,0,0,0,7,0,0,0,normal
0,3,1,204,150.247,16,0,0,0,0,24,0,0,0,normal
1,3,0,200,110.626,4,0,0,0,0,100,1,0,8,ssrf
0,1,1,400,37.763,21,0,0,1,0,11,0,0,0,normal
0,4,1,200,329.144,5,0,0,0,0,32,0,0,0,normal
1,2,0,500,143.286,8,0,0,0,0,76,1,1,8,ssrf
1,3,1,200,51.143,2,0,0,0,0,15,0,0,0,normal
0,2,1,200,39.971,12,0,0,0,0,12,0,0,0,normal
0,3,1,403,10.17,3,1,0,1,0,21,0,0,3,admin_access
0,2,0,200,137.284,9,0,1,0,0,10,0,0,4,debug_access
0,1,0,200,138.0,18,0,0,0,0,44,1,0,8,ssrf
1,2,0,200,34.685,2,0,0,0,0,17,0,0,2,jwt_bypass
0,4,0,404,70.425,20,0,0,1,0,33,1,0,7,path_traversal
0,3,1,200,245.432,0,0,0,0,0,18,0,0,0,normal
1,1,1,201,138.498,12,0,0,0,0,9,0,0,0,normal
0,7,0,200,65.955,8,0,0,0,0,35,1,0,7,path_traversal
1,3,0,403,18.551,19,0,0,1,0,8,0,0,11,shadow_api
0,2,0,200,8.499,15,0,1,0,0,11,0,0,4,debug_access
0,2,1,200,186.908,6,0,0,0,0,22,0,0,0,normal
0,1,1,200,22.08,11,0,0,0,0,8,0,0,0,normal
1,1,1,200,38.604,3,0,0,0,0,9,0,0,0,normal
0,2,0,201,74.01,16,0,0,0,0,10,0,0,0,normal
1,3,1,400,110.865,22,0,0,1,0,64,1,0,5,sql_injection
1,2,0,401,9.872,13,0,0,1,0,17,0,0,6,rate_abuse
1,2,0,200,16.63,14,0,0,0,0,9,0,0,6,rate_abuse
1,2,1,200,0.602,8,0,0,0,0,14,0,0,0,normal
1,4,1,200,15.627,23,0,0,0,0,36,0,0,0,normal
0,2,1,200,46.119,6,0,0,0,0,9,0,0,11,shadow_api
0,2,0,404,58.552,7,0,1,1,0,10,0,0,4,debug_access
0,2,0,200,23.479,23,0,0,0,0,16,0,0,0,normal
0,4,0,200,44.665,21,0,0,0,0,32,0,0,0,normal
1,2,0,200,21.133,4,0,0,0,0,18,0,0,2,jwt_bypass
3,2,1,200,125.678,12,0,0,0,0,18,0,0,0,normal
0,3,1,200,15.021,20,0,0,0,0,33,0,0,0,normal
1,2,0,403,32.067,15,0,0,1,0,10,0,0,2,jwt_bypass
1,3,1,200,15.201,16,0,0,0,0,33,0,0,0,normal
0,2,1,200,41.507,22,0,0,0,1,13,0,0,1,bola
0,2,0,404,201.543,7,0,1,1,0,11,0,0,4,debug_access
0,3,1,400,95.226,2,0,0,1,0,37,1,0,5,sql_injection
0,4,1,204,254.112,9,0,0,0,0,28,0,0,0,normal
0,4,1,200,206.179,18,0,0,0,0,24,0,0,0,normal
2,3,0,200,24.514,14,0,0,0,0,15,0,0,0,normal
0,3,1,403,75.992,22,0,0,1,1,10,0,0,1,bola
0,4,0,200,10.523,5,0,0,0,0,78,1,0,7,path_traversal
0,4,1,200,87.992,23,0,0,0,0,24,0,0,0,normal
0,3,1,201,214.378,19,0,0,0,0,24,0,0,0,normal
1,3,1,400,13.486,17,0,0,1,0,33,1,0,9,command_injection
0,2,1,401,15.489,22,0,0,1,0,18,0,0,0,normal
0,1,1,204,236.463,19,0,0,0,0,11,0,0,0,normal
0,2,1,201,6.196,16,0,0,0,0,12,0,0,0,normal
0,4,1,200,141.911,3,0,0,0,0,24,0,0,0,normal
1,1,1,200,84.587,2,0,0,0,0,8,0,0,0,normal
1,1,1,500,142.252,12,0,0,0,0,62,1,1,5,sql_injection
0,3,0,403,14.325,19,0,0,1,0,19,0,0,11,shadow_api
0,2,1,200,55.607,9,0,0,0,1,9,0,0,1,bola
0,4,1,200,162.157,3,0,0,0,0,36,0,0,0,normal
1,2,0,401,112.17,8,0,0,1,0,17,0,0,2,jwt_bypass
2,2,0,200,78.838,6,0,0,0,0,22,0,0,0,normal
1,3,0,400,7.628,17,0,0,1,0,62,1,0,5,sql_injection
0,1,0,200,11.649,7,0,0,0,0,10,0,0,0,normal
1,2,0,429,28.78,13,0,0,1,0,8,0,0,6,rate_abuse
1,2,0,429,29.958,6,0,0,1,0,15,0,0,6,rate_abuse
2,4,1,200,8.348,22,0,0,0,0,24,0,0,0,normal
1,4,0,200,184.418,5,0,0,0,0,28,0,0,0,normal
0,4,1,200,91.851,6,0,0,0,0,28,0,0,0,normal
0,2,0,404,92.274,12,0,1,1,0,16,0,0,4,debug_access
0,4,1,404,131.731,12,0,0,1,0,20,0,0,0,normal
0,2,0,200,22.447,2,0,0,0,0,8,0,0,11,shadow_api
0,1,1,200,119.883,16,0,0,0,0,9,0,0,0,normal
0,4,1,200,31.361,2,0,0,0,0,40,0,0,0,normal
1,2,0,401,14.259,21,0,0,1,0,15,0,0,6,rate_abuse
1,3,1,500,42.316,12,0,0,0,0,43,1,1,9,command_injection
0,2,1,200,8.304,7,1,0,0,0,20,0,0,3,admin_access
0,3,0,400,213.284,2,0,0,1,0,31,1,0,5,sql_injection
1,3,1,200,276.672,14,0,0,0,0,30,0,0,0,normal
1,3,1,200,86.67,13,0,0,0,0,24,0,0,0,normal
0,2,0,403,59.937,1,0,0,1,0,22,0,0,2,jwt_bypass
1,2,0,429,18.683,18,0,0,1,0,14,0,0,6,rate_abuse
0,2,0,400,66.625,7,0,0,1,0,43,1,0,9,command_injection
1,3,1,200,13.456,17,0,0,0,0,33,0,0,0,normal
1,2,0,401,20.354,10,0,0,1,0,17,0,0,6,rate_abuse
0,2,1,200,225.129,8,0,0,0,0,14,0,0,0,normal
1,2,0,200,14.269,1,0,0,0,0,15,0,0,6,rate_abuse
1,2,0,429,16.084,12,0,0,1,0,12,0,0,6,rate_abuse
1,1,1,400,271.849,23,0,0,1,0,45,1,0,10,xxe
0,3,1,200,53.168,22,0,0,0,1,17,0,0,1,bola
0,1,0,400,93.479,22,0,0,1,0,43,1,0,8,ssrf
2,1,1,200,166.543,10,0,0,0,0,6,0,0,0,normal
4,4,1,400,108.41,2,0,0,1,0,24,0,0,0,normal
0,5,1,404,34.347,2,0,0,1,0,46,1,0,7,path_traversal
0,2,0,200,42.059,14,0,1,0,0,9,0,0,4,debug_access
0,4,1,200,3.345,10,0,0,0,0,36,0,0,0,normal
1,1,1,200,152.668,21,0,0,0,0,9,0,0,0,normal
0,3,1,403,136.165,8,0,0,1,1,19,0,0,1,bola
0,3,1,401,28.456,10,1,0,1,0,17,0,0,3,admin_access
0,5,0,404,19.031,13,0,0,1,0,51,1,0,7,path_traversal
1,1,1,200,138.914,17,0,0,0,0,9,0,0,0,normal
0,1,1,200,335.385,7,0,0,0,0,106,1,0,8,ssrf
2,3,1,200,57.667,19,0,0,0,0,18,0,0,0,normal
1,2,0,400,244.704,7,0,0,1,0,26,1,0,5,sql_injection
0,4,1,400,108.102,15,0,0,1,0,56,1,0,7,path_traversal
1,1,0,500,79.197,9,0,0,0,0,32,1,1,9,command_injection
0,3,0,200,287.913,19,1,0,0,0,24,0,0,3,admin_access
1,2,1,200,91.231,6,0,0,0,0,22,0,0,0,normal
4,3,1,200,96.205,4,0,0,0,0,27,0,0,0,normal
0,1,1,401,174.015,16,0,0,1,0,5,0,0,0,normal
1,3,1,200,80.506,19,0,0,0,0,21,0,0,11,shadow_api
1,1,1,500,495.258,7,0,0,0,0,36,1,1,9,command_injection
1,1,1,200,31.434,0,0,0,0,0,7,0,0,0,normal
1,4,0,200,15.659,18,0,0,0,0,28,0,0,0,normal
0,2,0,500,140.643,19,0,0,0,0,29,1,1,9,command_injection
1,2,0,401,14.036,0,0,0,1,0,15,0,0,6,rate_abuse
1,3,0,403,12.36,15,0,0,1,0,12,0,0,11,shadow_api
0,1,1,500,140.137,15,0,0,0,0,34,1,1,9,command_injection
1,3,1,200,65.302,6,0,0,0,0,27,0,0,0,normal
1,2,0,400,206.605,2,0,0,1,0,39,1,0,10,xxe
0,2,1,200,7.502,8,0,0,0,1,14,0,0,1,bola
1,3,1,200,224.893,11,0,0,0,0,107,1,0,8,ssrf
2,1,1,201,7.96,5,0,0,0,0,5,0,0,0,normal
2,1,1,404,106.103,2,0,0,1,0,10,0,0,0,normal
0,3,1,200,373.154,4,0,0,0,0,21,0,0,0,normal
1,2,0,200,28.117,18,0,0,0,0,14,0,0,6,rate_abuse
0,1,1,200,82.741,2,0,0,0,0,10,0,0,0,normal
1,1,0,200,76.237,2,0,0,0,0,10,0,0,0,normal
1,2,1,201,80.267,14,0,0,0,0,18,0,0,0,normal
0,4,1,422,20.317,18,0,0,1,0,28,0,0,0,normal
0,4,0,200,41.216,19,0,0,0,0,28,0,0,0,normal
1,2,1,400,163.019,6,0,0,1,0,20,0,0,0,normal
0,4,1,200,61.314,5,0,0,0,0,36,0,0,0,normal
0,2,0,404,387.693,1,0,1,1,0,13,0,0,4,debug_access
1,4,0,200,54.16,4,0,0,0,0,32,0,0,0,normal
0,4,1,404,13.645,10,0,0,1,0,44,0,0,0,normal
0,2,0,404,366.967,2,0,1,1,0,17,0,0,4,debug_access
1,4,1,200,123.887,14,0,0,0,0,44,0,0,0,normal
0,2,0,500,6.283,9,0,0,0,0,36,1,1,9,command_injection
0,2,1,200,192.185,5,0,0,0,1,14,0,0,1,bola
1,1,1,400,58.136,14,0,0,1,0,24,1,0,9,command_injection
0,3,1,401,80.363,5,1,0,1,0,20,0,0,3,admin_access
1,2,1,200,356.072,7,0,0,0,0,66,1,0,8,ssrf
1,3,1,200,238.151,15,0,0,0,0,61,1,0,10,xxe
0,2,0,404,7.387,23,0,1,1,0,8,0,0,4,debug_access
3,3,0,200,33.558,4,0,0,0,0,27,0,0,0,normal
1,1,0,200,4.023,14,0,0,0,0,9,0,0,0,normal
1,3,1,200,43.992,15,0,0,0,0,12,0,0,11,shadow_api
1,2,1,400,63.241,2,0,0,1,0,65,1,0,10,xxe
1,2,0,400,285.873,13,0,0,1,0,88,1,0,8,ssrf
0,2,0,401,100.637,11,0,0,1,0,29,0,0,2,jwt_bypass
0,2,1,404,108.762,10,0,0,1,0,20,0,0,0,normal
1,4,1,422,25.581,22,0,0,1,0,20,0,0,0,normal
0,1,0,404,43.236,15,0,0,1,0,7,0,0,0,normal
1,2,0,429,30.287,12,0,0,1,0,9,0,0,6,rate_abuse
0,1,0,200,95.308,15,0,0,0,0,11,0,0,0,normal
1,2,0,200,118.926,15,0,0,0,0,10,0,0,2,jwt_bypass
0,2,1,201,145.437,16,0,0,0,0,10,0,0,0,normal
2,2,1,200,44.294,12,0,0,0,0,14,0,0,0,normal
0,4,1,404,25.641,11,0,0,1,0,44,0,0,0,normal
1,2,0,400,82.676,9,0,0,1,0,16,0,0,0,normal
2,1,1,400,58.235,3,0,0,1,0,11,0,0,0,normal
1,2,0,429,30.709,6,0,0,1,0,11,0,0,6,rate_abuse
3,4,1,401,0.899,18,0,0,1,0,36,0,0,0,normal
1,1,1,200,72.01,11,0,0,0,0,10,0,0,0,normal
0,3,0,201,23.627,6,0,0,0,0,18,0,0,0,normal
0,4,1,200,67.754,21,0,0,0,0,20,0,0,0,normal
0,3,1,200,10.08,17,0,0,0,0,30,0,0,0,normal
1,2,1,500,8.706,23,0,0,0,0,50,1,1,9,command_injection
1,1,1,404,11.676,23,0,0,1,0,10,0,0,0,normal
0,8,0,200,149.202,15,0,0,0,0,89,1,0,7,path_traversal
1,2,0,401,34.909,20,0,0,1,0,10,0,0,6,rate_abuse
0,2,1,404,15.872,7,0,0,1,0,22,0,0,0,normal
0,3,1,422,123.139,15,0,0,1,0,21,0,0,0,normal
1,2,0,429,9.301,22,0,0,1,0,12,0,0,6,rate_abuse
0,4,1,200,11.38,2,0,0,0,0,40,0,0,0,normal
0,2,0,200,116.342,10,0,0,0,0,14,0,0,2,jwt_bypass
0,2,1,400,3.1,9,0,0,1,0,28,1,0,5,sql_injection
0,1,1,200,119.6,3,0,0,0,0,8,0,0,0,normal
0,3,0,200,44.81,14,0,0,0,0,33,0,0,0,normal
0,2,0,401,47.584,11,0,0,1,0,28,0,0,2,jwt_bypass
1,4,0,200,67.959,20,0,0,0,0,36,0,0,0,normal
0,3,1,403,56.073,14,0,0,1,1,15,0,0,1,bola
1,2,0,429,6.748,15,0,0,1,0,9,0,0,6,rate_abuse
1,2,0,500,177.291,8,0,0,0,0,100,1,1,8,ssrf
0,1,0,201,43.654,8,0,0,0,0,11,0,0,0,normal
1,1,1,400,250.938,19,0,0,1,0,36,1,0,5,sql_injection
0,3,1,200,191.926,2,0,0,0,1,11,0,0,1,bola
0,4,1,201,43.443,15,0,0,0,0,20,0,0,0,normal
0,1,1,201,58.723,23,0,0,0,0,9,0,0,0,normal
1,2,1,200,28.025,22,0,0,0,0,12,0,0,0,normal
0,1,1,200,51.737,5,0,0,0,0,9,0,0,0,normal
0,3,0,400,98.806,8,0,0,1,0,47,1,0,5,sql_injection
1,1,1,400,81.949,23,0,0,1,0,45,1,0,5,sql_injection
1,1,1,200,125.788,5,0,0,0,0,5,0,0,0,normal
0,2,0,400,94.219,1,0,0,1,0,49,1,0,9,command_injection
0,2,1,201,93.328,15,0,0,0,0,14,0,0,0,normal
2,3,1,200,64.334,6,0,0,0,0,30,0,0,0,normal
0,4,1,200,23.03,6,0,0,0,0,32,0,0,0,normal
1,4,1,200,48.326,15,0,0,0,0,40,0,0,0,normal
2,4,1,201,8.987,21,0,0,0,0,20,0,0,0,normal
1,1,1,200,48.494,19,0,0,0,0,6,0,0,0,normal
0,4,0,200,56.257,20,0,0,0,0,24,0,0,0,normal
0,3,1,200,5.506,0,1,0,0,0,16,0,0,3,admin_access
0,2,1,204,204.553,15,0,0,0,0,20,0,0,0,normal
0,2,1,200,24.307,8,0,0,0,0,15,0,0,11,shadow_api
0,1,1,200,74.558,6,0,0,0,0,7,0,0,0,normal
0,2,0,403,116.957,13,1,0,1,0,16,0,0,3,admin_access
3,3,0,200,66.591,10,0,0,0,0,15,0,0,0,normal
3,1,1,200,37.323,11,0,0,0,0,6,0,0,0,normal
0,2,1,200,5.371,8,0,0,0,1,17,0,0,1,bola
0,2,0,200,117.547,21,0,0,0,0,26,0,0,2,jwt_bypass
1,2,0,200,10.648,22,0,0,0,0,14,0,0,6,rate_abuse
0,3,0,200,4.918,10,1,0,0,0,23,0,0,3,admin_access
0,3,0,200,304.922,2,1,0,0,0,10,0,0,3,admin_access
0,2,1,200,38.002,1,0,0,0,1,17,0,0,1,bola
0,1,1,200,119.285,21,0,0,0,0,7,0,0,0,normal
0,1,0,400,147.423,0,0,0,1,0,42,1,0,9,command_injection
1,2,0,401,9.968,23,0,0,1,0,16,0,0,6,rate_abuse
0,2,0,200,12.177,18,0,1,0,0,17,0,0,4,debug_access
1,2,0,500,184.877,10,0,0,0,0,72,1,1,10,xxe
3,1,0,200,48.684,21,0,0,0,0,11,0,0,0,normal
0,2,0,200,24.081,15,0,0,0,0,14,0,0,0,normal
1,1,1,500,50.504,18,0,0,0,0,43,1,1,10,xxe
0,3,0,200,23.223,4,1,0,0,0,20,0,0,3,admin_access
1,3,1,200,160.384,18,0,0,0,0,30,0,0,0,normal
0,1,1,200,171.449,1,0,0,0,0,5,0,0,0,normal
4,2,1,401,8.513,3,0,0,1,0,12,0,0,0,normal
1,2,0,429,5.911,17,0,0,1,0,13,0,0,6,rate_abuse
0,1,1,422,49.465,7,0,0,1,0,6,0,0,0,normal
1,2,0,401,89.228,10,0,0,1,0,13,0,0,2,jwt_bypass
2,2,1,200,176.659,6,0,0,0,0,16,0,0,0,normal
0,2,1,200,31.877,19,0,0,0,0,18,0,0,0,normal
1,2,0,429,29.083,4,0,0,1,0,13,0,0,6,rate_abuse
1,1,1,200,69.473,15,0,0,0,0,30,1,0,9,command_injection
1,3,1,200,26.791,12,0,0,0,0,21,0,0,0,normal
0,2,1,200,5.873,4,0,0,0,0,10,0,0,0,normal
0,1,0,201,111.389,20,0,0,0,0,7,0,0,0,normal
1,2,0,200,70.534,13,0,0,0,0,27,0,0,2,jwt_bypass
2,2,1,200,14.107,4,0,0,0,0,10,0,0,0,normal
1,1,1,500,163.887,16,0,0,0,0,69,1,1,10,xxe
2,3,1,200,28.434,10,0,0,0,0,27,0,0,0,normal
3,1,1,200,201.415,12,0,0,0,0,11,0,0,0,normal
0,4,1,200,164.46,0,0,0,0,0,28,0,0,0,normal
0,2,1,403,65.212,5,1,0,1,0,14,0,0,3,admin_access
0,4,1,200,5.993,10,0,0,0,0,40,0,0,0,normal
0,1,1,404,50.67,19,0,0,1,0,7,0,0,0,normal
0,3,1,403,89.4,6,0,0,1,1,14,0,0,1,bola
1,2,0,400,59.525,18,0,0,1,0,30,1,0,9,command_injection
2,3,0,200,16.09,15,0,0,0,0,24,0,0,0,normal
1,3,1,200,132.636,12,0,0,0,0,30,0,0,0,normal
0,2,1,422,9.947,21,0,0,1,0,14,0,0,0,normal
1,2,1,200,340.408,22,0,0,0,0,12,0,0,0,normal
0,1,1,201,7.285,11,0,0,0,0,5,0,0,0,normal
0,4,0,200,121.599,3,0,0,0,0,44,0,0,0,normal
1,2,0,429,18.204,3,0,0,1,0,14,0,0,6,rate_abuse
0,3,0,200,37.764,18,0,0,0,0,33,0,0,0,normal
1,2,0,429,27.314,9,0,0,1,0,17,0,0,6,rate_abuse
0,3,1,204,189.599,13,0,0,0,0,24,0,0,0,normal
1,2,0,403,66.194,11,0,0,1,0,15,0,0,2,jwt_bypass
0,2,0,500,50.464,22,0,0,0,0,48,1,1,9,command_injection
0,2,1,200,157.647,1,0,0,0,0,75,1,0,8,ssrf
0,3,0,204,28.298,22,0,0,0,0,21,0,0,0,normal
1,2,0,500,226.238,5,0,0,0,0,67,1,1,10,xxe
0,2,0,200,38.568,5,1,0,0,0,10,0,0,3,admin_access
2,4,0,201,329.07,10,0,0,0,0,40,0,0,0,normal
0,3,1,403,21.968,22,1,0,1,0,14,0,0,3,admin_access
0,3,1,403,146.962,18,0,0,1,0,13,0,0,11,shadow_api
3,1,1,200,54.059,1,0,0,0,0,6,0,0,0,normal
1,3,0,201,71.728,11,0,0,0,0,15,0,0,0,normal
2,1,1,200,44.828,14,0,0,0,0,11,0,0,0,normal
0,6,0,400,97.486,7,0,0,1,0,79,1,0,7,path_traversal
1,3,0,500,513.091,22,0,0,0,0,55,1,1,9,command_injection
0,4,0,200,53.469,9,0,0,0,0,20,0,0,0,normal
1,2,0,200,26.217,16,0,0,0,0,14,0,0,6,rate_abuse
1,3,1,200,104.91,17,0,0,0,0,17,0,0,11,shadow_api
0,2,1,200,20.897,13,0,0,0,0,18,0,0,0,normal
1,2,1,200,321.615,17,0,0,0,0,51,1,0,8,ssrf
0,1,1,400,23.413,19,0,0,1,0,11,0,0,0,normal
0,2,1,400,87.18,22,0,0,1,0,22,0,0,0,normal
0,1,1,500,271.873,8,0,0,0,0,31,1,1,5,sql_injection
0,4,1,401,6.982,8,0,0,1,0,44,0,0,0,normal
0,2,0,400,101.275,4,0,0,1,0,18,0,0,0,normal
1,2,1,500,158.856,7,0,0,0,0,79,1,1,10,xxe
0,1,1,200,47.198,19,0,0,0,0,11,0,0,0,normal
0,2,1,200,14.285,9,0,0,0,0,16,0,0,0,normal
0,2,0,200,33.05,5,0,1,0,0,14,0,0,4,debug_access
1,3,0,500,343.608,14,0,0,0,0,51,1,1,8,ssrf
1,1,1,200,198.131,2,0,0,0,0,39,1,0,10,xxe
0,1,1,200,238.607,22,0,0,0,0,48,1,0,9,command_injection
0,4,1,404,49.013,1,0,0,1,0,24,0,0,0,normal
0,2,0,200,17.639,7,1,0,0,0,24,0,0,3,admin_access
1,1,1,200,43.167,3,0,0,0,0,5,0,0,0,normal
0,4,0,200,6.956,0,0,0,0,0,24,0,0,0,normal
0,2,1,500,47.883,18,0,0,0,0,31,1,1,5,sql_injection
1,1,0,201,44.23,8,0,0,0,0,5,0,0,0,normal
0,2,0,401,62.481,19,0,0,1,0,10,0,0,2,jwt_bypass
0,3,1,200,17.683,1,0,0,0,0,21,0,0,0,normal
0,2,1,200,11.068,12,0,0,0,0,10,0,0,0,normal
0,4,1,200,206.211,2,0,0,0,0,28,0,0,0,normal
0,2,1,200,135.212,6,0,0,0,0,16,0,0,0,normal
0,6,0,200,11.171,2,0,0,0,0,74,1,0,7,path_traversal
1,2,0,201,86.515,4,0,0,0,0,14,0,0,0,normal
0,4,1,200,157.441,5,0,0,0,0,24,0,0,0,normal
0,1,1,422,145.511,16,0,0,1,0,6,0,0,0,normal
1,2,1,400,185.282,11,0,0,1,0,62,1,0,10,xxe
0,2,0,500,273.411,17,0,0,0,0,27,1,1,5,sql_injection
0,3,1,201,137.604,15,0,0,0,0,18,0,0,0,normal
0,3,1,400,268.782,22,0,0,1,0,18,0,0,0,normal
2,4,1,422,29.98,8,0,0,1,0,32,0,0,0,normal
0,2,1,200,103.961,19,0,0,0,0,101,1,0,8,ssrf
1,2,1,200,11.671,12,0,0,0,0,14,0,0,0,normal
0,6,0,200,17.751,9,0,0,0,0,50,1,0,7,path_traversal
0,1,1,200,35.972,3,0,0,0,0,6,0,0,0,normal
1,2,0,200,33.691,21,0,0,0,0,8,0,0,6,rate_abuse
3,4,1,200,86.933,21,0,0,0,0,32,0,0,0,normal
1,2,0,200,17.857,13,0,0,0,0,15,0,0,6,rate_abuse
0,1,0,200,206.763,20,0,0,0,0,8,0,0,0,normal
0,2,0,400,176.634,11,0,0,1,0,58,1,0,5,sql_injection
0,2,0,200,54.116,19,0,0,0,0,29,0,0,2,jwt_bypass
1,2,0,200,29.168,13,0,0,0,0,8,0,0,6,rate_abuse
0,3,1,200,0.357,2,0,0,0,0,15,0,0,0,normal
0,2,1,200,30.15,0,0,0,0,1,15,0,0,1,bola
0,5,1,400,100.483,12,0,0,1,0,61,1,0,7,path_traversal
1,3,1,422,144.624,21,0,0,1,0,30,0,0,0,normal
1,2,0,429,11.223,4,0,0,1,0,15,0,0,6,rate_abuse
0,1,1,400,18.334,11,0,0,1,0,56,1,0,5,sql_injection
0,2,0,401,63.487,19,0,0,1,0,27,0,0,2,jwt_bypass
0,4,1,201,97.301,6,0,0,0,0,32,0,0,0,normal
1,2,0,200,25.054,9,0,0,0,0,11,0,0,6,rate_abuse
1,2,0,429,27.515,16,0,0,1,0,10,0,0,6,rate_abuse
1,2,0,200,33.264,8,0,0,0,0,10,0,0,0,normal
0,2,0,401,96.403,10,0,0,1,0,20,0,0,2,jwt_bypass
1,4,0,200,14.489,17,0,0,0,0,20,0,0,0,normal
0,1,1,204,244.345,17,0,0,0,0,8,0,0,0,normal
2,3,1,404,31.794,6,0,0,1,0,33,0,0,0,normal
0,2,0,403,100.284,4,0,0,1,0,24,0,0,2,jwt_bypass
0,2,0,200,10.102,10,0,1,0,0,8,0,0,4,debug_access
0,4,1,400,161.808,7,0,0,1,0,40,0,0,0,normal
1,1,0,200,3.944,12,0,0,0,0,9,0,0,0,normal
2,2,1,201,62.718,19,0,0,0,0,14,0,0,0,normal
0,2,1,200,41.168,10,0,0,0,0,14,0,0,0,normal
0,2,0,400,105.714,15,0,0,1,0,25,1,0,5,sql_injection
0,4,1,401,151.063,8,0,0,1,0,32,0,0,0,normal
0,3,1,200,90.64,11,0,0,0,0,15,0,0,0,normal
1,1,1,200,62.163,22,0,0,0,0,45,1,0,9,command_injection
0,4,1,201,143.102,18,0,0,0,0,40,0,0,0,normal
0,2,1,404,55.548,6,0,0,1,0,16,0,0,0,normal
0,2,1,200,83.793,10,0,0,0,0,22,0,0,0,normal
1,2,0,200,28.352,9,0,0,0,0,8,0,0,6,rate_abuse
0,3,1,403,60.46,7,0,0,1,0,15,0,0,11,shadow_api
0,5,0,404,33.689,4,0,0,1,0,30,1,0,7,path_traversal
3,1,1,401,24.882,15,0,0,1,0,8,0,0,0,normal
2,3,1,200,17.794,2,0,0,0,0,33,0,0,0,normal
0,3,0,400,347.355,11,0,0,1,0,107,1,0,8,ssrf
0,2,1,200,3.868,15,0,0,0,1,9,0,0,1,bola
0,2,0,200,183.484,15,0,1,0,0,10,0,0,4,debug_access
0,3,0,401,105.461,17,1,0,1,0,17,0,0,3,admin_access
0,1,1,200,115.65,14,0,0,0,0,10,0,0,0,normal
0,1,1,400,326.341,2,0,0,1,0,41,1,0,8,ssrf
0,4,1,200,79.759,2,0,0,0,0,44,0,0,0,normal
0,3,1,204,43.043,6,0,0,0,0,27,0,0,0,normal
0,4,0,200,25.293,2,0,0,0,0,40,0,0,0,normal
1,2,1,500,110.478,8,0,0,0,0,54,1,1,10,xxe
0,3,1,200,348.463,14,0,0,0,0,33,0,0,0,normal
1,2,0,500,129.16,14,0,0,0,0,54,1,1,8,ssrf
1,2,1,200,87.394,12,0,0,0,0,63,1,0,5,sql_injection
0,2,1,201,135.223,4,0,0,0,0,16,0,0,0,normal
0,2,0,200,52.621,10,0,1,0,0,15,0,0,4,debug_access
0,1,0,400,70.127,11,0,0,1,0,93,1,0,8,ssrf
0,1,1,200,66.598,12,0,0,0,0,11,0,0,0,normal
0,5,0,404,110.353,2,0,0,1,0,51,1,0,7,path_traversal
0,1,1,200,16.664,8,0,0,0,0,5,0,0,0,normal
1,1,1,200,156.3,13,0,0,0,0,8,0,0,0,normal
0,2,0,403,15.875,10,0,0,1,0,25,0,0,2,jwt_bypass
1,3,0,500,297.165,21,0,0,0,0,25,1,1,5,sql_injection
0,3,1,200,55.309,10,0,0,0,0,24,0,0,0,normal
0,7,1,404,0.147,5,0,0,1,0,88,1,0,7,path_traversal
0,2,1,200,68.962,4,0,0,0,0,16,0,0,0,normal
0,2,0,401,92.047,18,0,0,1,0,24,0,0,2,jwt_bypass
0,2,1,403,274.298,18,0,0,1,1,16,0,0,1,bola
0,1,1,200,8.349,7,0,0,0,0,5,0,0,0,normal
1,2,0,200,29.895,8,0,0,0,0,11,0,0,6,rate_abuse
0,3,1,200,18.38,12,0,0,0,1,12,0,0,1,bola
1,2,0,429,7.883,1,0,0,1,0,14,0,0,6,rate_abuse
1,2,0,200,26.123,8,0,0,0,0,9,0,0,6,rate_abuse
0,3,1,200,27.033,18,0,0,0,1,10,0,0,1,bola
1,3,1,204,345.529,15,0,0,0,0,33,0,0,0,normal
0,1,1,200,15.283,19,0,0,0,0,5,0,0,0,normal
3,2,0,200,128.131,17,0,0,0,0,10,0,0,0,normal
0,1,0,200,133.987,7,0,0,0,0,8,0,0,0,normal
0,2,1,403,57.119,14,0,0,1,1,8,0,0,1,bola
0,3,0,200,28.112,11,0,0,0,0,15,0,0,11,shadow_api
0,1,1,200,137.183,11,0,0,0,0,9,0,0,0,normal
1,1,0,500,48.043,19,0,0,0,0,58,1,1,5,sql_injection
1,3,0,200,180.661,19,0,0,0,0,32,1,0,10,xxe
1,2,0,401,21.206,22,0,0,1,0,11,0,0,2,jwt_bypass
1,4,1,200,14.916,14,0,0,0,0,32,0,0,0,normal
0,4,0,404,64.919,20,0,0,1,0,39,1,0,7,path_traversal
0,2,0,404,16.96,14,0,1,1,0,13,0,0,4,debug_access
1,1,1,200,22.287,10,0,0,0,0,10,0,0,0,normal
2,4,0,401,42.485,11,0,0,1,0,24,0,0,0,normal
1,4,1,200,30.385,11,0,0,0,0,44,0,0,0,normal
0,2,1,403,31.446,14,0,0,1,1,10,0,0,1,bola
0,3,1,200,45.739,15,0,0,0,1,10,0,0,1,bola
0,2,1,400,10.374,20,0,0,1,0,12,0,0,0,normal
1,1,0,400,112.379,5,0,0,1,0,6,0,0,0,normal
2,3,1,200,143.593,15,0,0,0,0,30,0,0,0,normal
0,3,1,200,65.694,12,0,0,0,0,18,0,0,0,normal
0,2,0,404,0.428,16,0,1,1,0,13,0,0,4,debug_access
0,2,1,403,52.281,17,0,0,1,1,18,0,0,1,bola
0,4,0,200,67.027,18,0,0,0,0,24,0,0,0,normal
0,2,0,200,46.272,4,0,0,0,0,17,0,0,2,jwt_bypass
1,1,1,201,14.508,10,0,0,0,0,9,0,0,0,normal
1,4,1,200,321.495,4,0,0,0,0,44,0,0,0,normal
1,2,0,429,5.388,3,0,0,1,0,9,0,0,6,rate_abuse
0,4,0,404,156.239,2,0,0,1,0,69,1,0,7,path_traversal
0,2,1,200,91.189,5,0,0,0,1,10,0,0,1,bola
0,3,1,403,84.058,5,1,0,1,0,11,0,0,3,admin_access
0,4,0,200,85.29,23,0,0,0,0,24,0,0,0,normal
1,2,0,401,69.493,22,0,0,1,0,16,0,0,2,jwt_bypass
1,1,1,200,33.408,4,0,0,0,0,8,0,0,0,normal
1,2,0,429,11.145,0,0,0,1,0,8,0,0,6,rate_abuse
1,2,1,400,158.247,16,0,0,1,0,40,1,0,8,ssrf
0,2,0,400,192.158,10,0,0,1,0,12,0,0,0,normal
1,2,0,500,30.468,16,0,0,0,0,21,1,1,9,command_injection
1,3,1,500,72.221,5,0,0,0,0,39,1,1,9,command_injection
0,1,0,200,310.679,3,0,0,0,0,51,1,0,5,sql_injection
1,1,1,200,30.893,13,0,0,0,0,8,0,0,0,normal
0,3,1,200,214.73,8,0,0,0,1,19,0,0,1,bola
0,2,0,200,125.386,13,1,0,0,0,13,0,0,3,admin_access
0,7,1,400,53.91,4,0,0,1,0,75,1,0,7,path_traversal
0,4,0,200,154.493,16,0,0,0,0,32,0,0,0,normal
1,3,1,500,38.212,5,0,0,0,0,56,1,1,5,sql_injection
1,1,1,500,0.763,10,0,0,0,0,52,1,1,9,command_injection
0,2,1,200,106.247,1,0,0,0,0,16,0,0,0,normal
0,3,1,401,12.126,17,0,0,1,0,21,0,0,0,normal
1,1,0,200,18.802,1,0,0,0,0,11,0,0,0,normal
1,1,1,200,33.326,12,0,0,0,0,10,0,0,0,normal
1,2,0,429,3.256,15,0,0,1,0,15,0,0,6,rate_abuse
1,3,0,200,26.934,20,0,0,0,0,36,1,0,5,sql_injection
0,2,1,200,119.067,9,0,0,0,0,20,0,0,0,normal
1,3,0,400,192.44,18,0,0,1,0,59,1,0,8,ssrf
0,4,0,401,104.937,17,0,0,1,0,20,0,0,0,normal
0,3,1,200,16.089,18,0,0,0,1,17,0,0,1,bola
0,3,1,200,121.078,20,0,0,0,0,58,1,0,5,sql_injection
0,2,1,200,96.029,12,0,0,0,0,20,0,0,0,normal
1,3,1,500,177.316,6,0,0,0,0,109,1,1,8,ssrf
1,2,0,429,14.84,3,0,0,1,0,12,0,0,6,rate_abuse
1,2,0,200,189.878,5,0,0,0,0,12,0,0,0,normal
0,1,1,422,60.795,16,0,0,1,0,11,0,0,0,normal
0,2,1,200,8.965,21,0,0,0,0,13,0,0,11,shadow_api
0,8,0,200,76.278,11,0,0,0,0,59,1,0,7,path_traversal
1,4,1,200,14.909,15,0,0,0,0,44,0,0,0,normal
0,4,1,200,31.437,1,0,0,0,0,44,0,0,0,normal
1,2,1,500,228.984,18,0,0,0,0,31,1,1,10,xxe
1,2,1,500,129.961,2,0,0,0,0,40,1,1,5,sql_injection
0,2,1,403,42.472,14,1,0,1,0,17,0,0,3,admin_access
0,2,0,404,49.916,19,0,1,1,0,11,0,0,4,debug_access
1,4,1,200,1.585,10,0,0,0,0,20,0,0,0,normal
1,2,0,429,10.287,8,0,0,1,0,10,0,0,6,rate_abuse
2,1,1,400,169.399,23,0,0,1,0,10,0,0,0,normal
0,2,1,403,89.051,20,1,0,1,0,14,0,0,3,admin_access
0,2,1,200,293.471,2,0,0,0,1,10,0,0,1,bola
1,2,0,429,8.485,6,0,0,1,0,10,0,0,6,rate_abuse
1,1,1,500,60.646,7,0,0,0,0,41,1,1,9,command_injection
1,1,1,200,112.909,16,0,0,0,0,5,0,0,0,normal
1,3,1,500,729.832,18,0,0,0,0,31,1,1,9,command_injection
3,2,0,422,30.212,3,0,0,1,0,12,0,0,0,normal
1,2,0,200,0.677,22,0,0,0,0,34,1,0,5,sql_injection
1,2,0,201,214.347,15,0,0,0,0,14,0,0,0,normal
0,4,1,200,73.257,20,0,0,0,0,28,0,0,0,normal
0,2,0,200,17.415,2,0,0,0,0,10,0,0,0,normal
1,3,1,200,5.096,11,0,0,0,0,27,0,0,0,normal
1,2,1,500,246.635,14,0,0,0,0,41,1,1,5,sql_injection
0,2,0,200,193.965,10,0,1,0,0,11,0,0,4,debug_access
1,4,1,401,182.006,19,0,0,1,0,24,0,0,0,normal
1,2,1,200,13.215,7,0,0,0,0,20,0,0,0,normal
0,2,1,200,90.971,23,0,0,0,0,46,1,0,5,sql_injection
0,1,0,400,227.017,5,0,0,1,0,56,1,0,5,sql_injection
0,2,1,201,203.974,5,0,0,0,0,22,0,0,0,normal
1,2,0,401,6.716,8,0,0,1,0,12,0,0,6,rate_abuse
2,3,1,200,24.656,23,0,0,0,0,21,0,0,0,normal
1,4,0,204,139.75,23,0,0,0,0,28,0,0,0,normal
0,2,0,404,39.553,0,0,1,1,0,10,0,0,4,debug_access
1,4,0,401,116.316,10,0,0,1,0,20,0,0,0,normal
2,4,1,200,9.85,18,0,0,0,0,44,0,0,0,normal
0,2,1,200,98.472,0,0,0,0,0,12,0,0,0,normal
1,2,1,200,2.493,5,0,0,0,0,10,0,0,0,normal
1,2,0,429,6.977,0,0,0,1,0,12,0,0,6,rate_abuse
1,2,0,200,67.134,16,0,0,0,0,27,0,0,2,jwt_bypass
0,4,1,404,208.811,22,0,0,1,0,60,1,0,7,path_traversal
1,1,1,200,314.952,8,0,0,0,0,5,0,0,0,normal
3,2,1,422,12.73,0,0,0,1,0,12,0,0,0,normal
0,1,1,500,98.034,5,0,0,0,0,43,1,1,8,ssrf
1,2,1,200,149.867,11,0,0,0,0,22,0,0,0,normal
0,3,0,200,31.893,7,0,0,0,0,27,0,0,0,normal
2,1,1,200,29.527,8,0,0,0,0,7,0,0,0,normal
0,4,1,200,47.766,5,0,0,0,0,32,0,0,0,normal
0,3,1,403,0.199,12,0,0,1,1,18,0,0,1,bola
0,1,0,400,198.67,2,0,0,1,0,11,0,0,0,normal
0,3,1,200,114.83,19,0,0,0,0,33,0,0,0,normal
0,8,1,404,21.734,19,0,0,1,0,42,1,0,7,path_traversal
2,4,1,200,12.737,20,0,0,0,0,44,0,0,0,normal
0,3,1,200,26.662,7,0,0,0,1,10,0,0,1,bola
0,4,1,404,83.568,9,0,0,1,0,24,0,0,0,normal
1,3,0,204,192.773,2,0,0,0,0,15,0,0,0,normal
0,4,1,200,70.352,11,0,0,0,0,36,0,0,0,normal
0,3,1,200,20.659,8,0,0,0,1,19,0,0,1,bola
3,1,1,200,124.565,13,0,0,0,0,11,0,0,0,normal
0,3,1,200,30.206,12,0,0,0,0,33,0,0,0,normal
0,1,0,200,116.634,18,0,0,0,0,9,0,0,0,normal
0,2,1,200,173.183,13,0,0,0,0,22,0,0,0,normal
0,3,1,400,91.054,14,0,0,1,0,27,0,0,0,normal
2,4,1,200,46.903,6,0,0,0,0,36,0,0,0,normal
0,2,1,403,101.192,13,1,0,1,0,17,0,0,3,admin_access
1,2,1,200,153.502,2,0,0,0,0,16,0,0,11,shadow_api
0,2,1,200,75.6,17,0,0,0,0,16,0,0,0,normal
1,2,0,200,4.657,19,0,0,0,0,12,0,0,6,rate_abuse
1,1,1,500,297.517,9,0,0,0,0,71,1,1,10,xxe
0,2,0,201,99.731,18,0,0,0,0,22,0,0,0,normal
1,3,1,400,205.863,7,0,0,1,0,41,1,0,10,xxe
3,3,0,200,15.82,4,0,0,0,0,30,0,0,0,normal
3,1,1,400,57.876,15,0,0,1,0,10,0,0,0,normal
2,4,1,200,1.551,17,0,0,0,0,36,0,0,0,normal
0,1,0,200,2.266,5,0,0,0,0,9,0,0,0,normal
0,3,1,401,23.248,19,1,0,1,0,23,0,0,3,admin_access
1,2,1,400,11.323,19,0,0,1,0,14,0,0,0,normal
0,4,1,200,57.078,15,0,0,0,0,20,0,0,0,normal
0,4,1,200,112.972,20,0,0,0,0,28,0,0,0,normal
1,2,1,401,239.365,21,0,0,1,0,12,0,0,0,normal
0,2,0,200,56.403,14,0,0,0,0,22,0,0,0,normal
0,4,1,200,76.001,8,0,0,0,0,32,0,0,0,normal
0,4,1,200,45.923,22,0,0,0,0,44,0,0,0,normal
0,3,1,200,16.393,8,0,0,0,0,27,0,0,0,normal
0,2,0,200,130.042,22,0,1,0,0,14,0,0,4,debug_access
0,7,1,200,20.544,7,0,0,0,0,76,1,0,7,path_traversal
2,3,0,200,233.593,19,0,0,0,0,33,0,0,0,normal
1,3,1,200,75.187,14,0,0,0,0,33,0,0,0,normal
0,3,1,200,62.34,4,0,0,0,1,12,0,0,1,bola
0,2,1,403,122.572,14,0,0,1,1,13,0,0,1,bola
0,6,0,200,286.751,20,0,0,0,0,72,1,0,7,path_traversal
1,2,0,200,7.038,16,0,0,0,0,15,0,0,11,shadow_api
2,2,1,201,16.165,7,0,0,0,0,16,0,0,0,normal
1,1,1,200,217.087,15,0,0,0,0,58,1,0,8,ssrf
1,2,1,200,101.455,3,0,0,0,0,20,0,0,0,normal
0,3,1,201,248.598,13,0,0,0,0,21,0,0,0,normal
1,3,1,403,73.718,20,0,0,1,0,9,0,0,11,shadow_api
0,3,1,403,215.203,5,1,0,1,0,11,0,0,3,admin_access
0,2,0,401,81.557,12,0,0,1,0,13,0,0,2,jwt_bypass
0,2,1,401,67.158,14,0,0,1,0,12,0,0,0,normal
3,1,0,200,16.174,6,0,0,0,0,5,0,0,0,normal
0,2,0,200,65.726,9,0,0,0,0,10,0,0,2,jwt_bypass
0,2,1,500,26.417,0,0,0,0,0,26,1,1,9,command_injection
0,3,1,201,13.299,1,0,0,0,0,24,0,0,0,normal
1,1,0,200,11.697,15,0,0,0,0,6,0,0,0,normal
0,2,0,200,89.678,0,0,0,0,0,16,0,0,2,jwt_bypass
1,2,0,429,9.084,16,0,0,1,0,13,0,0,6,rate_abuse
0,3,0,204,6.309,11,0,0,0,0,24,0,0,0,normal
0,4,1,200,99.179,4,0,0,0,0,44,0,0,0,normal
1,2,0,401,10.061,21,0,0,1,0,16,0,0,2,jwt_bypass
1,3,1,404,118.367,23,0,0,1,0,30,0,0,0,normal
0,2,1,200,58.857,0,0,0,0,0,22,0,0,0,normal
0,2,0,403,103.249,6,0,0,1,0,14,0,0,2,jwt_bypass
3,1,1,400,307.59,23,0,0,1,0,9,0,0,0,normal
0,8,0,404,76.132,16,0,0,1,0,65,1,0,7,path_traversal
0,2,0,404,12.279,2,0,1,1,0,12,0,0,4,debug_access
0,2,0,401,101.717,22,0,0,1,0,21,0,0,2,jwt_bypass
1,3,1,200,9.769,3,0,0,0,0,50,1,0,5,sql_injection
0,3,1,200,158.315,14,0,0,0,1,18,0,0,1,bola
0,1,0,200,77.971,21,0,0,0,0,5,0,0,0,normal
0,2,1,403,154.817,4,0,0,1,1,17,0,0,1,bola
0,2,1,200,58.857,16,0,0,0,0,14,0,0,0,normal
0,1,1,404,50.923,22,0,0,1,0,5,0,0,0,normal
0,2,0,200,46.591,13,0,0,0,0,11,0,0,2,jwt_bypass
3,1,1,200,28.781,10,0,0,0,0,7,0,0,0,normal
0,3,1,200,72.682,17,0,0,0,0,96,1,0,8,ssrf
0,2,1,200,42.792,19,0,0,0,1,14,0,0,1,bola
0,1,0,200,178.207,17,0,0,0,0,10,0,0,0,normal
2,4,1,401,5.727,1,0,0,1,0,28,0,0,0,normal
0,7,0,200,67.91,21,0,0,0,0,55,1,0,7,path_traversal
0,1,1,200,7.096,18,0,0,0,0,11,0,0,0,normal
0,1,1,200,18.38,3,0,0,0,0,11,0,0,0,normal
1,3,1,200,159.505,9,0,0,0,0,21,0,0,0,normal
1,2,0,401,43.143,12,0,0,1,0,14,0,0,2,jwt_bypass
1,2,1,500,237.903,17,0,0,0,0,71,1,1,10,xxe
0,1,1,200,23.104,11,0,0,0,0,32,1,0,5,sql_injection
0,4,1,401,43.146,18,0,0,1,0,40,0,0,0,normal
0,4,1,422,21.67,4,0,0,1,0,40,0,0,0,normal
0,3,1,403,331.365,8,1,0,1,0,17,0,0,3,admin_access
0,3,1,401,106.158,17,1,0,1,0,24,0,0,3,admin_access
4,1,0,200,252.725,3,0,0,0,0,9,0,0,0,normal
1,2,0,401,19.657,19,0,0,1,0,17,0,0,6,rate_abuse
1,2,0,401,116.521,11,0,0,1,0,20,0,0,2,jwt_bypass
0,2,0,401,93.22,21,0,0,1,0,26,0,0,2,jwt_bypass
0,1,0,200,7.11,0,0,0,0,0,6,0,0,0,normal
3,3,0,200,140.532,10,0,0,0,0,15,0,0,0,normal
0,1,1,200,64.207,17,0,0,0,0,5,0,0,0,normal
1,2,1,200,31.323,20,0,0,0,0,12,0,0,0,normal
1,2,0,429,33.986,19,0,0,1,0,12,0,0,6,rate_abuse
1,2,0,200,8.257,1,0,0,0,0,12,0,0,6,rate_abuse
0,3,0,404,150.167,12,0,0,1,0,33,0,0,0,normal
1,1,1,200,9.191,16,0,0,0,0,10,0,0,0,normal
2,1,1,200,83.526,23,0,0,0,0,8,0,0,0,normal
0,3,0,401,50.039,11,1,0,1,0,18,0,0,3,admin_access
0,3,1,200,216.645,12,0,0,0,0,18,0,0,0,normal
0,3,1,201,86.213,9,0,0,0,0,15,0,0,0,normal
1,2,1,400,8.102,12,0,0,1,0,26,1,0,5,sql_injection
0,2,1,204,49.104,13,0,0,0,0,20,0,0,0,normal
2,1,1,400,134.019,10,0,0,1,0,9,0,0,0,normal
0,2,1,200,47.109,13,0,0,0,0,55,1,0,5,sql_injection
0,2,1,200,140.203,12,0,0,0,0,66,1,0,5,sql_injection
1,2,0,500,35.061,4,0,0,0,0,52,1,1,5,sql_injection
1,4,1,200,70.98,15,0,0,0,0,44,0,0,0,normal
0,2,1,401,57.462,2,0,0,1,0,12,0,0,0,normal
1,4,1,404,162.53,13,0,0,1,0,36,0,0,0,normal
0,2,1,200,175.017,6,0,0,0,0,22,0,0,0,normal
0,4,1,401,71.182,21,0,0,1,0,40,0,0,0,normal
3,4,1,200,2.205,5,0,0,0,0,24,0,0,0,normal
1,3,0,400,184.262,23,0,0,1,0,38,1,0,10,xxe
0,2,0,200,123.892,10,0,1,0,0,15,0,0,4,debug_access
0,5,0,404,15.854,22,0,0,1,0,82,1,0,7,path_traversal
0,2,1,200,219.358,23,0,0,0,0,10,0,0,0,normal
0,4,1,201,27.154,1,0,0,0,0,28,0,0,0,normal
0,2,0,200,123.347,18,0,1,0,0,10,0,0,4,debug_access
0,2,0,500,21.715,16,0,0,0,0,37,1,1,9,command_injection
2,3,0,200,77.917,0,0,0,0,0,15,0,0,0,normal
0,3,0,400,174.592,18,0,0,1,0,46,1,0,8,ssrf
1,2,0,200,41.129,14,0,0,0,0,18,0,0,0,normal
0,4,1,200,140.265,21,0,0,0,0,28,0,0,0,normal
1,1,1,200,19.431,2,0,0,0,0,7,0,0,0,normal
0,4,1,404,24.319,2,0,0,1,0,24,0,0,0,normal
0,1,1,404,42.735,1,0,0,1,0,10,0,0,0,normal
0,3,0,201,21.67,6,0,0,0,0,18,0,0,0,normal
0,3,1,400,77.381,8,0,0,1,0,27,0,0,0,normal
0,4,1,204,85.58,23,0,0,0,0,24,0,0,0,normal
1,1,1,500,306.636,0,0,0,0,0,65,1,1,5,sql_injection
0,5,1,404,48.493,21,0,0,1,0,47,1,0,7,path_traversal
0,2,0,200,2.664,0,0,0,0,0,20,0,0,0,normal
1,1,0,200,40.558,3,0,0,0,0,54,1,0,5,sql_injection
0,2,1,200,36.661,1,0,0,0,0,18,0,0,0,normal
0,3,1,200,107.37,18,0,0,0,0,27,0,0,0,normal
0,2,1,403,50.827,14,0,0,1,1,10,0,0,1,bola
1,3,0,500,160.066,19,0,0,0,0,30,1,1,9,command_injection
3,1,1,400,32.431,0,0,0,1,0,6,0,0,0,normal
4,4,0,201,87.382,19,0,0,0,0,44,0,0,0,normal
1,1,1,200,90.637,1,0,0,0,0,7,0,0,0,normal
3,4,1,200,47.58,9,0,0,0,0,20,0,0,0,normal
0,2,0,403,76.003,21,1,0,1,0,24,0,0,3,admin_access
2,2,1,200,10.738,3,0,0,0,0,14,0,0,0,normal
1,4,1,200,16.304,11,0,0,0,0,36,0,0,0,normal
0,2,0,403,94.283,9,1,0,1,0,21,0,0,3,admin_access
0,2,1,204,117.737,16,0,0,0,0,22,0,0,0,normal
0,1,1,204,124.481,18,0,0,0,0,11,0,0,0,normal
0,3,1,200,25.4,22,0,0,0,0,21,0,0,0,normal
0,2,1,200,268.165,20,0,0,0,0,12,0,0,0,normal
2,4,1,401,58.452,5,0,0,1,0,40,0,0,0,normal
1,2,1,200,40.218,9,0,0,0,0,16,0,0,0,normal
1,1,1,200,16.347,10,0,0,0,0,44,1,0,5,sql_injection
1,1,1,200,21.998,10,0,0,0,0,5,0,0,0,normal
1,1,0,400,16.169,16,0,0,1,0,45,1,0,5,sql_injection
0,2,0,401,39.305,8,0,0,1,0,23,0,0,2,jwt_bypass
4,4,1,200,93.338,22,0,0,0,0,28,0,0,0,normal
0,2,0,200,4.585,11,0,0,0,0,8,0,0,11,shadow_api
0,1,0,404,53.634,10,0,0,1,0,8,0,0,0,normal
1,3,1,404,132.29,19,0,0,1,0,21,0,0,0,normal
1,1,1,422,70.512,1,0,0,1,0,6,0,0,0,normal
0,1,1,201,179.32,8,0,0,0,0,10,0,0,0,normal
1,3,0,500,237.455,4,0,0,0,0,30,1,1,10,xxe
0,3,1,204,13.411,10,0,0,0,0,27,0,0,0,normal
1,3,0,200,62.266,22,0,0,0,0,58,1,0,9,command_injection
2,3,1,200,210.428,9,0,0,0,0,24,0,0,0,normal
0,1,1,200,21.326,18,0,0,0,0,11,0,0,0,normal
0,2,0,403,9.457,4,0,0,1,0,10,0,0,11,shadow_api
1,2,0,200,10.877,17,0,0,0,0,18,0,0,11,shadow_api
1,2,0,401,22.411,20,0,0,1,0,15,0,0,6,rate_abuse
1,2,1,400,211.465,19,0,0,1,0,46,1,0,10,xxe
0,2,1,200,62.526,1,0,0,0,1,17,0,0,1,bola
0,3,1,200,35.735,20,0,0,0,0,30,0,0,0,normal
0,2,0,200,29.639,17,0,0,0,0,21,0,0,11,shadow_api
0,2,0,404,170.627,11,0,1,1,0,13,0,0,4,debug_access
0,4,1,201,41.334,4,0,0,0,0,44,0,0,0,normal
0,4,1,200,158.827,18,0,0,0,0,36,0,0,0,normal
1,2,0,200,188.615,23,0,0,0,0,17,0,0,11,shadow_api
1,3,1,200,159.717,7,0,0,0,0,75,1,0,10,xxe
1,2,1,404,49.363,8,0,0,1,0,16,0,0,0,normal
0,1,1,200,24.473,16,0,0,0,0,10,0,0,0,normal
0,2,1,200,65.089,6,0,0,0,1,18,0,0,1,bola
1,2,0,429,32.989,9,0,0,1,0,10,0,0,6,rate_abuse
0,4,1,200,18.492,3,0,0,0,0,32,0,0,0,normal
1,4,1,200,94.19,12,0,0,0,0,28,0,0,0,normal
2,1,0,200,2.843,2,0,0,0,0,7,0,0,0,normal
1,1,1,201,69.077,4,0,0,0,0,5,0,0,0,normal
0,2,1,500,98.269,20,0,0,0,0,20,1,1,9,command_injection
0,3,1,500,303.947,9,0,0,0,0,46,1,1,8,ssrf
2,4,1,200,250.178,13,0,0,0,0,32,0,0,0,normal
1,2,0,429,13.706,4,0,0,1,0,11,0,0,6,rate_abuse
0,4,1,200,482.298,4,0,0,0,0,24,0,0,0,normal
0,2,0,200,54.594,22,0,1,0,0,8,0,0,4,debug_access
1,2,1,422,88.18,13,0,0,1,0,14,0,0,0,normal
1,2,0,429,20.703,18,0,0,1,0,15,0,0,6,rate_abuse
0,2,0,400,180.846,19,0,0,1,0,66,1,0,8,ssrf
0,2,1,200,24.643,23,0,0,0,1,17,0,0,1,bola
1,3,1,200,130.678,6,0,0,0,0,30,0,0,0,normal
1,2,1,400,272.518,0,0,0,1,0,58,1,0,5,sql_injection
0,1,1,200,79.641,3,0,0,0,0,6,0,0,0,normal
0,3,1,403,135.151,18,0,0,1,1,12,0,0,1,bola
0,3,1,200,22.471,14,0,0,0,0,21,0,0,0,normal
0,3,1,201,131.959,0,0,0,0,0,30,0,0,0,normal
1,2,0,429,28.871,11,0,0,1,0,15,0,0,6,rate_abuse
1,1,1,500,385.346,21,0,0,0,0,42,1,1,8,ssrf
1,1,0,500,139.533,19,0,0,0,0,49,1,1,10,xxe
3,4,1,200,121.222,10,0,0,0,0,44,0,0,0,normal
1,2,1,400,71.4,14,0,0,1,0,60,1,0,5,sql_injection
0,3,1,200,9.795,7,0,0,0,1,12,0,0,1,bola
1,2,0,429,19.604,10,0,0,1,0,12,0,0,6,rate_abuse
0,2,1,403,34.95,4,1,0,1,0,23,0,0,3,admin_access
1,2,1,200,21.877,2,0,0,0,0,10,0,0,0,normal
1,1,1,200,120.128,22,0,0,0,0,11,0,0,0,normal
0,3,0,200,117.019,14,0,0,0,0,27,0,0,0,normal
0,3,0,200,9.635,5,0,0,0,0,15,0,0,0,normal
1,2,1,200,145.432,13,0,0,0,0,56,1,0,8,ssrf
1,2,0,401,20.26,23,0,0,1,0,15,0,0,6,rate_abuse
0,2,1,200,117.091,11,0,0,0,0,16,0,0,0,normal
1,2,0,400,196.405,4,0,0,1,0,45,1,0,10,xxe
1,2,1,400,237.289,1,0,0,1,0,57,1,0,10,xxe
0,6,0,404,33.415,20,0,0,1,0,37,1,0,7,path_traversal
0,2,0,404,3.187,13,0,1,1,0,16,0,0,4,debug_access
3,3,1,200,144.9,13,0,0,0,0,15,0,0,0,normal
0,3,0,201,264.191,12,0,0,0,0,24,0,0,0,normal
0,4,1,200,11.691,22,0,0,0,0,28,0,0,0,normal
3,1,0,200,4.404,22,0,0,0,0,6,0,0,0,normal
0,1,1,200,155.996,6,0,0,0,0,10,0,0,0,normal
0,2,1,200,96.692,6,0,0,0,0,10,0,0,11,shadow_api
0,1,1,400,222.002,2,0,0,1,0,53,1,0,5,sql_injection
1,2,1,422,16.105,9,0,0,1,0,14,0,0,0,normal
0,4,1,200,59.891,12,0,0,0,0,28,0,0,0,normal
0,4,1,200,54.563,4,0,0,0,0,28,0,0,0,normal
0,1,1,200,0.839,13,0,0,0,0,9,0,0,0,normal
0,2,0,200,53.925,16,1,0,0,0,19,0,0,3,admin_access
0,4,0,200,207.277,19,0,0,0,0,32,0,0,0,normal
1,2,1,500,219.237,9,0,0,0,0,29,1,1,5,sql_injection
0,4,1,200,22.71,4,0,0,0,0,32,0,0,0,normal
3,4,0,204,3.027,5,0,0,0,0,44,0,0,0,normal
0,3,1,200,25.059,13,0,0,0,1,8,0,0,1,bola
1,3,0,200,60.767,13,0,0,0,0,64,1,0,5,sql_injection
0,4,1,400,42.09,20,0,0,1,0,82,1,0,7,path_traversal
0,1,1,400,20.548,20,0,0,1,0,32,1,0,5,sql_injection
0,2,0,404,41.529,15,0,1,1,0,16,0,0,4,debug_access
1,2,0,401,115.502,23,0,0,1,0,25,0,0,2,jwt_bypass
4,4,1,200,28.028,10,0,0,0,0,24,0,0,0,normal
0,2,1,200,42.663,3,0,0,0,1,14,0,0,1,bola
0,1,0,200,20.583,17,0,0,0,0,6,0,0,0,normal
0,2,0,401,348.062,11,0,0,1,0,10,0,0,0,normal
1,2,1,422,103.97,8,0,0,1,0,18,0,0,0,normal
1,1,0,500,304.508,5,0,0,0,0,47,1,1,9,command_injection
0,4,1,200,15.936,17,0,0,0,0,28,0,0,0,normal
0,1,1,200,65.497,6,0,0,0,0,6,0,0,0,normal
0,4,0,200,73.269,23,0,0,0,0,43,1,0,7,path_traversal
0,3,1,500,258.309,21,0,0,0,0,96,1,1,8,ssrf
1,2,0,429,26.913,20,0,0,1,0,9,0,0,6,rate_abuse
1,2,1,200,170.379,5,0,0,0,0,18,0,0,0,normal
0,3,1,200,231.12,13,0,0,0,1,15,0,0,1,bola
3,3,1,200,47.398,22,0,0,0,0,15,0,0,0,normal
1,3,1,400,236.346,22,0,0,1,0,24,0,0,0,normal
2,1,1,200,103.649,21,0,0,0,0,10,0,0,0,normal
1,2,1,500,7.469,22,0,0,0,0,29,1,1,5,sql_injection
1,2,1,200,115.071,9,0,0,0,0,10,0,0,0,normal
0,3,1,200,96.49,17,0,0,0,0,15,0,0,0,normal
0,2,1,200,84.264,4,0,0,0,0,10,0,0,0,normal
2,4,0,200,55.114,4,0,0,0,0,28,0,0,0,normal
1,2,0,200,8.961,4,0,0,0,0,9,0,0,6,rate_abuse
0,7,0,400,278.358,9,0,0,1,0,76,1,0,7,path_traversal
0,3,1,200,88.719,18,0,0,0,1,16,0,0,1,bola
0,1,1,200,5.939,18,0,0,0,0,6,0,0,0,normal
0,3,1,403,62.229,18,0,0,1,1,8,0,0,1,bola
1,2,0,403,111.856,15,0,0,1,0,17,0,0,2,jwt_bypass
1,3,0,500,91.844,20,0,0,0,0,31,1,1,5,sql_injection
0,2,0,200,263.484,18,0,0,0,0,8,0,0,11,shadow_api
0,2,1,200,144.874,19,0,0,0,0,18,0,0,0,normal
0,3,0,200,51.124,6,0,0,0,0,27,0,0,0,normal
1,3,1,200,71.791,4,0,0,0,0,27,0,0,0,normal
2,4,1,200,24.626,8,0,0,0,0,24,0,0,0,normal
0,2,0,404,86.422,21,0,1,1,0,10,0,0,4,debug_access
0,2,1,500,297.225,19,0,0,0,0,84,1,1,8,ssrf
0,2,1,403,177.636,4,1,0,1,0,15,0,0,3,admin_access
0,2,0,200,17.338,10,0,0,0,0,27,0,0,2,jwt_bypass
0,3,0,401,19.259,17,1,0,1,0,12,0,0,3,admin_access
1,2,1,200,97.312,7,0,0,0,0,10,0,0,0,normal
0,2,1,200,70.235,14,0,0,0,0,12,0,0,0,normal
0,1,1,200,35.54,17,0,0,0,0,8,0,0,0,normal
1,2,0,429,15.973,11,0,0,1,0,14,0,0,6,rate_abuse
1,3,0,200,123.342,4,0,0,0,0,54,1,0,10,xxe
1,2,1,200,34.597,0,0,0,0,0,22,0,0,0,normal
0,4,1,200,3.798,20,0,0,0,0,24,0,0,0,normal
0,1,1,200,9.43,0,0,0,0,0,9,0,0,0,normal
1,3,0,403,89.135,5,0,0,1,0,18,0,0,11,shadow_api
0,1,1,200,37.217,2,0,0,0,0,6,0,0,0,normal
0,2,1,403,9.319,7,1,0,1,0,12,0,0,3,admin_access
1,1,1,200,210.287,5,0,0,0,0,6,0,0,0,normal
2,1,1,200,6.324,7,0,0,0,0,9,0,0,0,normal
1,2,0,200,25.667,20,0,0,0,0,67,1,0,5,sql_injection
0,2,1,403,6.719,10,0,0,1,1,15,0,0,1,bola
1,2,0,401,45.725,11,0,0,1,0,28,0,0,2,jwt_bypass
1,3,1,201,7.779,10,0,0,0,0,24,0,0,0,normal
4,4,1,200,126.727,2,0,0,0,0,44,0,0,0,normal
0,2,0,200,67.618,10,0,1,0,0,13,0,0,4,debug_access
1,2,1,200,25.2,2,0,0,0,0,16,0,0,11,shadow_api
1,4,0,401,9.522,13,0,0,1,0,24,0,0,0,normal
0,1,1,200,201.834,12,0,0,0,0,7,0,0,0,normal
2,3,1,204,17.328,18,0,0,0,0,30,0,0,0,normal
0,3,1,200,95.476,21,0,0,0,1,11,0,0,1,bola
0,1,1,400,150.478,5,0,0,1,0,5,0,0,0,normal
1,2,0,429,11.966,10,0,0,1,0,9,0,0,6,rate_abuse
0,4,0,400,30.291,17,0,0,1,0,28,0,0,0,normal
2,2,1,200,200.064,14,0,0,0,0,10,0,0,0,normal
0,1,1,200,388.05,17,0,0,0,0,8,0,0,0,normal
0,3,1,204,41.966,8,0,0,0,0,18,0,0,0,normal
0,2,0,403,21.284,11,0,0,1,0,26,0,0,2,jwt_bypass
1,2,1,200,1.699,1,0,0,0,0,14,0,0,0,normal
1,3,1,200,209.777,2,0,0,0,0,33,0,0,0,normal
0,3,1,500,4.437,18,0,0,0,0,56,1,1,5,sql_injection
1,3,1,200,13.302,18,0,0,0,0,30,0,0,0,normal
0,2,1,200,17.804,9,0,0,0,1,12,0,0,1,bola
0,5,0,200,46.548,16,0,0,0,0,68,1,0,7,path_traversal
1,2,0,500,35.139,21,0,0,0,0,37,1,1,9,command_injection
4,4,1,200,18.048,2,0,0,0,0,36,0,0,0,normal
0,2,0,200,285.241,7,0,0,0,0,20,0,0,0,normal
0,2,0,200,47.211,17,0,0,0,0,10,0,0,2,jwt_bypass
3,4,1,422,8.207,17,0,0,1,0,20,0,0,0,normal
0,1,1,401,184.057,4,0,0,1,0,9,0,0,0,normal
0,2,0,404,17.631,0,0,1,1,0,17,0,0,4,debug_access
1,4,0,200,117.431,22,0,0,0,0,44,0,0,0,normal
3,1,1,200,57.61,18,0,0,0,0,6,0,0,0,normal
0,2,0,404,126.69,14,0,1,1,0,11,0,0,4,debug_access
0,2,1,401,101.868,14,1,0,1,0,18,0,0,3,admin_access
1,2,0,200,133.549,5,0,0,0,0,75,1,0,10,xxe
0,2,0,400,7.593,19,0,0,1,0,14,0,0,0,normal
0,2,0,401,104.449,13,0,0,1,0,29,0,0,2,jwt_bypass
0,3,1,200,23.793,5,0,0,0,1,13,0,0,1,bola
1,3,0,200,19.267,12,0,0,0,0,21,0,0,0,normal
0,2,0,200,59.598,17,0,0,0,0,10,0,0,0,normal
0,1,0,400,165.147,10,0,0,1,0,5,0,0,0,normal
2,3,0,200,15.591,20,0,0,0,0,30,0,0,0,normal
1,2,0,400,41.575,17,0,0,1,0,58,1,0,9,command_injection
1,2,0,200,101.278,2,0,0,0,0,14,0,0,2,jwt_bypass
0,2,1,200,32.171,21,0,0,0,0,10,0,0,0,normal
1,4,1,200,20.866,9,0,0,0,0,36,0,0,0,normal
0,2,1,403,7.713,20,1,0,1,0,16,0,0,3,admin_access
0,1,1,200,5.11,20,0,0,0,0,47,1,0,5,sql_injection
0,3,1,200,298.474,5,0,0,0,0,30,0,0,0,normal
0,2,1,200,11.717,13,0,0,0,1,19,0,0,1,bola
0,1,0,201,179.502,2,0,0,0,0,10,0,0,0,normal
0,2,1,200,33.637,1,0,0,0,0,14,0,0,0,normal
0,3,0,400,275.247,23,0,0,1,0,45,1,0,9,command_injection
0,2,0,403,69.084,11,0,0,1,0,21,0,0,2,jwt_bypass
0,2,1,401,6.328,19,1,0,1,0,20,0,0,3,admin_access
0,2,1,200,241.784,12,0,0,0,0,20,0,0,0,normal
0,3,1,200,14.344,15,0,0,0,1,8,0,0,1,bola
0,2,1,401,189.59,12,0,0,1,0,14,0,0,0,normal
1,3,1,403,110.049,15,0,0,1,0,13,0,0,11,shadow_api
0,3,1,403,0.585,14,0,0,1,1,10,0,0,1,bola
0,3,0,200,84.666,6,0,0,0,0,24,0,0,0,normal
0,3,1,404,27.803,6,0,0,1,0,33,0,0,0,normal
0,2,1,200,103.728,0,0,0,0,0,10,0,0,0,normal
1,3,1,401,10.58,18,0,0,1,0,33,0,0,0,normal
0,3,0,200,87.227,22,0,0,0,0,27,0,0,0,normal
0,4,1,422,114.984,10,0,0,1,0,32,0,0,0,normal
1,3,1,201,354.991,1,0,0,0,0,24,0,0,0,normal
1,2,0,500,165.192,9,0,0,0,0,65,1,1,10,xxe
1,1,0,200,186.198,1,0,0,0,0,11,0,0,0,normal
0,2,1,200,21.094,0,0,0,0,0,18,0,0,0,normal
2,4,1,201,110.365,13,0,0,0,0,32,0,0,0,normal
0,3,1,200,48.396,3,0,0,0,0,12,0,0,11,shadow_api
0,1,0,500,15.08,7,0,0,0,0,38,1,1,9,command_injection
2,3,1,404,41.704,17,0,0,1,0,30,0,0,0,normal
0,3,1,200,35.043,13,0,0,0,0,33,0,0,0,normal
0,2,1,500,364.082,11,0,0,0,0,83,1,1,8,ssrf
0,3,1,401,43.766,18,0,0,1,0,24,0,0,0,normal
1,1,1,201,176.385,8,0,0,0,0,11,0,0,0,normal
0,4,1,200,180.276,23,0,0,0,0,28,0,0,0,normal
0,3,1,200,32.181,16,0,0,0,0,27,0,0,0,normal
0,4,1,200,65.2,11,0,0,0,0,40,0,0,0,normal
0,2,0,200,89.008,8,0,1,0,0,10,0,0,4,debug_access
1,1,1,401,29.276,20,0,0,1,0,9,0,0,0,normal
2,1,1,204,0.678,8,0,0,0,0,9,0,0,0,normal
0,4,1,401,26.767,21,0,0,1,0,40,0,0,0,normal
2,4,1,200,70.892,7,0,0,0,0,36,0,0,0,normal
0,1,1,200,122.502,6,0,0,0,0,6,0,0,0,normal
1,4,0,200,156.078,22,0,0,0,0,24,0,0,0,normal
0,2,1,200,321.38,23,0,0,0,0,18,0,0,0,normal
0,1,1,200,1.369,21,0,0,0,0,10,0,0,0,normal
1,2,1,200,11.865,18,0,0,0,0,16,0,0,0,normal
0,1,1,200,60.878,2,0,0,0,0,6,0,0,0,normal
1,3,1,200,238.538,21,0,0,0,0,24,0,0,0,normal
1,1,1,422,187.144,11,0,0,1,0,5,0,0,0,normal
0,4,1,200,59.217,15,0,0,0,0,32,0,0,0,normal
1,3,1,201,119.212,9,0,0,0,0,27,0,0,0,normal
1,2,1,400,15.745,17,0,0,1,0,14,0,0,0,normal
0,7,1,404,228.081,18,0,0,1,0,38,1,0,7,path_traversal
1,4,1,422,169.62,15,0,0,1,0,20,0,0,0,normal
1,1,1,200,97.535,5,0,0,0,0,10,0,0,0,normal
0,4,1,200,136.678,10,0,0,0,0,36,0,0,0,normal
1,2,1,400,229.571,16,0,0,1,0,62,1,0,5,sql_injection
0,1,1,200,53.99,3,0,0,0,0,5,0,0,0,normal
0,3,0,401,57.619,3,0,0,1,0,27,0,0,0,normal
0,2,0,200,63.47,19,0,0,0,0,57,1,0,5,sql_injection
0,3,1,200,127.677,13,0,0,0,0,33,0,0,0,normal
0,1,1,200,125.805,4,0,0,0,0,7,0,0,0,normal
1,1,1,401,124.491,7,0,0,1,0,11,0,0,0,normal
0,2,0,401,31.613,13,0,0,1,0,18,0,0,2,jwt_bypass
0,2,0,200,6.508,14,0,0,0,0,21,0,0,11,shadow_api
0,1,1,401,101.778,5,0,0,1,0,11,0,0,0,normal
0,3,1,200,25.638,19,0,0,0,0,18,0,0,0,normal
1,2,0,200,28.615,8,0,0,0,0,9,0,0,6,rate_abuse
0,2,1,403,3.85,17,0,0,1,1,8,0,0,1,bola
0,3,1,401,113.575,8,1,0,1,0,15,0,0,3,admin_access
0,2,0,200,10.448,1,0,1,0,0,8,0,0,4,debug_access
0,4,1,200,28.262,21,0,0,0,0,36,0,0,0,normal
1,3,1,200,70.121,0,0,0,0,0,32,1,0,5,sql_injection
0,3,0,201,207.578,7,0,0,0,0,30,0,0,0,normal
3,4,1,200,187.912,3,0,0,0,0,36,0,0,0,normal
0,2,0,401,91.204,3,1,0,1,0,20,0,0,3,admin_access
0,3,1,422,44.946,0,0,0,1,0,24,0,0,0,normal
0,4,1,200,0.707,7,0,0,0,0,24,0,0,0,normal
1,2,1,200,29.331,4,0,0,0,0,14,0,0,0,normal
0,3,1,200,52.281,2,0,0,0,0,24,0,0,0,normal
0,4,1,200,12.981,0,0,0,0,0,28,0,0,0,normal
0,8,1,200,1.589,10,0,0,0,0,61,1,0,7,path_traversal
0,3,1,200,3.568,22,0,0,0,0,15,0,0,0,normal
1,3,0,200,297.053,3,0,0,0,0,16,0,0,11,shadow_api
1,4,1,200,22.473,9,0,0,0,0,40,0,0,0,normal
0,1,1,204,36.619,5,0,0,0,0,10,0,0,0,normal
0,2,0,403,42.766,22,1,0,1,0,20,0,0,3,admin_access
0,3,1,403,45.797,3,0,0,1,1,9,0,0,1,bola
0,2,0,401,100.991,0,0,0,1,0,11,0,0,2,jwt_bypass
0,2,0,200,33.829,14,0,0,0,0,16,0,0,0,normal
0,3,1,200,118.074,6,0,0,0,0,33,0,0,0,normal
1,2,0,429,13.256,0,0,0,1,0,16,0,0,6,rate_abuse
0,1,1,200,292.121,13,0,0,0,0,8,0,0,0,normal
1,4,0,200,197.998,18,0,0,0,0,36,0,0,0,normal
3,1,1,200,55.44,9,0,0,0,0,11,0,0,0,normal
1,2,0,429,4.276,4,0,0,1,0,15,0,0,6,rate_abuse
1,2,0,200,18.061,21,0,0,0,0,12,0,0,6,rate_abuse
0,2,1,422,2.365,12,0,0,1,0,14,0,0,0,normal
2,3,1,200,161.941,0,0,0,0,0,15,0,0,0,normal
0,3,1,200,26.477,0,0,0,0,0,37,1,0,5,sql_injection
2,2,0,200,60.689,13,0,0,0,0,12,0,0,0,normal
1,4,1,200,162.584,3,0,0,0,0,32,0,0,0,normal
0,2,0,200,93.952,5,0,0,0,0,27,0,0,2,jwt_bypass
1,2,0,200,24.828,23,0,0,0,0,12,0,0,6,rate_abuse
1,4,0,200,111.729,7,0,0,0,0,40,0,0,0,normal
0,4,0,200,58.985,6,0,0,0,0,36,0,0,0,normal
0,1,0,200,186.072,23,0,0,0,0,5,0,0,0,normal
0,3,1,404,38.891,10,0,0,1,0,33,0,0,0,normal
0,4,1,200,70.04,14,0,0,0,0,28,0,0,0,normal
0,2,0,404,12.274,13,0,1,1,0,15,0,0,4,debug_access
1,1,1,200,88.899,9,0,0,0,0,86,1,0,8,ssrf
2,3,1,200,74.17,21,0,0,0,0,18,0,0,0,normal
0,3,1,204,134.941,2,0,0,0,0,30,0,0,0,normal
1,1,0,200,72.276,21,0,0,0,0,75,1,0,10,xxe
0,1,1,200,153.313,6,0,0,0,0,9,0,0,0,normal
1,3,1,404,1.708,6,0,0,1,0,30,0,0,0,normal
0,2,0,404,5.35,3,0,1,1,0,8,0,0,4,debug_access
1,3,1,403,50.78,17,0,0,1,0,20,0,0,11,shadow_api
0,3,1,403,121.721,12,0,0,1,1,16,0,0,1,bola
1,2,0,201,46.292,6,0,0,0,0,22,0,0,0,normal
0,3,0,401,126.764,11,1,0,1,0,13,0,0,3,admin_access
1,3,0,200,55.636,23,0,0,0,0,18,0,0,0,normal
0,3,1,403,125.946,7,0,0,1,1,19,0,0,1,bola
0,2,0,422,37.731,19,0,0,1,0,20,0,0,0,normal
0,2,1,200,22.821,17,0,0,0,0,14,0,0,0,normal
0,6,0,404,199.873,11,0,0,1,0,53,1,0,7,path_traversal
1,1,1,200,52.43,8,0,0,0,0,10,0,0,0,normal
1,2,0,401,81.673,19,0,0,1,0,14,0,0,2,jwt_bypass
2,4,1,200,18.58,23,0,0,0,0,20,0,0,0,normal
0,2,0,401,31.548,23,0,0,1,0,19,0,0,2,jwt_bypass
1,3,0,200,98.853,16,0,0,0,0,30,0,0,0,normal
3,4,1,204,47.202,17,0,0,0,0,44,0,0,0,normal
0,1,1,401,4.601,17,0,0,1,0,9,0,0,0,normal
0,3,1,200,27.44,5,0,0,0,0,27,0,0,0,normal
1,2,1,400,142.848,10,0,0,1,0,16,0,0,0,normal
0,2,1,200,14.786,12,0,0,0,0,16,0,0,0,normal
0,4,0,400,5.886,16,0,0,1,0,20,0,0,0,normal
2,1,1,200,368.543,5,0,0,0,0,11,0,0,0,normal
1,2,0,500,276.649,3,0,0,0,0,49,1,1,8,ssrf
1,3,0,200,13.89,5,0,0,0,0,32,1,0,9,command_injection
0,2,1,200,36.198,20,0,0,0,0,33,1,0,9,command_injection
0,4,0,200,341.585,12,0,0,0,0,28,0,0,0,normal
0,3,0,200,162.512,17,0,0,0,0,106,1,0,8,ssrf
1,3,1,422,41.814,2,0,0,1,0,33,0,0,0,normal
0,2,1,200,6.359,14,0,0,0,1,17,0,0,1,bola
0,2,1,400,40.478,19,0,0,1,0,12,0,0,0,normal
1,2,0,401,111.85,1,0,0,1,0,15,0,0,2,jwt_bypass
0,4,1,200,18.561,15,0,0,0,0,40,0,0,0,normal
1,3,1,200,9.258,0,0,0,0,0,29,1,0,9,command_injection
1,3,1,500,254.444,4,0,0,0,0,78,1,1,10,xxe
4,2,0,200,57.031,22,0,0,0,0,12,0,0,0,normal
2,2,0,200,74.915,11,0,0,0,0,20,0,0,0,normal
0,3,1,401,4.779,21,1,0,1,0,20,0,0,3,admin_access
2,2,0,200,95.889,8,0,0,0,0,12,0,0,0,normal
1,2,0,401,92.662,14,0,0,1,0,28,0,0,2,jwt_bypass
0,3,1,200,273.611,16,0,0,0,0,24,0,0,0,normal
0,2,0,200,86.17,4,0,0,0,0,18,0,0,2,jwt_bypass
1,1,0,500,4.377,1,0,0,0,0,31,1,1,9,command_injection
0,4,1,404,133.284,0,0,0,1,0,40,0,0,0,normal
1,2,0,200,11.119,0,0,0,0,0,10,0,0,6,rate_abuse
0,1,1,200,384.507,19,0,0,0,0,9,0,0,0,normal
1,2,0,401,29.527,21,0,0,1,0,20,0,0,2,jwt_bypass
0,2,0,401,40.184,17,0,0,1,0,12,0,0,0,normal
1,3,1,500,52.945,17,0,0,0,0,55,1,1,9,command_injection
1,3,0,400,101.421,10,0,0,1,0,60,1,0,10,xxe
0,2,0,404,39.609,12,0,1,1,0,8,0,0,4,debug_access
3,1,1,401,1.485,4,0,0,1,0,5,0,0,0,normal
0,2,1,200,46.548,6,0,0,0,0,22,0,0,0,normal
0,3,1,200,8.412,22,0,0,0,1,14,0,0,1,bola
0,1,1,200,18.902,1,0,0,0,0,6,0,0,0,normal
1,4,1,200,169.689,16,0,0,0,0,24,0,0,0,normal
0,2,1,500,188.174,2,0,0,0,0,98,1,1,8,ssrf
1,1,0,500,203.217,6,0,0,0,0,47,1,1,8,ssrf
0,2,0,500,93.005,11,0,0,0,0,28,1,1,5,sql_injection
0,6,0,404,63.823,8,0,0,1,0,52,1,0,7,path_traversal
1,2,0,200,71.406,14,0,0,0,0,12,0,0,2,jwt_bypass
3,2,1,200,62.832,2,0,0,0,0,18,0,0,0,normal
1,2,0,200,22.862,13,0,0,0,0,12,0,0,6,rate_abuse
0,1,0,200,108.539,6,0,0,0,0,67,1,0,5,sql_injection
2,3,1,200,208.724,6,0,0,0,0,33,0,0,0,normal
0,4,1,200,379.256,3,0,0,0,0,40,0,0,0,normal
1,1,1,200,1.49,16,0,0,0,0,7,0,0,0,normal
1,2,0,200,21.082,7,0,0,0,0,24,0,0,2,jwt_bypass
1,1,1,200,200.677,20,0,0,0,0,10,0,0,0,normal
0,4,0,200,28.683,4,0,0,0,0,36,0,0,0,normal
1,2,1,200,39.722,1,0,0,0,0,15,0,0,11,shadow_api
0,2,0,404,17.906,16,0,0,1,0,18,0,0,0,normal
0,4,1,200,197.963,4,0,0,0,0,40,0,0,0,normal
1,2,0,403,84.787,17,0,0,1,0,29,0,0,2,jwt_bypass
0,3,0,200,60.069,7,0,0,0,0,17,0,0,11,shadow_api
1,3,1,201,101.181,5,0,0,0,0,18,0,0,0,normal
1,1,1,200,61.308,18,0,0,0,0,33,1,0,10,xxe
3,4,1,200,28.989,19,0,0,0,0,36,0,0,0,normal
1,2,0,500,172.656,5,0,0,0,0,105,1,1,8,ssrf
0,2,0,400,26.3,8,0,0,1,0,35,1,0,9,command_injection
0,5,0,400,85.937,10,0,0,1,0,58,1,0,7,path_traversal
0,2,0,401,18.634,19,1,0,1,0,13,0,0,3,admin_access
0,2,1,401,123.157,0,1,0,1,0,16,0,0,3,admin_access
0,2,0,200,0.221,3,0,0,0,0,22,0,0,0,normal
0,1,1,200,61.946,20,0,0,0,0,9,0,0,0,normal
1,2,0,403,97.082,21,0,0,1,0,26,0,0,2,jwt_bypass
1,2,1,200,73.648,10,0,0,0,0,18,0,0,0,normal
0,2,0,200,10.606,10,0,1,0,0,13,0,0,4,debug_access
0,2,0,200,67.28,3,0,1,0,0,11,0,0,4,debug_access
0,4,1,200,20.196,0,0,0,0,0,28,0,0,0,normal
2,3,1,200,44.748,7,0,0,0,0,33,0,0,0,normal
0,1,1,401,135.362,11,0,0,1,0,5,0,0,0,normal
0,1,0,200,67.601,4,0,0,0,0,8,0,0,0,normal
0,1,0,200,22.201,12,0,0,0,0,39,1,0,5,sql_injection
1,2,0,401,34.319,23,0,0,1,0,15,0,0,6,rate_abuse
0,2,0,200,4.21,22,0,1,0,0,11,0,0,4,debug_access
1,2,0,400,105.849,14,0,0,1,0,16,0,0,0,normal
3,2,1,200,57.48,16,0,0,0,0,22,0,0,0,normal
1,3,1,422,274.432,8,0,0,1,0,18,0,0,0,normal
0,2,0,403,63.373,2,0,0,1,0,17,0,0,2,jwt_bypass
1,2,0,400,51.485,0,0,0,1,0,59,1,0,5,sql_injection
1,4,1,422,43.639,22,0,0,1,0,28,0,0,0,normal
0,2,1,404,20.942,10,0,0,1,0,10,0,0,0,normal
1,1,1,201,6.306,20,0,0,0,0,11,0,0,0,normal
0,2,1,200,249.159,5,0,0,0,0,49,1,0,9,command_injection
1,3,0,500,155.338,2,0,0,0,0,59,1,1,5,sql_injection
4,3,1,200,0.916,14,0,0,0,0,18,0,0,0,normal
2,1,0,200,0.452,11,0,0,0,0,10,0,0,0,normal
0,2,0,404,2.86,7,0,1,1,0,17,0,0,4,debug_access
1,4,0,200,17.085,8,0,0,0,0,36,0,0,0,normal
0,2,0,404,119.019,13,0,1,1,0,10,0,0,4,debug_access
2,2,1,200,25.093,4,0,0,0,0,14,0,0,0,normal
1,3,1,200,81.773,13,0,0,0,0,15,0,0,0,normal
0,1,0,200,123.061,21,0,0,0,0,9,0,0,0,normal
0,3,0,500,77.288,3,0,0,0,0,55,1,1,5,sql_injection
0,1,0,200,82.31,13,0,0,0,0,8,0,0,0,normal
3,4,1,422,15.7,18,0,0,1,0,36,0,0,0,normal
1,2,0,200,190.722,14,0,0,0,0,15,0,0,11,shadow_api
3,2,1,200,187.878,14,0,0,0,0,14,0,0,0,normal
1,4,1,404,197.46,4,0,0,1,0,20,0,0,0,normal
1,2,0,429,5.806,12,0,0,1,0,12,0,0,6,rate_abuse
1,2,0,400,143.918,5,0,0,1,0,65,1,0,5,sql_injection
0,3,1,204,204.48,9,0,0,0,0,24,0,0,0,normal
1,2,0,403,56.376,20,0,0,1,0,18,0,0,2,jwt_bypass
2,2,1,201,30.961,12,0,0,0,0,14,0,0,0,normal
2,3,1,200,124.085,14,0,0,0,0,18,0,0,0,normal
0,2,1,200,30.409,20,0,0,0,0,20,0,0,0,normal
0,3,0,200,37.365,19,0,0,0,0,40,1,0,5,sql_injection
1,4,1,200,187.919,12,0,0,0,0,20,0,0,0,normal
1,1,1,200,206.884,4,0,0,0,0,6,0,0,0,normal
1,2,0,429,17.746,10,0,0,1,0,9,0,0,6,rate_abuse
0,1,1,201,82.454,7,0,0,0,0,7,0,0,0,normal
1,2,0,404,164.993,9,0,0,1,0,22,0,0,0,normal
1,2,0,200,60.398,2,0,0,0,0,16,0,0,0,normal
1,3,1,200,28.656,16,0,0,0,0,27,0,0,0,normal
1,3,1,200,8.192,12,0,0,0,0,10,0,0,11,shadow_api
1,2,0,401,99.387,23,0,0,1,0,10,0,0,2,jwt_bypass
0,3,1,200,60.628,18,0,0,0,0,15,0,0,0,normal
0,3,1,200,5.252,12,1,0,0,0,22,0,0,3,admin_access
0,2,1,200,51.408,2,0,0,0,0,10,0,0,0,normal
0,4,1,422,139.293,12,0,0,1,0,20,0,0,0,normal
0,1,0,404,130.71,17,0,0,1,0,10,0,0,0,normal
1,2,0,200,28.658,8,0,0,0,0,14,0,0,0,normal
2,3,0,200,17.004,0,0,0,0,0,21,0,0,0,normal
1,1,1,400,460.597,4,0,0,1,0,69,1,0,5,sql_injection
1,2,1,200,95.357,5,0,0,0,0,20,0,0,0,normal
4,2,1,200,37.125,23,0,0,0,0,16,0,0,0,normal
0,2,1,200,83.1,19,0,0,0,0,14,0,0,0,normal
0,2,0,204,49.311,7,0,0,0,0,16,0,0,0,normal
0,3,1,500,162.641,1,0,0,0,0,87,1,1,8,ssrf
0,4,1,200,125.172,21,0,0,0,0,32,0,0,0,normal
0,4,1,422,338.851,19,0,0,1,0,28,0,0,0,normal
0,2,1,200,49.472,22,0,0,0,0,20,0,0,0,normal
1,1,0,200,4.795,23,0,0,0,0,6,0,0,0,normal
0,3,1,200,226.232,7,0,0,0,1,12,0,0,1,bola
0,2,1,400,54.792,10,0,0,1,0,90,1,0,8,ssrf
0,3,1,403,9.77,9,0,0,1,0,20,0,0,11,shadow_api
1,1,1,400,277.119,22,0,0,1,0,68,1,0,10,xxe
0,3,0,403,118.903,16,1,0,1,0,13,0,0,3,admin_access
1,2,0,401,19.152,3,0,0,1,0,16,0,0,6,rate_abuse
0,4,1,200,152.643,4,0,0,0,0,20,0,0,0,normal
1,3,0,400,786.245,7,0,0,1,0,63,1,0,5,sql_injection
0,1,0,200,251.332,17,0,0,0,0,11,0,0,0,normal
0,2,0,401,64.764,6,0,0,1,0,18,0,0,0,normal
4,3,1,200,9.974,20,0,0,0,0,18,0,0,0,normal
3,4,1,200,99.132,19,0,0,0,0,36,0,0,0,normal
1,1,1,200,25.201,0,0,0,0,0,10,0,0,0,normal
0,4,1,201,6.731,5,0,0,0,0,32,0,0,0,normal
0,1,0,200,134.729,18,0,0,0,0,30,1,0,5,sql_injection
0,3,1,200,140.703,17,0,0,0,0,30,0,0,0,normal
3,3,1,200,62.096,7,0,0,0,0,21,0,0,0,normal
1,3,1,200,12.567,19,0,0,0,0,12,0,0,11,shadow_api
1,2,1,200,125.62,2,0,0,0,0,18,0,0,0,normal
1,2,0,429,31.913,16,0,0,1,0,14,0,0,6,rate_abuse
0,2,0,200,18.412,4,0,1,0,0,17,0,0,4,debug_access
0,2,0,200,11.817,8,0,1,0,0,13,0,0,4,debug_access
0,1,0,200,3.429,11,0,0,0,0,9,0,0,0,normal
0,2,0,403,12.57,12,1,0,1,0,22,0,0,3,admin_access
0,4,1,200,37.819,12,0,0,0,0,36,0,0,0,normal
0,3,1,200,16.878,0,0,0,0,1,16,0,0,1,bola
0,2,1,201,14.3,15,0,0,0,0,14,0,0,0,normal
0,3,1,403,26.251,23,1,0,1,0,19,0,0,3,admin_access
0,1,1,400,216.978,13,0,0,1,0,109,1,0,8,ssrf
1,2,0,401,13.406,21,0,0,1,0,10,0,0,2,jwt_bypass
0,2,1,200,26.423,17,0,0,0,0,16,0,0,0,normal
1,2,1,400,298.899,4,0,0,1,0,44,1,0,10,xxe
0,1,1,201,33.562,5,0,0,0,0,11,0,0,0,normal
1,2,1,404,103.724,13,0,0,1,0,16,0,0,0,normal
0,2,1,200,23.932,16,0,0,0,1,11,0,0,1,bola
0,2,1,200,14.611,2,0,0,0,1,16,0,0,1,bola
0,2,1,404,29.145,23,0,0,1,0,18,0,0,0,normal
1,2,0,500,150.86,10,0,0,0,0,39,1,1,10,xxe
1,1,0,400,274.226,16,0,0,1,0,69,1,0,10,xxe
0,4,1,400,236.685,12,0,0,1,0,36,0,0,0,normal
0,4,1,201,45.124,12,0,0,0,0,32,0,0,0,normal
0,1,1,200,163.753,6,0,0,0,0,9,0,0,0,normal
0,2,0,401,127.985,15,1,0,1,0,15,0,0,3,admin_access
0,3,1,403,27.477,0,0,0,1,1,14,0,0,1,bola
0,2,0,401,54.922,12,0,0,1,0,12,0,0,2,jwt_bypass
1,2,1,200,22.038,2,0,0,0,0,12,0,0,0,normal
0,4,1,200,7.373,18,0,0,0,0,36,0,0,0,normal
0,3,0,403,72.382,11,1,0,1,0,18,0,0,3,admin_access
3,4,0,200,20.085,18,0,0,0,0,20,0,0,0,normal
3,2,1,200,91.987,3,0,0,0,0,18,0,0,0,normal
1,4,1,200,191.116,0,0,0,0,0,28,0,0,0,normal
0,4,0,201,6.37,18,0,0,0,0,24,0,0,0,normal
0,2,1,200,35.481,21,0,0,0,1,18,0,0,1,bola
1,3,1,400,67.897,5,0,0,1,0,21,0,0,0,normal
1,2,0,429,31.019,15,0,0,1,0,8,0,0,6,rate_abuse
0,1,1,404,52.701,11,0,0,1,0,7,0,0,0,normal
0,3,0,400,430.09,4,0,0,1,0,22,1,0,9,command_injection
0,2,1,200,49.96,6,0,0,0,0,14,0,0,11,shadow_api
0,4,1,200,89.03,1,0,0,0,0,40,0,0,0,normal
1,2,0,429,3.018,13,0,0,1,0,12,0,0,6,rate_abuse
0,4,1,201,63.14,9,0,0,0,0,20,0,0,0,normal
0,2,0,200,274.307,9,0,0,0,0,22,0,0,0,normal
0,2,0,422,99.178,15,0,0,1,0,22,0,0,0,normal
0,1,1,200,177.709,22,0,0,0,0,94,1,0,8,ssrf
2,3,1,404,57.497,1,0,0,1,0,24,0,0,0,normal
0,2,0,200,49.387,23,0,1,0,0,17,0,0,4,debug_access
2,1,0,200,102.451,13,0,0,0,0,11,0,0,0,normal
0,2,0,403,79.476,19,0,0,1,0,14,0,0,11,shadow_api
0,1,1,404,38.323,14,0,0,1,0,6,0,0,0,normal
0,4,0,201,116.276,12,0,0,0,0,24,0,0,0,normal
1,2,1,200,13.437,16,0,0,0,0,8,0,0,11,shadow_api
0,1,1,200,55.964,20,0,0,0,0,7,0,0,0,normal
1,2,0,403,110.384,17,0,0,1,0,28,0,0,2,jwt_bypass
1,2,0,429,8.186,8,0,0,1,0,9,0,0,6,rate_abuse
0,2,1,200,174.079,2,0,0,0,0,16,0,0,0,normal
0,3,1,403,15.299,6,0,0,1,0,18,0,0,11,shadow_api
0,3,1,403,14.682,19,1,0,1,0,19,0,0,3,admin_access
0,5,0,200,34.967,2,0,0,0,0,53,1,0,7,path_traversal
2,1,0,200,24.647,17,0,0,0,0,11,0,0,0,normal
1,2,0,200,49.717,4,0,0,0,0,53,1,0,5,sql_injection
0,4,1,200,54.129,23,0,0,0,0,32,0,0,0,normal
0,2,1,201,259.752,22,0,0,0,0,18,0,0,0,normal
1,2,0,429,30.196,11,0,0,1,0,15,0,0,6,rate_abuse
0,2,1,201,53.773,18,0,0,0,0,12,0,0,0,normal
1,2,1,200,87.644,19,0,0,0,0,22,0,0,0,normal
0,4,1,200,20.253,9,0,0,0,0,28,0,0,0,normal
0,1,1,200,1.192,21,0,0,0,0,6,0,0,0,normal
0,1,1,200,13.656,17,0,0,0,0,6,0,0,0,normal
0,3,0,401,11.378,11,1,0,1,0,21,0,0,3,admin_access
0,2,1,200,29.034,4,0,0,0,1,15,0,0,1,bola
0,1,0,400,155.852,20,0,0,1,0,26,1,0,9,command_injection
1,1,1,401,3.454,4,0,0,1,0,11,0,0,0,normal
0,3,0,200,6.78,5,0,0,0,0,27,0,0,0,normal
0,3,0,200,186.482,10,0,0,0,0,18,0,0,11,shadow_api
0,1,0,200,172.644,3,0,0,0,0,10,0,0,0,normal
0,3,1,403,25.775,3,0,0,1,1,19,0,0,1,bola
1,2,0,200,86.768,7,0,0,0,0,18,0,0,0,normal
1,4,1,401,61.611,0,0,0,1,0,36,0,0,0,normal
0,4,1,401,43.042,16,0,0,1,0,36,0,0,0,normal
0,2,1,201,70.332,17,0,0,0,0,12,0,0,0,normal
0,2,0,401,104.541,18,1,0,1,0,13,0,0,3,admin_access
0,3,0,200,61.455,0,0,0,0,0,11,0,0,11,shadow_api
0,7,0,404,89.906,7,0,0,1,0,36,1,0,7,path_traversal
0,2,0,200,31.111,15,0,1,0,0,16,0,0,4,debug_access
1,4,1,200,3.281,13,0,0,0,0,32,0,0,0,normal
0,3,1,500,160.941,0,0,0,0,0,27,1,1,9,command_injection
0,1,1,200,697.004,18,0,0,0,0,6,0,0,0,normal
0,4,1,400,47.099,1,0,0,1,0,44,1,0,7,path_traversal
1,2,0,429,30.776,20,0,0,1,0,14,0,0,6,rate_abuse
0,4,1,400,251.894,22,0,0,1,0,24,0,0,0,normal
0,2,1,400,18.174,7,0,0,1,0,14,0,0,0,normal
0,3,1,201,2.104,15,0,0,0,0,33,0,0,0,normal
2,4,0,401,12.065,3,0,0,1,0,24,0,0,0,normal
0,3,1,200,67.589,10,0,0,0,0,18,0,0,0,normal
0,3,1,401,9.741,23,1,0,1,0,13,0,0,3,admin_access
0,3,1,200,60.675,23,0,0,0,0,18,0,0,0,normal
0,3,1,200,78.268,23,0,0,0,0,21,0,0,0,normal
0,1,0,200,151.427,21,0,0,0,0,10,0,0,0,normal
1,2,0,429,19.171,11,0,0,1,0,16,0,0,6,rate_abuse
3,2,1,200,100.61,21,0,0,0,0,12,0,0,0,normal
0,2,0,200,32.016,10,0,0,0,0,14,0,0,0,normal
0,2,1,200,397.347,8,0,0,0,0,10,0,0,0,normal
0,4,0,200,139.939,2,0,0,0,0,28,0,0,0,normal
0,1,1,404,139.31,23,0,0,1,0,9,0,0,0,normal
0,3,0,500,125.369,8,0,0,0,0,91,1,1,8,ssrf
0,4,0,400,57.327,23,0,0,1,0,43,1,0,7,path_traversal
0,2,1,200,56.897,9,0,0,0,0,14,0,0,0,normal
0,1,1,201,175.226,23,0,0,0,0,10,0,0,0,normal
0,2,0,404,85.62,6,0,1,1,0,10,0,0,4,debug_access
0,3,1,200,146.265,3,0,0,0,0,30,0,0,0,normal
0,4,0,200,51.796,11,0,0,0,0,36,0,0,0,normal
0,2,1,200,16.824,10,0,0,0,0,22,0,0,0,normal
1,3,1,400,10.935,13,0,0,1,0,31,1,0,9,command_injection
1,2,0,401,7.983,11,0,0,1,0,10,0,0,6,rate_abuse
1,3,0,400,106.017,2,0,0,1,0,42,1,0,5,sql_injection
1,2,0,401,110.966,1,0,0,1,0,17,0,0,2,jwt_bypass
2,3,1,422,29.151,10,0,0,1,0,15,0,0,0,normal
0,3,1,200,61.552,11,0,0,0,0,30,0,0,0,normal
3,2,0,401,27.254,15,0,0,1,0,12,0,0,0,normal
0,2,1,200,188.141,20,0,0,0,1,17,0,0,1,bola
1,2,0,401,26.04,1,0,0,1,0,14,0,0,2,jwt_bypass
0,2,1,403,73.503,13,1,0,1,0,20,0,0,3,admin_access
0,5,0,404,217.742,21,0,0,1,0,79,1,0,7,path_traversal
1,2,0,429,29.592,3,0,0,1,0,17,0,0,6,rate_abuse
0,3,0,401,77.684,19,1,0,1,0,19,0,0,3,admin_access
2,1,1,204,62.164,3,0,0,0,0,8,0,0,0,normal
0,4,0,200,57.534,1,0,0,0,0,28,0,0,0,normal
0,2,1,200,6.574,16,0,0,0,0,14,0,0,0,normal
1,2,0,200,258.256,14,0,0,0,0,22,0,0,0,normal
0,2,1,200,21.525,5,0,0,0,0,18,0,0,0,normal
0,3,0,200,341.586,2,1,0,0,0,21,0,0,3,admin_access
0,3,1,403,50.997,3,0,0,1,0,21,0,0,11,shadow_api
0,4,1,200,12.996,10,0,0,0,0,53,1,0,7,path_traversal
3,1,1,200,412.751,3,0,0,0,0,5,0,0,0,normal
0,2,0,200,96.711,13,0,0,0,0,10,0,0,11,shadow_api
2,1,1,200,83.271,15,0,0,0,0,9,0,0,0,normal
0,3,0,400,119.075,22,0,0,1,0,27,0,0,0,normal
0,2,0,404,90.691,7,0,1,1,0,9,0,0,4,debug_access
4,1,1,200,112.351,13,0,0,0,0,5,0,0,0,normal
0,2,0,400,57.479,18,0,0,1,0,20,0,0,0,normal
0,1,0,200,128.208,11,0,0,0,0,100,1,0,8,ssrf
2,1,1,201,161.185,10,0,0,0,0,5,0,0,0,normal
0,4,1,200,9.871,16,0,0,0,0,36,0,0,0,normal
0,3,1,400,52.48,14,0,0,1,0,21,0,0,0,normal
0,1,1,401,45.121,5,0,0,1,0,6,0,0,0,normal
0,3,1,201,101.661,6,0,0,0,0,30,0,0,0,normal
0,4,1,422,148.515,4,0,0,1,0,20,0,0,0,normal
0,2,1,200,46.294,23,0,0,0,0,12,0,0,0,normal
1,2,1,200,41.277,2,0,0,0,0,12,0,0,0,normal
1,4,0,404,49.625,17,0,0,1,0,28,0,0,0,normal
0,1,1,200,6.781,7,0,0,0,0,7,0,0,0,normal
0,5,0,200,11.15,9,0,0,0,0,82,1,0,7,path_traversal
0,2,1,403,20.587,8,1,0,1,0,16,0,0,3,admin_access
1,3,1,201,298.936,11,0,0,0,0,21,0,0,0,normal
0,3,1,404,212.631,7,0,0,1,0,15,0,0,0,normal
4,3,1,200,35.56,21,0,0,0,0,30,0,0,0,normal
1,2,0,429,15.54,6,0,0,1,0,16,0,0,6,rate_abuse
1,2,0,200,25.734,3,0,0,0,0,9,0,0,6,rate_abuse
1,3,0,200,176.893,18,0,0,0,0,21,0,0,0,normal
0,2,0,401,48.459,1,0,0,1,0,14,0,0,2,jwt_bypass
0,2,1,200,7.361,12,0,0,0,0,18,0,0,0,normal
0,3,1,200,178.017,20,0,0,0,0,15,0,0,0,normal
0,1,1,200,154.909,15,0,0,0,0,9,0,0,0,normal
1,2,0,401,23.175,13,0,0,1,0,15,0,0,6,rate_abuse
3,1,1,200,39.244,7,0,0,0,0,8,0,0,0,normal
0,1,0,500,94.067,9,0,0,0,0,59,1,1,8,ssrf
1,2,0,403,76.651,10,0,0,1,0,19,0,0,2,jwt_bypass
1,2,0,200,12.973,15,0,0,0,0,27,0,0,2,jwt_bypass
3,2,1,400,46.842,10,0,0,1,0,14,0,0,0,normal
0,4,1,200,4.675,8,0,0,0,0,24,0,0,0,normal
0,3,1,200,32.483,21,0,0,0,0,18,0,0,0,normal
1,2,1,201,21.86,20,0,0,0,0,12,0,0,0,normal
0,4,1,200,4.26,11,0,0,0,0,28,0,0,0,normal
1,1,1,204,22.426,0,0,0,0,0,8,0,0,0,normal
0,2,0,200,193.024,16,0,0,0,0,62,1,0,8,ssrf
0,3,1,200,30.167,18,0,0,0,0,18,0,0,0,normal
0,3,1,403,27.933,0,0,0,1,1,8,0,0,1,bola
0,3,1,401,25.311,17,1,0,1,0,12,0,0,3,admin_access
1,3,1,200,267.606,7,0,0,0,0,33,0,0,0,normal
2,4,1,201,12.831,0,0,0,0,0,28,0,0,0,normal
0,3,1,200,368.994,1,0,0,0,0,30,0,0,0,normal
2,2,1,200,42.075,13,0,0,0,0,22,0,0,0,normal
1,2,0,200,29.683,15,0,0,0,0,15,0,0,6,rate_abuse
0,4,1,200,44.216,6,0,0,0,0,44,0,0,0,normal
0,2,1,201,46.253,22,0,0,0,0,18,0,0,0,normal
1,1,1,200,4.658,18,0,0,0,0,8,0,0,0,normal
0,2,1,200,209.412,0,0,0,0,0,22,0,0,0,normal
0,2,1,200,77.525,22,0,0,0,0,12,0,0,0,normal
1,3,1,400,136.636,8,0,0,1,0,39,1,0,5,sql_injection
1,3,1,400,75.846,5,0,0,1,0,61,1,0,10,xxe
0,4,1,204,14.583,8,0,0,0,0,40,0,0,0,normal
1,3,1,500,357.457,10,0,0,0,0,78,1,1,8,ssrf
0,3,1,200,232.864,23,0,0,0,1,15,0,0,1,bola
1,4,1,200,151.836,8,0,0,0,0,40,0,0,0,normal
1,2,0,200,29.818,20,0,0,0,0,10,0,0,6,rate_abuse
0,2,1,200,138.583,10,0,0,0,0,16,0,0,0,normal
1,2,0,401,22.202,22,0,0,1,0,14,0,0,6,rate_abuse
1,3,0,200,14.46,19,0,0,0,0,27,0,0,0,normal
0,2,0,200,102.542,21,0,0,0,0,20,0,0,0,normal
0,3,1,200,116.904,7,0,0,0,0,15,0,0,0,normal
1,2,1,422,19.486,9,0,0,1,0,10,0,0,0,normal
0,2,1,403,17.501,16,1,0,1,0,11,0,0,3,admin_access
0,4,1,200,65.525,23,0,0,0,0,77,1,0,7,path_traversal
1,3,1,200,7.932,3,0,0,0,0,15,0,0,0,normal
3,4,1,200,23.596,0,0,0,0,0,44,0,0,0,normal
1,1,1,500,8.96,8,0,0,0,0,52,1,1,9,command_injection
0,3,1,200,40.326,10,0,0,0,1,8,0,0,1,bola
1,1,0,200,75.136,16,0,0,0,0,7,0,0,0,normal
0,3,0,403,67.192,3,1,0,1,0,21,0,0,3,admin_access
0,1,1,200,0.804,21,0,0,0,0,6,0,0,0,normal
0,2,1,200,80.202,7,0,0,0,0,20,0,0,0,normal
1,4,1,201,113.607,4,0,0,0,0,36,0,0,0,normal
0,3,1,400,36.472,23,0,0,1,0,18,0,0,0,normal
0,3,1,200,213.881,17,0,0,0,1,8,0,0,1,bola
0,2,0,200,5.84,7,0,1,0,0,13,0,0,4,debug_access
1,2,1,200,19.018,18,0,0,0,0,14,0,0,11,shadow_api
0,3,1,403,64.196,16,0,0,1,1,14,0,0,1,bola
0,7,1,400,17.084,19,0,0,1,0,70,1,0,7,path_traversal
1,3,1,200,65.848,21,0,0,0,0,33,0,0,0,normal
3,4,1,200,207.487,11,0,0,0,0,28,0,0,0,normal
1,1,0,200,102.723,21,0,0,0,0,8,0,0,0,normal
2,2,1,204,63.981,13,0,0,0,0,10,0,0,0,normal
0,1,1,200,48.418,17,0,0,0,0,6,0,0,0,normal
1,3,0,500,89.355,10,0,0,0,0,58,1,1,5,sql_injection
0,2,0,200,9.434,8,0,0,0,0,22,0,0,0,normal
3,3,1,200,99.699,4,0,0,0,0,24,0,0,0,normal
0,4,1,200,91.215,8,0,0,0,0,40,0,0,0,normal
0,2,1,201,104.197,20,0,0,0,0,16,0,0,0,normal
1,3,1,401,238.51,10,0,0,1,0,18,0,0,0,normal
0,3,1,200,74.144,15,0,0,0,1,19,0,0,1,bola
0,2,1,200,55.713,10,0,0,0,0,12,0,0,0,normal
0,3,1,200,448.21,23,0,0,0,0,27,0,0,0,normal
0,4,0,201,55.471,12,0,0,0,0,40,0,0,0,normal
0,2,1,200,47.913,15,0,0,0,0,16,0,0,0,normal
1,2,1,200,269.076,9,0,0,0,0,10,0,0,0,normal
1,2,1,200,408.994,20,0,0,0,0,36,1,0,5,sql_injection
0,1,0,200,55.584,15,0,0,0,0,11,0,0,0,normal
1,3,1,403,162.269,21,0,0,1,0,16,0,0,11,shadow_api
3,4,1,404,184.352,9,0,0,1,0,28,0,0,0,normal
0,2,1,403,82.632,18,0,0,1,1,19,0,0,1,bola
0,1,1,200,71.342,2,0,0,0,0,6,0,0,0,normal
0,4,1,200,115.459,22,0,0,0,0,73,1,0,7,path_traversal
0,3,0,401,81.411,2,1,0,1,0,11,0,0,3,admin_access
0,4,1,200,201.156,18,0,0,0,0,36,0,0,0,normal
0,2,0,200,21.723,18,0,1,0,0,10,0,0,4,debug_access
1,1,1,200,128.738,19,0,0,0,0,7,0,0,0,normal
0,3,1,200,81.929,6,0,0,0,0,24,0,0,0,normal
0,1,1,200,142.467,12,0,0,0,0,5,0,0,0,normal
1,1,0,200,70.894,23,0,0,0,0,68,1,0,8,ssrf
0,3,0,201,43.778,17,0,0,0,0,24,0,0,0,normal
0,2,0,403,48.374,6,0,0,1,0,29,0,0,2,jwt_bypass
0,2,0,500,180.232,5,0,0,0,0,94,1,1,8,ssrf
1,2,0,500,71.122,18,0,0,0,0,40,1,1,9,command_injection
0,3,1,200,94.892,15,0,0,0,0,30,0,0,0,normal
1,2,0,429,4.543,2,0,0,1,0,17,0,0,6,rate_abuse
1,3,0,200,249.5,18,0,0,0,0,28,1,0,5,sql_injection
0,2,0,404,14.87,6,0,0,1,0,14,0,0,0,normal
0,3,0,200,2.524,5,0,0,0,0,24,0,0,0,normal
1,3,1,200,64.494,21,0,0,0,0,18,0,0,0,normal
1,2,0,200,52.179,20,0,0,0,0,19,0,0,11,shadow_api
0,1,1,404,80.943,8,0,0,1,0,9,0,0,0,normal
2,2,0,200,76.107,22,0,0,0,0,22,0,0,0,normal
0,1,0,200,1.023,18,0,0,0,0,10,0,0,0,normal
0,2,1,204,0.352,22,0,0,0,0,22,0,0,0,normal
0,2,0,200,88.512,10,0,0,0,0,14,0,0,0,normal
0,3,0,200,254.083,23,0,0,0,0,30,0,0,0,normal
0,4,1,200,26.737,6,0,0,0,0,28,0,0,0,normal
0,3,1,200,109.912,3,0,0,0,0,21,0,0,11,shadow_api
1,2,0,429,4.256,2,0,0,1,0,14,0,0,6,rate_abuse
0,2,1,422,147.857,12,0,0,1,0,20,0,0,0,normal
0,1,0,422,49.329,15,0,0,1,0,5,0,0,0,normal
0,1,1,200,16.068,4,0,0,0,0,8,0,0,0,normal
1,1,0,200,79.145,15,0,0,0,0,10,0,0,0,normal
0,4,1,200,23.649,6,0,0,0,0,36,0,0,0,normal
0,4,1,400,185.147,0,0,0,1,0,40,0,0,0,normal
0,3,1,200,416.575,23,0,0,0,0,33,0,0,0,normal
0,1,0,200,110.228,22,0,0,0,0,6,0,0,0,normal
3,3,1,422,196.731,23,0,0,1,0,15,0,0,0,normal
0,2,1,200,15.685,15,0,0,0,1,17,0,0,1,bola
1,1,1,500,162.988,21,0,0,0,0,57,1,1,10,xxe
1,2,0,429,28.979,3,0,0,1,0,17,0,0,6,rate_abuse
0,3,1,401,34.025,3,0,0,1,0,30,0,0,0,normal
0,3,1,200,37.246,4,0,0,0,0,24,0,0,0,normal
0,1,1,200,193.747,6,0,0,0,0,50,1,0,8,ssrf
3,1,1,204,124.78,13,0,0,0,0,6,0,0,0,normal
0,3,0,403,85.904,0,1,0,1,0,24,0,0,3,admin_access
1,2,0,429,9.776,1,0,0,1,0,12,0,0,6,rate_abuse
2,3,0,404,78.27,0,0,0,1,0,27,0,0,0,normal
1,2,0,403,60.911,3,0,0,1,0,13,0,0,2,jwt_bypass
1,3,1,500,2.101,10,0,0,0,0,53,1,1,5,sql_injection
1,3,0,200,27.359,11,0,0,0,0,18,0,0,0,normal
1,2,1,204,54.421,6,0,0,0,0,12,0,0,0,normal
1,3,1,204,43.748,3,0,0,0,0,21,0,0,0,normal
0,4,1,200,32.718,13,0,0,0,0,28,0,0,0,normal
0,1,1,200,56.45,23,0,0,0,0,6,0,0,0,normal
1,2,0,429,10.78,3,0,0,1,0,16,0,0,6,rate_abuse
1,2,0,401,32.173,5,0,0,1,0,16,0,0,6,rate_abuse
0,3,0,201,78.392,15,0,0,0,0,18,0,0,0,normal
2,2,1,200,138.774,7,0,0,0,0,16,0,0,0,normal
0,2,0,404,63.026,6,0,1,1,0,8,0,0,4,debug_access
1,3,0,422,103.387,1,0,0,1,0,15,0,0,0,normal
0,1,1,200,32.258,9,0,0,0,0,6,0,0,0,normal
0,1,1,404,6.939,17,0,0,1,0,9,0,0,0,normal
0,2,0,500,450.253,21,0,0,0,0,40,1,1,9,command_injection
0,2,0,404,44.208,6,0,1,1,0,8,0,0,4,debug_access
1,2,0,403,45.653,1,0,0,1,0,9,0,0,11,shadow_api
1,2,0,200,259.828,4,0,0,0,0,10,0,0,11,shadow_api
0,1,0,404,121.386,19,0,0,1,0,7,0,0,0,normal
0,2,1,422,123.232,11,0,0,1,0,16,0,0,0,normal
0,1,1,204,31.768,8,0,0,0,0,11,0,0,0,normal
1,3,1,400,325.946,17,0,0,1,0,63,1,0,5,sql_injection
0,4,0,200,114.655,5,0,0,0,0,32,0,0,0,normal
0,1,1,500,109.764,16,0,0,0,0,65,1,1,5,sql_injection
1,3,1,200,286.052,17,0,0,0,0,18,0,0,0,normal
0,2,0,200,83.31,14,0,0,0,0,11,0,0,2,jwt_bypass
1,1,1,201,11.784,15,0,0,0,0,9,0,0,0,normal
1,3,0,200,36.05,20,0,0,0,0,16,0,0,11,shadow_api
0,1,1,200,87.332,8,0,0,0,0,5,0,0,0,normal
0,2,1,200,120.527,10,0,0,0,0,12,0,0,0,normal
0,4,0,400,8.843,2,0,0,1,0,20,0,0,0,normal
0,1,0,404,235.937,13,0,0,1,0,10,0,0,0,normal
3,2,1,200,196.818,22,0,0,0,0,14,0,0,0,normal
0,3,0,403,64.043,15,1,0,1,0,22,0,0,3,admin_access
1,2,0,200,96.269,11,0,0,0,0,10,0,0,2,jwt_bypass
0,2,0,200,22.553,21,0,1,0,0,13,0,0,4,debug_access
1,2,0,401,75.199,17,0,0,1,0,22,0,0,0,normal
0,7,0,404,96.811,15,0,0,1,0,39,1,0,7,path_traversal
3,1,0,401,98.11,5,0,0,1,0,11,0,0,0,normal
1,3,1,200,32.097,23,0,0,0,0,27,0,0,0,normal
3,4,1,422,4.127,17,0,0,1,0,28,0,0,0,normal
0,3,1,200,40.791,11,0,0,0,0,30,0,0,0,normal
1,1,1,200,33.967,16,0,0,0,0,5,0,0,0,normal
1,1,0,200,387.518,13,0,0,0,0,43,1,0,8,ssrf
1,3,0,400,88.114,15,0,0,1,0,33,0,0,0,normal
0,3,1,500,252.684,22,0,0,0,0,60,1,1,5,sql_injection
1,2,0,400,74.164,14,0,0,1,0,10,0,0,0,normal
0,1,0,200,66.143,8,0,0,0,0,9,0,0,0,normal
0,4,1,200,32.392,11,0,0,0,0,44,0,0,0,normal
1,2,0,200,38.135,6,0,0,0,0,25,1,0,9,command_injection
0,3,1,403,77.407,16,0,0,1,1,17,0,0,1,bola
2,3,1,200,93.964,22,0,0,0,0,15,0,0,0,normal
1,1,0,200,60.843,16,0,0,0,0,54,1,0,8,ssrf
0,2,0,200,8.79,14,0,0,0,0,15,0,0,11,shadow_api
1,2,0,429,16.438,23,0,0,1,0,16,0,0,6,rate_abuse
0,3,1,403,48.056,19,0,0,1,1,9,0,0,1,bola
1,3,1,200,80.059,6,0,0,0,0,55,1,0,5,sql_injection
1,4,0,400,175.09,18,0,0,1,0,20,0,0,0,normal
0,3,0,200,95.649,0,0,0,0,0,12,0,0,11,shadow_api
3,1,1,200,21.027,17,0,0,0,0,9,0,0,0,normal
3,3,1,200,267.782,8,0,0,0,0,33,0,0,0,normal
2,3,1,200,354.772,4,0,0,0,0,21,0,0,0,normal
1,2,0,200,9.009,0,0,0,0,0,17,0,0,6,rate_abuse
0,2,1,400,102.425,3,0,0,1,0,18,0,0,0,normal
0,4,1,200,60.038,10,0,0,0,0,40,0,0,0,normal
4,2,1,200,40.799,21,0,0,0,0,16,0,0,0,normal
0,2,1,500,208.104,19,0,0,0,0,67,1,1,5,sql_injection
0,3,1,403,102.992,1,1,0,1,0,16,0,0,3,admin_access
1,2,0,401,21.167,8,0,0,1,0,23,0,0,2,jwt_bypass
3,2,1,200,95.14,0,0,0,0,0,16,0,0,0,normal
0,1,0,404,154.6,1,0,0,1,0,10,0,0,0,normal
1,2,1,422,35.619,10,0,0,1,0,20,0,0,0,normal
1,1,1,500,3.447,8,0,0,0,0,49,1,1,9,command_injection
0,3,0,400,236.902,20,0,0,1,0,39,1,0,9,command_injection
0,2,1,200,8.054,17,1,0,0,0,11,0,0,3,admin_access
0,7,1,404,138.537,8,0,0,1,0,51,1,0,7,path_traversal
0,1,0,200,206.178,15,0,0,0,0,10,0,0,0,normal
0,1,0,401,82.573,4,0,0,1,0,9,0,0,0,normal
1,4,1,400,81.093,9,0,0,1,0,24,0,0,0,normal
0,2,0,400,259.483,18,0,0,1,0,26,1,0,5,sql_injection
1,2,1,500,56.419,17,0,0,0,0,71,1,1,8,ssrf
1,2,0,429,27.988,17,0,0,1,0,15,0,0,6,rate_abuse
1,2,0,429,3.552,9,0,0,1,0,8,0,0,6,rate_abuse
1,3,0,400,40.165,19,0,0,1,0,53,1,0,5,sql_injection
1,1,0,400,76.164,23,0,0,1,0,67,1,0,10,xxe
1,4,1,200,77.199,9,0,0,0,0,32,0,0,0,normal
0,1,0,200,28.972,11,0,0,0,0,7,0,0,0,normal
1,3,0,400,116.138,6,0,0,1,0,28,1,0,5,sql_injection
0,2,0,200,80.595,18,0,0,0,0,20,0,0,0,normal
0,4,1,200,36.19,14,0,0,0,0,40,0,0,0,normal
1,1,0,204,74.946,0,0,0,0,0,8,0,0,0,normal
0,3,1,200,419.153,20,0,0,0,0,18,0,0,0,normal
1,3,1,200,82.358,2,0,0,0,0,18,0,0,0,normal
1,3,1,200,19.861,11,0,0,0,0,21,0,0,0,normal
0,4,1,200,10.828,11,0,0,0,0,32,0,0,0,normal
0,3,1,401,61.533,5,0,0,1,0,33,0,0,0,normal
0,3,0,500,363.946,19,0,0,0,0,27,1,1,9,command_injection
0,2,0,404,53.821,13,0,1,1,0,10,0,0,4,debug_access
0,2,0,401,91.552,4,1,0,1,0,15,0,0,3,admin_access
1,3,1,200,55.457,1,0,0,0,0,33,0,0,0,normal
1,3,1,200,11.859,4,0,0,0,0,38,1,0,5,sql_injection
0,2,1,200,430.989,13,0,0,0,0,18,0,0,0,normal
1,2,0,200,98.462,12,0,0,0,0,26,0,0,2,jwt_bypass
3,3,1,200,31.758,19,0,0,0,0,18,0,0,0,normal
0,2,1,200,25.033,12,0,0,0,0,16,0,0,0,normal
0,1,0,400,176.68,9,0,0,1,0,55,1,0,5,sql_injection
0,1,1,200,4.912,17,0,0,0,0,9,0,0,0,normal
0,3,0,403,131.513,0,1,0,1,0,11,0,0,3,admin_access
3,1,1,204,2.69,13,0,0,0,0,8,0,0,0,normal
0,4,1,200,144.984,5,0,0,0,0,40,0,0,0,normal
0,2,1,200,42.165,2,0,0,0,0,16,0,0,0,normal
0,3,1,403,54.705,16,1,0,1,0,14,0,0,3,admin_access
0,6,1,400,26.234,12,0,0,1,0,79,1,0,7,path_traversal
0,2,1,200,42.788,15,0,0,0,0,22,0,0,0,normal
0,4,1,200,36.639,17,0,0,0,0,24,0,0,0,normal
1,4,1,201,150.504,10,0,0,0,0,32,0,0,0,normal
0,4,1,200,19.22,15,0,0,0,0,44,0,0,0,normal
1,4,1,200,28.321,19,0,0,0,0,28,0,0,0,normal
1,2,0,200,113.382,1,0,0,0,0,14,0,0,2,jwt_bypass
1,3,0,400,48.475,22,0,0,1,0,41,1,0,5,sql_injection
0,2,1,200,8.199,22,0,0,0,0,16,0,0,0,normal
2,1,1,200,128.967,2,0,0,0,0,7,0,0,0,normal
3,1,1,201,71.239,23,0,0,0,0,6,0,0,0,normal
0,2,1,403,181.035,11,0,0,1,1,14,0,0,1,bola
0,1,0,400,18.782,9,0,0,1,0,28,1,0,9,command_injection
0,2,0,401,62.985,15,0,0,1,0,18,0,0,2,jwt_bypass
0,4,1,200,1.102,6,0,0,0,0,20,0,0,0,normal
1,1,1,404,190.203,5,0,0,1,0,10,0,0,0,normal
0,2,0,401,55.653,13,1,0,1,0,22,0,0,3,admin_access
0,2,0,500,280.244,17,0,0,0,0,70,1,1,8,ssrf
0,4,0,200,380.576,2,0,0,0,0,28,0,0,0,normal
0,4,0,401,131.411,18,0,0,1,0,20,0,0,0,normal
1,2,0,429,4.361,15,0,0,1,0,17,0,0,6,rate_abuse
3,4,0,204,502.735,4,0,0,0,0,24,0,0,0,normal
1,2,1,200,224.867,13,0,0,0,0,18,0,0,0,normal
2,4,1,404,19.643,12,0,0,1,0,20,0,0,0,normal
1,4,1,200,116.428,12,0,0,0,0,20,0,0,0,normal
1,2,0,401,27.385,2,0,0,1,0,12,0,0,6,rate_abuse
1,2,0,200,12.05,8,0,0,0,0,11,0,0,6,rate_abuse
0,3,1,403,27.253,20,1,0,1,0,20,0,0,3,admin_access
1,2,1,200,7.842,19,0,0,0,0,14,0,0,0,normal
1,3,1,500,244.038,23,0,0,0,0,48,1,1,5,sql_injection
0,5,0,400,110.109,23,0,0,1,0,73,1,0,7,path_traversal
0,4,1,200,52.465,7,0,0,0,0,40,0,0,0,normal
2,4,1,200,42.867,18,0,0,0,0,32,0,0,0,normal
3,3,0,200,51.688,15,0,0,0,0,18,0,0,0,normal
1,4,1,201,24.864,6,0,0,0,0,28,0,0,0,normal
0,2,1,403,127.87,20,0,0,1,1,19,0,0,1,bola
0,1,1,200,48.076,20,0,0,0,0,11,0,0,0,normal
0,3,1,200,6.69,3,0,0,0,0,21,0,0,0,normal
0,3,1,200,2.114,6,0,0,0,1,9,0,0,1,bola
0,2,0,200,45.555,4,0,0,0,0,21,0,0,2,jwt_bypass
0,6,1,404,7.292,11,0,0,1,0,45,1,0,7,path_traversal
1,2,0,200,15.014,11,0,0,0,0,16,0,0,0,normal
0,2,1,403,1.242,1,0,0,1,1,19,0,0,1,bola
0,4,1,200,59.757,5,0,0,0,0,40,0,0,0,normal
0,3,1,200,179.866,19,0,0,0,0,21,0,0,0,normal
0,2,0,400,320.717,13,0,0,1,0,54,1,0,8,ssrf
0,3,0,404,18.567,3,0,0,1,0,18,0,0,0,normal
0,7,0,404,24.461,21,0,0,1,0,30,1,0,7,path_traversal
0,2,0,200,55.692,14,0,0,0,0,25,0,0,2,jwt_bypass
0,3,1,403,66.58,20,0,0,1,1,16,0,0,1,bola
0,3,1,200,84.175,10,0,0,0,0,21,0,0,0,normal
2,4,1,200,580.094,10,0,0,0,0,40,0,0,0,normal
1,2,0,401,87.219,5,0,0,1,0,13,0,0,2,jwt_bypass
0,2,1,200,202.713,6,0,0,0,0,10,0,0,0,normal
0,1,1,200,297.064,0,0,0,0,0,6,0,0,0,normal
1,1,1,200,48.05,0,0,0,0,0,8,0,0,0,normal
1,1,1,500,207.342,14,0,0,0,0,71,1,1,10,xxe
2,3,1,200,80.23,13,0,0,0,0,24,0,0,0,normal
3,3,1,200,147.838,23,0,0,0,0,15,0,0,0,normal
0,2,1,200,42.06,10,0,0,0,0,18,0,0,0,normal
1,1,1,200,92.958,21,0,0,0,0,107,1,0,8,ssrf
0,4,1,201,201.483,14,0,0,0,0,36,0,0,0,normal
0,3,1,403,307.557,2,0,0,1,0,8,0,0,11,shadow_api
0,2,0,200,33.671,2,0,0,0,0,15,0,0,2,jwt_bypass
0,3,1,200,42.347,18,0,0,0,1,18,0,0,1,bola
0,4,1,200,213.043,1,0,0,0,0,40,0,0,0,normal
0,3,1,201,23.07,8,0,0,0,0,30,0,0,0,normal
0,1,1,200,27.492,5,0,0,0,0,6,0,0,0,normal
0,4,1,200,225.027,19,0,0,0,0,24,0,0,0,normal
0,1,1,200,9.166,23,0,0,0,0,5,0,0,0,normal
1,4,1,200,118.04,17,0,0,0,0,28,0,0,0,normal
0,2,1,200,103.173,21,0,0,0,0,18,0,0,0,normal
0,3,1,200,1.279,13,0,0,0,0,27,0,0,0,normal
0,2,0,403,10.407,19,1,0,1,0,18,0,0,3,admin_access
0,4,1,200,108.993,23,0,0,0,0,32,0,0,0,normal
0,3,0,200,80.002,15,0,0,0,0,8,0,0,11,shadow_api
1,2,1,201,77.761,6,0,0,0,0,16,0,0,0,normal
0,4,0,201,4.49,4,0,0,0,0,36,0,0,0,normal
1,2,0,429,27.962,12,0,0,1,0,9,0,0,6,rate_abuse
2,3,1,200,17.071,23,0,0,0,0,33,0,0,0,normal
1,1,0,400,77.141,15,0,0,1,0,7,0,0,0,normal
0,3,1,404,194.343,15,0,0,1,0,24,0,0,0,normal
0,3,1,200,31.482,18,0,0,0,0,15,0,0,0,normal
0,2,0,200,9.144,4,0,0,0,0,10,0,0,0,normal
1,3,0,500,108.721,1,0,0,0,0,69,1,1,10,xxe
0,4,1,200,17.972,16,0,0,0,0,32,0,0,0,normal
1,3,1,500,106.502,4,0,0,0,0,67,1,1,10,xxe
0,1,0,400,8.871,22,0,0,1,0,10,0,0,0,normal
0,2,0,403,105.849,16,0,0,1,0,24,0,0,2,jwt_bypass
0,2,0,401,79.287,0,1,0,1,0,18,0,0,3,admin_access
0,4,1,200,11.473,18,0,0,0,0,40,0,0,0,normal
1,2,0,429,26.434,4,0,0,1,0,10,0,0,6,rate_abuse
0,3,1,500,342.492,20,0,0,0,0,57,1,1,5,sql_injection
0,1,1,200,43.96,17,0,0,0,0,11,0,0,0,normal
0,1,0,400,66.477,22,0,0,1,0,36,1,0,9,command_injection
1,2,1,200,365.841,17,0,0,0,0,48,1,0,8,ssrf
2,3,1,204,207.394,17,0,0,0,0,21,0,0,0,normal
0,3,1,200,149.34,14,0,0,0,1,12,0,0,1,bola
0,2,1,201,32.218,16,0,0,0,0,20,0,0,0,normal
0,4,1,200,44.442,15,0,0,0,0,20,0,0,0,normal
2,4,1,200,235.513,13,0,0,0,0,44,0,0,0,normal
0,3,0,200,22.31,9,0,0,0,0,27,0,0,0,normal
0,2,1,200,77.238,21,0,0,0,1,9,0,0,1,bola
1,3,0,400,18.979,15,0,0,1,0,21,0,0,0,normal
2,3,1,200,4.651,23,0,0,0,0,27,0,0,0,normal
3,1,1,200,25.324,15,0,0,0,0,7,0,0,0,normal
1,2,0,429,7.383,4,0,0,1,0,10,0,0,6,rate_abuse
0,3,0,200,18.93,5,1,0,0,0,20,0,0,3,admin_access
2,4,1,200,9.326,11,0,0,0,0,36,0,0,0,normal
0,2,1,200,17.036,13,0,0,0,0,14,0,0,0,normal
0,6,0,404,77.17,1,0,0,1,0,34,1,0,7,path_traversal
0,3,1,200,3.162,18,0,0,0,1,18,0,0,1,bola
0,2,1,200,60.726,23,0,0,0,0,10,0,0,0,normal
0,3,1,400,103.652,2,0,0,1,0,45,1,0,5,sql_injection
1,2,1,500,50.271,19,0,0,0,0,50,1,1,9,command_injection
0,7,1,404,31.47,11,0,0,1,0,80,1,0,7,path_traversal
1,4,0,200,50.774,19,0,0,0,0,20,0,0,0,normal
1,4,1,404,269.65,21,0,0,1,0,24,0,0,0,normal
1,2,1,500,42.212,5,0,0,0,0,55,1,1,10,xxe
1,2,0,403,92.823,21,0,0,1,0,29,0,0,2,jwt_bypass
0,3,1,204,19.569,20,0,0,0,0,18,0,0,0,normal
1,2,0,200,34.929,6,0,0,0,0,10,0,0,6,rate_abuse
0,3,1,204,9.718,15,0,0,0,0,21,0,0,0,normal
0,2,1,200,30.243,15,0,0,0,0,10,0,0,0,normal
0,1,1,400,66.379,10,0,0,1,0,47,1,0,9,command_injection
0,4,1,400,54.318,20,0,0,1,0,32,0,0,0,normal
0,3,0,204,110.04,8,0,0,0,0,24,0,0,0,normal
1,1,0,204,49.431,5,0,0,0,0,11,0,0,0,normal
0,1,1,400,5.462,21,0,0,1,0,11,0,0,0,normal
0,3,1,200,92.554,4,0,0,0,0,18,0,0,0,normal
0,1,0,200,81.517,6,0,0,0,0,8,0,0,0,normal
1,3,1,500,138.76,4,0,0,0,0,59,1,1,10,xxe
2,4,1,200,218.366,17,0,0,0,0,24,0,0,0,normal
0,2,1,500,206.015,6,0,0,0,0,20,1,1,9,command_injection
0,2,0,401,101.889,23,0,0,1,0,28,0,0,2,jwt_bypass
1,1,1,201,28.883,12,0,0,0,0,8,0,0,0,normal
0,2,0,200,61.893,14,0,1,0,0,15,0,0,4,debug_access
1,2,0,401,52.64,10,0,0,1,0,19,0,0,2,jwt_bypass
1,4,1,200,31.473,16,0,0,0,0,28,0,0,0,normal
0,4,1,200,32.419,12,0,0,0,0,40,0,0,0,normal
0,2,1,401,67.207,17,1,0,1,0,21,0,0,3,admin_access
4,1,1,200,105.835,10,0,0,0,0,7,0,0,0,normal
0,1,1,200,110.333,18,0,0,0,0,11,0,0,0,normal
0,6,0,200,32.894,19,0,0,0,0,39,1,0,7,path_traversal
1,2,1,200,108.223,21,0,0,0,0,22,0,0,0,normal
0,2,1,422,97.995,7,0,0,1,0,16,0,0,0,normal
1,2,0,200,19.669,23,0,0,0,0,15,0,0,6,rate_abuse
1,3,1,200,52.368,14,0,0,0,0,15,0,0,0,normal
0,1,1,200,198.112,20,0,0,0,0,6,0,0,0,normal
0,5,1,404,104.515,3,0,0,1,0,44,1,0,7,path_traversal
1,2,0,403,53.954,9,0,0,1,0,23,0,0,2,jwt_bypass
0,2,1,500,335.668,6,0,0,0,0,22,1,1,9,command_injection
1,4,1,200,20.945,21,0,0,0,0,44,0,0,0,normal
1,1,1,400,97.567,2,0,0,1,0,7,0,0,0,normal
0,4,1,200,47.679,17,0,0,0,0,28,0,0,0,normal
4,1,1,200,62.876,13,0,0,0,0,9,0,0,0,normal
2,1,1,404,224.104,19,0,0,1,0,9,0,0,0,normal
1,2,0,401,24.014,10,0,0,1,0,15,0,0,6,rate_abuse
0,1,0,500,54.793,15,0,0,0,0,57,1,1,8,ssrf
1,3,1,200,111.871,14,0,0,0,0,33,0,0,0,normal
0,4,1,200,130.908,17,0,0,0,0,20,0,0,0,normal
1,3,0,200,134.322,9,0,0,0,0,65,1,0,10,xxe
1,3,1,201,62.073,0,0,0,0,0,27,0,0,0,normal
0,4,1,200,30.459,18,0,0,0,0,36,0,0,0,normal
2,1,1,200,50.344,23,0,0,0,0,10,0,0,0,normal
0,1,1,201,25.91,23,0,0,0,0,5,0,0,0,normal
0,3,1,200,64.273,15,0,0,0,1,8,0,0,1,bola
1,2,1,200,201.178,22,0,0,0,0,22,0,0,0,normal
0,2,1,200,163.501,20,0,0,0,0,18,0,0,0,normal
1,1,0,400,478.801,10,0,0,1,0,6,0,0,0,normal
0,2,1,200,110.221,22,0,0,0,1,11,0,0,1,bola
1,4,1,200,85.497,19,0,0,0,0,40,0,0,0,normal
3,2,1,200,44.457,23,0,0,0,0,22,0,0,0,normal
1,2,1,500,171.766,18,0,0,0,0,62,1,1,10,xxe
0,2,1,200,234.851,1,0,0,0,0,10,0,0,0,normal
2,2,0,200,13.328,22,0,0,0,0,12,0,0,0,normal
0,2,1,200,190.048,22,0,0,0,1,11,0,0,1,bola
0,4,1,200,103.676,14,0,0,0,0,36,0,0,0,normal
0,2,1,200,28.937,14,0,0,0,0,12,0,0,0,normal
1,3,1,200,87.502,12,0,0,0,0,27,0,0,0,normal
0,2,1,200,1.737,19,0,0,0,0,16,0,0,0,normal
1,1,1,400,70.355,1,0,0,1,0,53,1,0,8,ssrf
0,3,1,201,50.773,7,0,0,0,0,30,0,0,0,normal
0,4,1,200,68.734,10,0,0,0,0,36,0,0,0,normal
0,2,0,401,61.527,19,1,0,1,0,22,0,0,3,admin_access
0,4,1,200,69.037,17,0,0,0,0,32,0,0,0,normal
0,2,1,403,19.354,1,1,0,1,0,15,0,0,3,admin_access
0,4,1,200,28.27,9,0,0,0,0,32,0,0,0,normal
0,1,0,200,94.173,4,0,0,0,0,9,0,0,0,normal
3,2,0,200,75.652,19,0,0,0,0,20,0,0,0,normal
1,1,1,200,68.961,16,0,0,0,0,6,0,0,0,normal
1,2,0,401,9.666,11,0,0,1,0,16,0,0,6,rate_abuse
1,3,1,404,8.778,0,0,0,1,0,21,0,0,0,normal
1,2,0,429,16.699,13,0,0,1,0,9,0,0,6,rate_abuse
1,3,0,400,57.487,8,0,0,1,0,41,1,0,5,sql_injection
4,1,1,401,82.242,5,0,0,1,0,8,0,0,0,normal
0,3,1,200,127.643,20,0,0,0,0,33,0,0,0,normal
1,2,0,429,7.369,20,0,0,1,0,11,0,0,6,rate_abuse
0,6,0,404,31.444,22,0,0,1,0,41,1,0,7,path_traversal
1,2,0,400,62.788,14,0,0,1,0,71,1,0,10,xxe
0,8,0,404,0.168,3,0,0,1,0,58,1,0,7,path_traversal
0,2,0,500,46.063,21,0,0,0,0,69,1,1,5,sql_injection
0,4,1,200,26.842,20,0,0,0,0,20,0,0,0,normal
1,4,1,200,400.027,18,0,0,0,0,40,0,0,0,normal
0,2,1,200,3.192,16,0,0,0,0,20,0,0,0,normal
0,3,1,200,213.486,15,0,0,0,1,14,0,0,1,bola
0,3,1,200,188.123,3,0,0,0,1,17,0,0,1,bola
0,4,1,401,72.308,8,0,0,1,0,24,0,0,0,normal
0,1,1,500,5.708,15,0,0,0,0,58,1,1,5,sql_injection
0,2,1,200,128.42,20,0,0,0,0,10,0,0,0,normal
0,4,1,200,19.473,17,0,0,0,0,28,0,0,0,normal
2,4,1,400,9.81,10,0,0,1,0,28,0,0,0,normal
0,2,1,200,260.316,2,0,0,0,0,18,0,0,0,normal
1,2,1,200,20.042,5,0,0,0,0,10,0,0,0,normal
0,4,1,400,132.658,0,0,0,1,0,40,0,0,0,normal
4,4,1,200,308.34,17,0,0,0,0,24,0,0,0,normal
4,1,1,200,150.755,12,0,0,0,0,6,0,0,0,normal
1,2,1,200,10.163,23,0,0,0,0,14,0,0,11,shadow_api
0,2,0,200,0.234,0,0,1,0,0,12,0,0,4,debug_access
3,4,0,200,288.762,16,0,0,0,0,36,0,0,0,normal
1,1,1,200,69.471,23,0,0,0,0,7,0,0,0,normal
0,1,0,200,29.369,22,0,0,0,0,7,0,0,0,normal
0,2,1,404,306.081,18,0,0,1,0,12,0,0,0,normal
1,1,0,200,53.32,19,0,0,0,0,59,1,0,10,xxe
1,3,1,201,425.986,12,0,0,0,0,21,0,0,0,normal
1,2,1,200,189.404,2,0,0,0,0,9,0,0,11,shadow_api
0,3,1,200,59.274,11,1,0,0,0,14,0,0,3,admin_access
1,2,1,500,223.646,7,0,0,0,0,59,1,1,9,command_injection
1,2,0,400,32.755,16,0,0,1,0,12,0,0,0,normal
3,4,0,200,51.92,4,0,0,0,0,20,0,0,0,normal
1,2,1,200,84.093,10,0,0,0,0,45,1,0,5,sql_injection
0,3,1,403,147.304,0,0,0,1,1,15,0,0,1,bola
0,1,0,200,9.753,5,0,0,0,0,10,0,0,0,normal
0,3,1,200,37.7,1,0,0,0,0,21,0,0,0,normal
0,3,1,200,260.976,9,0,0,0,0,24,0,0,0,normal
0,8,1,404,100.131,12,0,0,1,0,56,1,0,7,path_traversal
0,4,1,200,47.332,2,0,0,0,0,44,0,0,0,normal
0,3,0,200,36.871,15,0,0,0,0,21,0,0,0,normal
0,3,1,200,168.779,20,0,0,0,1,10,0,0,1,bola
0,2,1,403,17.892,16,1,0,1,0,14,0,0,3,admin_access
0,2,0,201,183.203,23,0,0,0,0,14,0,0,0,normal
1,2,0,200,20.624,10,0,0,0,0,14,0,0,6,rate_abuse
0,2,1,200,9.036,13,0,0,0,1,16,0,0,1,bola
1,1,1,200,6.18,1,0,0,0,0,11,0,0,0,normal
0,1,1,200,49.19,15,0,0,0,0,8,0,0,0,normal
0,2,1,200,15.812,10,0,0,0,0,12,0,0,0,normal
1,2,0,401,19.504,16,0,0,1,0,9,0,0,6,rate_abuse
3,3,1,200,85.574,17,0,0,0,0,30,0,0,0,normal
0,2,0,403,50.546,2,0,0,1,0,12,0,0,11,shadow_api
1,3,0,200,178.087,23,0,0,0,0,27,0,0,0,normal
0,3,1,200,101.328,3,0,0,0,1,11,0,0,1,bola
1,1,0,204,294.512,23,0,0,0,0,10,0,0,0,normal
1,4,0,200,55.924,7,0,0,0,0,24,0,0,0,normal
1,3,0,200,44.012,23,0,0,0,0,30,0,0,0,normal
1,2,0,429,26.077,21,0,0,1,0,10,0,0,6,rate_abuse
1,4,1,200,77.543,8,0,0,0,0,28,0,0,0,normal
2,2,1,201,357.887,7,0,0,0,0,20,0,0,0,normal
0,4,0,200,32.969,19,0,0,0,0,40,0,0,0,normal
0,4,1,200,21.539,8,0,0,0,0,44,0,0,0,normal
0,2,0,200,45.47,6,0,0,0,0,24,0,0,2,jwt_bypass
0,2,1,403,48.101,22,0,0,1,1,14,0,0,1,bola
0,2,0,200,121.02,15,0,1,0,0,16,0,0,4,debug_access
1,4,1,201,20.046,3,0,0,0,0,32,0,0,0,normal
0,2,0,404,134.182,12,0,1,1,0,17,0,0,4,debug_access
1,3,0,400,81.94,20,0,0,1,0,38,1,0,10,xxe
0,3,0,401,39.906,5,0,0,1,0,15,0,0,0,normal
0,2,0,200,98.158,17,0,0,0,0,15,0,0,2,jwt_bypass
1,2,1,204,68.771,22,0,0,0,0,14,0,0,0,normal
0,2,0,404,8.457,9,0,1,1,0,15,0,0,4,debug_access
1,2,0,403,41.193,18,0,0,1,0,10,0,0,2,jwt_bypass
0,2,0,403,23.3,11,0,0,1,0,11,0,0,2,jwt_bypass
1,1,0,200,67.688,17,0,0,0,0,6,0,0,0,normal
0,2,1,200,19.991,12,0,0,0,1,17,0,0,1,bola
0,2,0,401,103.225,0,0,0,1,0,28,0,0,2,jwt_bypass
0,2,0,201,29.438,20,0,0,0,0,12,0,0,0,normal
0,2,0,200,247.905,11,0,0,0,0,93,1,0,8,ssrf
0,2,1,200,45.993,7,0,0,0,1,14,0,0,1,bola
0,2,0,401,65.046,5,0,0,1,0,18,0,0,2,jwt_bypass
0,3,1,200,420.029,13,0,0,0,0,24,0,0,0,normal
0,4,1,200,46.017,6,0,0,0,0,36,0,0,0,normal
0,1,1,200,18.251,8,0,0,0,0,6,0,0,0,normal
0,5,0,404,532.551,12,0,0,1,0,44,1,0,7,path_traversal
1,2,0,403,56.681,18,0,0,1,0,15,0,0,2,jwt_bypass
0,3,0,200,6.67,8,0,0,0,0,9,0,0,11,shadow_api
0,2,1,404,55.662,4,0,0,1,0,14,0,0,0,normal
4,1,1,200,88.898,11,0,0,0,0,7,0,0,0,normal
1,2,1,200,68.391,23,0,0,0,0,79,1,0,10,xxe
1,1,1,400,74.594,12,0,0,1,0,65,1,0,10,xxe
0,4,0,200,4.515,3,0,0,0,0,44,0,0,0,normal
2,4,1,201,152.617,22,0,0,0,0,36,0,0,0,normal
1,2,0,403,49.643,18,0,0,1,0,27,0,0,2,jwt_bypass
0,4,1,200,40.829,13,0,0,0,0,28,0,0,0,normal
1,2,1,200,34.913,2,0,0,0,0,11,0,0,11,shadow_api
2,3,1,200,100.881,12,0,0,0,0,27,0,0,0,normal
0,3,1,200,155.461,2,0,0,0,0,27,0,0,0,normal
0,4,1,200,16.096,9,0,0,0,0,28,0,0,0,normal
0,4,1,200,39.427,21,0,0,0,0,36,0,0,0,normal
1,3,1,422,3.749,9,0,0,1,0,18,0,0,0,normal
4,2,1,200,44.961,4,0,0,0,0,10,0,0,0,normal
0,1,1,200,154.62,4,0,0,0,0,9,0,0,0,normal
0,1,0,200,174.7,9,0,0,0,0,80,1,0,8,ssrf
1,2,1,200,174.47,1,0,0,0,0,18,0,0,0,normal
1,2,0,429,27.129,0,0,0,1,0,17,0,0,6,rate_abuse
3,2,1,200,61.953,20,0,0,0,0,14,0,0,0,normal
3,2,0,200,15.021,11,0,0,0,0,10,0,0,0,normal
0,2,0,200,37.885,2,0,1,0,0,11,0,0,4,debug_access
0,4,1,422,66.939,10,0,0,1,0,20,0,0,0,normal
0,4,1,401,33.395,5,0,0,1,0,36,0,0,0,normal
1,3,0,400,85.157,23,0,0,1,0,56,1,0,5,sql_injection
0,2,0,200,49.623,19,0,0,0,0,22,0,0,0,normal
1,1,1,400,59.782,21,0,0,1,0,5,0,0,0,normal
0,3,1,200,36.205,16,0,0,0,1,17,0,0,1,bola
3,4,1,200,13.84,15,0,0,0,0,20,0,0,0,normal
0,1,1,200,78.493,17,0,0,0,0,9,0,0,0,normal
0,2,0,404,46.57,21,0,1,1,0,10,0,0,4,debug_access
0,2,1,200,12.754,4,0,0,0,1,9,0,0,1,bola
0,2,0,404,174.24,3,0,1,1,0,17,0,0,4,debug_access
0,4,1,200,211.134,23,0,0,0,0,20,0,0,0,normal
0,4,1,200,138.721,4,0,0,0,0,44,0,0,0,normal
0,2,1,403,90.315,5,1,0,1,0,13,0,0,3,admin_access
0,3,1,403,94.477,10,1,0,1,0,21,0,0,3,admin_access
0,1,1,400,319.879,13,0,0,1,0,9,0,0,0,normal
0,3,0,200,9.873,15,0,0,0,0,24,0,0,0,normal
1,2,0,429,29.108,3,0,0,1,0,11,0,0,6,rate_abuse
0,1,0,400,22.274,6,0,0,1,0,35,1,0,9,command_injection
0,2,0,400,345.528,0,0,0,1,0,93,1,0,8,ssrf
1,2,0,200,82.127,7,0,0,0,0,24,0,0,2,jwt_bypass
0,5,0,200,58.52,12,0,0,0,0,89,1,0,7,path_traversal
0,2,1,200,202.648,19,0,0,0,0,19,0,0,11,shadow_api
3,3,1,200,37.378,19,0,0,0,0,27,0,0,0,normal
0,2,0,404,19.208,6,0,1,1,0,10,0,0,4,debug_access
1,2,0,429,13.624,10,0,0,1,0,15,0,0,6,rate_abuse
0,3,1,200,8.673,22,0,0,0,0,24,0,0,0,normal
2,3,1,200,13.065,17,0,0,0,0,15,0,0,0,normal
1,1,1,200,294.637,11,0,0,0,0,11,0,0,0,normal
0,3,1,200,71.812,12,0,0,0,0,30,0,0,0,normal
0,4,0,200,38.641,13,0,0,0,0,28,0,0,0,normal
1,1,1,400,12.621,22,0,0,1,0,50,1,0,9,command_injection
0,3,1,400,12.721,16,0,0,1,0,24,0,0,0,normal
1,3,1,403,4.119,22,0,0,1,0,18,0,0,11,shadow_api
0,2,1,401,18.972,2,0,0,1,0,22,0,0,0,normal
0,4,1,400,2.929,19,0,0,1,0,20,0,0,0,normal
0,2,0,204,226.662,23,0,0,0,0,16,0,0,0,normal
0,3,0,403,18.31,6,1,0,1,0,17,0,0,3,admin_access
1,2,1,200,48.768,23,0,0,0,0,16,0,0,0,normal
0,2,0,200,106.088,20,0,0,0,0,18,0,0,2,jwt_bypass
3,4,1,200,77.315,5,0,0,0,0,20,0,0,0,normal
1,1,1,200,0.575,19,0,0,0,0,9,0,0,0,normal
1,1,1,200,25.244,15,0,0,0,0,10,0,0,0,normal
0,3,1,400,140.955,8,0,0,1,0,24,0,0,0,normal
3,3,0,200,31.131,7,0,0,0,0,27,0,0,0,normal
0,3,1,200,40.468,8,0,0,0,1,9,0,0,1,bola
0,5,1,404,24.969,21,0,0,1,0,43,1,0,7,path_traversal
0,2,0,403,69.544,12,1,0,1,0,20,0,0,3,admin_access
3,1,1,200,389.616,0,0,0,0,0,7,0,0,0,normal
2,1,1,200,162.971,3,0,0,0,0,9,0,0,0,normal
1,2,1,422,1.976,23,0,0,1,0,22,0,0,0,normal
3,2,1,200,4.722,22,0,0,0,0,18,0,0,0,normal
0,2,0,200,18.603,11,0,1,0,0,16,0,0,4,debug_access
0,3,1,500,71.798,13,0,0,0,0,40,1,1,9,command_injection
0,4,0,204,22.785,20,0,0,0,0,40,0,0,0,normal
0,3,0,403,7.695,16,1,0,1,0,22,0,0,3,admin_access
0,3,0,200,72.696,22,0,0,0,0,20,0,0,11,shadow_api
1,2,0,401,26.415,5,0,0,1,0,10,0,0,6,rate_abuse
3,3,0,201,5.191,22,0,0,0,0,33,0,0,0,normal
0,3,0,200,38.746,18,0,0,0,0,45,1,0,5,sql_injection
0,1,0,200,91.627,18,0,0,0,0,8,0,0,0,normal
1,2,0,500,339.646,10,0,0,0,0,57,1,1,8,ssrf
0,3,1,400,103.803,6,0,0,1,0,51,1,0,9,command_injection
0,2,0,401,118.956,2,0,0,1,0,14,0,0,2,jwt_bypass
0,8,1,404,0.092,9,0,0,1,0,30,1,0,7,path_traversal
0,2,1,200,37.322,3,0,0,0,1,19,0,0,1,bola
1,2,0,200,10.67,18,0,0,0,0,15,0,0,11,shadow_api
0,1,0,200,415.886,13,0,0,0,0,36,1,0,5,sql_injection
4,3,1,200,18.704,4,0,0,0,0,33,0,0,0,normal
0,3,0,403,68.26,12,1,0,1,0,24,0,0,3,admin_access
0,2,0,200,66.251,6,0,1,0,0,11,0,0,4,debug_access
0,2,1,403,10.296,18,1,0,1,0,17,0,0,3,admin_access
0,2,1,400,40.074,7,0,0,1,0,16,0,0,0,normal
0,1,0,200,107.261,10,0,0,0,0,9,0,0,0,normal
0,4,1,200,21.123,13,0,0,0,0,40,0,0,0,normal
0,3,1,401,77.285,18,1,0,1,0,22,0,0,3,admin_access
0,1,1,404,43.151,10,0,0,1,0,7,0,0,0,normal
0,2,1,200,19.73,14,0,0,0,0,10,0,0,0,normal
1,4,1,200,71.378,14,0,0,0,0,20,0,0,0,normal
1,3,1,200,260.508,6,0,0,0,0,30,0,0,0,normal
0,1,1,200,15.524,0,0,0,0,0,10,0,0,0,normal
1,1,1,200,86.594,21,0,0,0,0,5,0,0,0,normal
0,3,0,403,98.49,23,1,0,1,0,11,0,0,3,admin_access
0,3,0,200,37.386,3,0,0,0,0,24,0,0,0,normal
0,2,1,200,64.653,17,0,0,0,1,8,0,0,1,bola
0,3,0,403,123.001,0,1,0,1,0,15,0,0,3,admin_access
0,5,1,200,230.1,9,0,0,0,0,62,1,0,7,path_traversal
0,2,0,200,16.749,0,0,1,0,0,11,0,0,4,debug_access
1,3,1,400,83.166,16,0,0,1,0,41,1,0,9,command_injection
0,7,1,200,35.841,19,0,0,0,0,65,1,0,7,path_traversal
0,4,1,201,356.567,16,0,0,0,0,36,0,0,0,normal
1,2,0,200,58.857,1,0,0,0,0,14,0,0,0,normal
0,1,1,200,119.097,23,0,0,0,0,6,0,0,0,normal
0,2,1,403,57.099,0,1,0,1,0,17,0,0,3,admin_access
0,2,1,500,50.262,21,0,0,0,0,36,1,1,5,sql_injection
0,8,0,404,8.722,16,0,0,1,0,55,1,0,7,path_traversal
0,2,0,401,14.479,7,0,0,1,0,19,0,0,2,jwt_bypass
1,2,1,400,72.01,17,0,0,1,0,55,1,0,9,command_injection
0,2,1,500,94.565,18,0,0,0,0,59,1,1,5,sql_injection
3,1,1,401,67.191,14,0,0,1,0,9,0,0,0,normal
0,1,1,401,57.442,3,0,0,1,0,7,0,0,0,normal
1,2,1,400,44.594,16,0,0,1,0,38,1,0,10,xxe
1,2,0,200,18.794,5,0,0,0,0,16,0,0,2,jwt_bypass
0,2,1,204,26.406,5,0,0,0,0,22,0,0,0,normal
0,2,0,422,93.614,17,0,0,1,0,10,0,0,0,normal
1,2,1,400,138.122,10,0,0,1,0,72,1,0,10,xxe
0,2,1,200,141.525,8,0,0,0,0,10,0,0,0,normal
0,3,1,200,140.422,13,0,0,0,0,15,0,0,0,normal
1,1,1,200,180.332,12,0,0,0,0,9,0,0,0,normal
0,3,1,200,59.856,10,0,0,0,0,18,0,0,0,normal
0,3,0,200,55.29,9,1,0,0,0,17,0,0,3,admin_access
0,3,0,401,43.107,12,0,0,1,0,27,0,0,0,normal
1,2,0,401,63.875,1,0,0,1,0,21,0,0,2,jwt_bypass
0,3,0,200,10.713,21,0,0,0,0,30,0,0,0,normal
0,1,1,200,43.722,23,0,0,0,0,5,0,0,0,normal
1,1,0,200,65.901,21,0,0,0,0,58,1,0,10,xxe
0,3,1,200,37.629,18,0,0,0,0,30,0,0,0,normal
1,2,0,429,18.107,16,0,0,1,0,16,0,0,6,rate_abuse
0,4,1,200,81.381,7,0,0,0,0,86,1,0,7,path_traversal
0,3,0,200,6.721,2,0,0,0,0,33,0,0,0,normal
0,2,1,200,12.973,15,0,0,0,1,15,0,0,1,bola
0,2,1,403,48.508,2,1,0,1,0,22,0,0,3,admin_access
1,2,0,201,2.973,7,0,0,0,0,10,0,0,0,normal
0,4,1,204,123.696,4,0,0,0,0,20,0,0,0,normal
1,2,0,401,21.016,23,0,0,1,0,13,0,0,6,rate_abuse
0,5,0,400,129.169,13,0,0,1,0,75,1,0,7,path_traversal
1,4,1,401,40.857,5,0,0,1,0,44,0,0,0,normal
0,4,1,200,57.973,13,0,0,0,0,44,0,0,0,normal
0,1,1,200,126.728,13,0,0,0,0,8,0,0,0,normal
0,2,0,200,135.356,20,1,0,0,0,14,0,0,3,admin_access
0,3,1,500,16.321,21,0,0,0,0,20,1,1,9,command_injection
0,1,1,200,33.239,2,0,0,0,0,10,0,0,0,normal
0,1,1,200,117.541,10,0,0,0,0,8,0,0,0,normal
0,2,1,200,66.281,8,0,0,0,0,14,0,0,0,normal
0,1,1,200,49.968,5,0,0,0,0,8,0,0,0,normal
1,1,1,200,7.373,8,0,0,0,0,31,1,0,5,sql_injection
4,4,1,200,22.776,21,0,0,0,0,44,0,0,0,normal
0,1,0,500,328.529,23,0,0,0,0,69,1,1,5,sql_injection
1,1,0,200,2.622,16,0,0,0,0,9,0,0,0,normal
1,2,0,200,85.131,23,0,0,0,0,19,0,0,2,jwt_bypass
0,2,0,401,99.913,21,0,0,1,0,22,0,0,2,jwt_bypass
3,2,1,200,131.838,11,0,0,0,0,16,0,0,0,normal
1,2,1,200,100.069,3,0,0,0,0,19,0,0,11,shadow_api
0,4,1,200,219.998,2,0,0,0,0,28,0,0,0,normal
0,3,1,401,173.214,15,1,0,1,0,17,0,0,3,admin_access
0,2,0,200,79.148,9,1,0,0,0,14,0,0,3,admin_access
0,3,1,200,123.728,5,0,0,0,1,13,0,0,1,bola
4,3,1,422,374.923,16,0,0,1,0,21,0,0,0,normal
1,4,0,200,92.693,18,0,0,0,0,32,0,0,0,normal
1,1,0,200,7.273,9,0,0,0,0,5,0,0,0,normal
0,4,0,200,66.479,0,0,0,0,0,24,0,0,0,normal
3,4,1,200,23.189,21,0,0,0,0,44,0,0,0,normal
1,3,1,400,227.961,12,0,0,1,0,15,0,0,0,normal
4,2,1,200,48.17,7,0,0,0,0,18,0,0,0,normal
1,2,1,422,46.072,8,0,0,1,0,20,0,0,0,normal
1,1,1,200,93.227,21,0,0,0,0,5,0,0,0,normal
0,2,1,200,187.159,19,0,0,0,1,14,0,0,1,bola
2,1,1,200,10.172,13,0,0,0,0,5,0,0,0,normal
0,1,1,201,9.452,9,0,0,0,0,11,0,0,0,normal
1,3,1,200,320.595,22,0,0,0,0,61,1,0,8,ssrf
0,3,1,403,112.048,14,1,0,1,0,10,0,0,3,admin_access
1,2,1,200,488.843,8,0,0,0,0,14,0,0,0,normal
2,3,0,200,92.484,0,0,0,0,0,18,0,0,0,normal
0,2,0,401,24.207,4,0,0,1,0,15,0,0,2,jwt_bypass
3,1,0,200,54.301,1,0,0,0,0,5,0,0,0,normal
2,3,1,200,66.115,18,0,0,0,0,30,0,0,0,normal
0,3,1,404,128.663,21,0,0,1,0,33,0,0,0,normal
2,4,1,422,36.688,2,0,0,1,0,44,0,0,0,normal
0,7,0,400,468.337,5,0,0,1,0,32,1,0,7,path_traversal
1,3,0,200,216.164,0,0,0,0,0,91,1,0,8,ssrf
1,2,0,429,23.561,21,0,0,1,0,8,0,0,6,rate_abuse
0,3,0,403,74.735,12,0,0,1,0,16,0,0,11,shadow_api
0,3,1,401,84.576,20,1,0,1,0,18,0,0,3,admin_access
0,2,0,404,19.429,6,0,1,1,0,11,0,0,4,debug_access
0,4,1,204,58.917,1,0,0,0,0,20,0,0,0,normal
0,2,0,404,30.993,0,0,1,1,0,9,0,0,4,debug_access
1,2,0,429,21.467,19,0,0,1,0,8,0,0,6,rate_abuse
0,2,1,200,215.891,20,0,0,0,1,12,0,0,1,bola
0,2,0,200,36.449,0,0,0,0,0,26,0,0,2,jwt_bypass
1,1,1,200,112.454,7,0,0,0,0,9,0,0,0,normal
1,3,1,200,305.156,5,0,0,0,0,33,0,0,0,normal
0,8,1,200,1.973,19,0,0,0,0,31,1,0,7,path_traversal
0,2,0,400,217.87,22,0,0,1,0,62,1,0,5,sql_injection
1,3,0,200,67.045,7,0,0,0,0,11,0,0,11,shadow_api
1,2,0,429,30.038,19,0,0,1,0,15,0,0,6,rate_abuse
0,1,1,200,16.155,11,0,0,0,0,7,0,0,0,normal
0,3,0,403,14.939,7,1,0,1,0,21,0,0,3,admin_access
2,3,1,422,24.706,21,0,0,1,0,21,0,0,0,normal
0,4,1,204,74.323,17,0,0,0,0,28,0,0,0,normal
1,4,1,200,96.14,15,0,0,0,0,44,0,0,0,normal
1,2,1,400,322.483,11,0,0,1,0,39,1,0,9,command_injection
1,2,0,429,21.76,20,0,0,1,0,12,0,0,6,rate_abuse
0,1,1,200,58.639,11,0,0,0,0,8,0,0,0,normal
0,3,1,201,26.335,6,0,0,0,0,30,0,0,0,normal
1,3,0,400,222.787,22,0,0,1,0,29,1,0,5,sql_injection
1,1,0,200,257.769,18,0,0,0,0,8,0,0,0,normal
0,2,0,404,54.89,9,0,1,1,0,13,0,0,4,debug_access
0,2,1,200,61.654,2,0,0,0,0,22,0,0,0,normal
1,3,0,500,26.549,12,0,0,0,0,66,1,1,5,sql_injection
1,1,1,500,70.239,5,0,0,0,0,39,1,1,5,sql_injection
1,2,1,400,79.01,3,0,0,1,0,48,1,0,10,xxe
0,3,1,200,95.74,18,0,0,0,1,13,0,0,1,bola
0,2,1,200,4.061,3,0,0,0,0,39,1,0,9,command_injection
1,3,1,404,90.278,19,0,0,1,0,18,0,0,0,normal
1,2,1,200,81.327,6,0,0,0,0,64,1,0,8,ssrf
1,2,1,200,4.703,5,0,0,0,0,12,0,0,0,normal
0,1,1,201,152.935,11,0,0,0,0,6,0,0,0,normal
1,4,1,404,180.382,16,0,0,1,0,20,0,0,0,normal
1,2,1,200,73.963,8,0,0,0,0,103,1,0,8,ssrf
0,3,1,401,31.111,9,1,0,1,0,21,0,0,3,admin_access
1,1,0,201,14.681,1,0,0,0,0,5,0,0,0,normal
1,2,0,200,11.859,9,0,0,0,0,18,0,0,0,normal
0,4,0,200,105.611,11,0,0,0,0,32,0,0,0,normal
0,1,1,500,36.247,3,0,0,0,0,20,1,1,9,command_injection
1,3,1,200,416.067,8,0,0,0,0,62,1,0,5,sql_injection
0,3,1,200,122.06,22,0,0,0,0,27,0,0,0,normal
0,1,0,200,56.604,2,0,0,0,0,50,1,0,5,sql_injection
0,2,0,200,76.301,10,0,0,0,0,22,0,0,2,jwt_bypass
1,2,0,401,5.097,20,0,0,1,0,14,0,0,6,rate_abuse
1,2,0,200,10.295,14,0,0,0,0,8,0,0,6,rate_abuse
0,2,0,200,24.563,13,0,0,0,0,14,0,0,0,normal
0,3,1,200,2.171,8,0,0,0,0,24,0,0,0,normal
1,2,0,401,12.131,2,0,0,1,0,16,0,0,6,rate_abuse
0,1,1,200,7.799,18,0,0,0,0,11,0,0,0,normal
1,4,1,422,41.867,12,0,0,1,0,40,0,0,0,normal
0,3,1,200,82.404,0,0,0,0,0,33,0,0,0,normal
0,3,1,403,30.869,1,0,0,1,1,14,0,0,1,bola
1,2,1,200,24.259,19,0,0,0,0,15,0,0,11,shadow_api
0,2,1,403,183.395,15,0,0,1,0,19,0,0,11,shadow_api
0,2,1,201,16.468,8,0,0,0,0,16,0,0,0,normal
0,6,1,404,176.792,13,0,0,1,0,54,1,0,7,path_traversal
0,4,1,200,110.172,7,0,0,0,0,24,0,0,0,normal
0,3,0,401,172.908,20,0,0,1,0,24,0,0,0,normal
0,3,1,200,88.712,8,0,0,0,0,24,0,0,0,normal
1,2,1,500,11.623,21,0,0,0,0,55,1,1,5,sql_injection
0,3,1,200,100.53,18,0,0,0,0,92,1,0,8,ssrf
1,3,1,200,105.66,19,0,0,0,0,33,0,0,0,normal
0,3,0,200,273.115,15,0,0,0,0,15,0,0,0,normal
0,3,1,200,102.363,16,0,0,0,0,21,0,0,0,normal
2,1,0,200,53.781,22,0,0,0,0,8,0,0,0,normal
0,2,1,200,68.664,18,1,0,0,0,23,0,0,3,admin_access
0,2,1,403,88.526,20,1,0,1,0,18,0,0,3,admin_access
0,2,0,200,171.554,16,0,0,0,0,22,0,0,0,normal
1,3,0,201,147.218,7,0,0,0,0,21,0,0,0,normal
1,2,0,400,42.72,0,0,0,1,0,59,1,0,5,sql_injection
1,1,0,200,72.605,1,0,0,0,0,56,1,0,5,sql_injection
0,3,0,200,30.316,22,0,0,0,0,27,0,0,0,normal
2,3,1,200,62.594,18,0,0,0,0,24,0,0,0,normal
0,1,0,200,0.246,19,0,0,0,0,9,0,0,0,normal
0,4,1,204,273.027,22,0,0,0,0,44,0,0,0,normal
0,2,1,200,54.319,19,0,0,0,1,19,0,0,1,bola
0,3,0,500,152.172,15,0,0,0,0,70,1,1,8,ssrf
1,3,1,200,254.967,14,0,0,0,0,20,0,0,11,shadow_api
0,5,0,400,28.644,1,0,0,1,0,85,1,0,7,path_traversal
0,2,1,200,156.683,23,0,0,0,1,8,0,0,1,bola
0,4,1,200,57.084,19,0,0,0,0,36,0,0,0,normal
0,2,0,200,3.349,16,0,1,0,0,11,0,0,4,debug_access
0,2,0,403,64.552,2,1,0,1,0,14,0,0,3,admin_access
0,3,0,200,138.467,1,0,0,0,0,25,1,0,5,sql_injection
3,4,1,204,219.574,0,0,0,0,0,28,0,0,0,normal
1,3,1,200,3.035,14,0,0,0,0,15,0,0,0,normal
1,2,0,401,41.2,4,0,0,1,0,28,0,0,2,jwt_bypass
0,4,1,201,50.445,17,0,0,0,0,32,0,0,0,normal
0,2,0,401,89.469,11,0,0,1,0,29,0,0,2,jwt_bypass
1,1,1,200,40.565,5,0,0,0,0,10,0,0,0,normal
1,2,1,400,62.127,13,0,0,1,0,41,1,0,9,command_injection
1,3,1,400,65.076,10,0,0,1,0,42,1,0,8,ssrf
0,2,0,403,51.812,19,0,0,1,0,25,0,0,2,jwt_bypass
1,2,0,201,51.379,4,0,0,0,0,10,0,0,0,normal
0,4,1,200,17.741,10,0,0,0,0,28,0,0,0,normal
1,2,0,500,2.543,22,0,0,0,0,55,1,1,5,sql_injection
0,2,1,200,22.618,21,0,0,0,0,22,0,0,0,normal
3,1,1,400,33.58,18,0,0,1,0,11,0,0,0,normal
3,2,1,200,92.675,9,0,0,0,0,12,0,0,0,normal
0,4,0,200,50.533,3,0,0,0,0,36,0,0,0,normal
0,2,1,422,48.847,13,0,0,1,0,14,0,0,0,normal
0,3,1,200,19.98,5,0,0,0,0,27,0,0,0,normal
0,2,1,200,48.385,11,0,0,0,1,12,0,0,1,bola
0,3,1,200,48.693,6,0,0,0,0,21,0,0,0,normal
0,3,1,401,42.099,13,1,0,1,0,13,0,0,3,admin_access
1,2,0,429,33.862,1,0,0,1,0,8,0,0,6,rate_abuse
0,2,1,200,256.272,3,0,0,0,0,20,0,0,0,normal
0,1,1,200,11.937,4,0,0,0,0,8,0,0,0,normal
0,3,1,200,66.38,0,0,0,0,0,24,0,0,0,normal
0,3,1,200,658.497,9,0,0,0,0,27,0,0,0,normal
1,2,0,401,54.156,9,0,0,1,0,11,0,0,2,jwt_bypass
1,2,0,403,58.499,10,0,0,1,0,27,0,0,2,jwt_bypass
2,3,0,204,37.7,11,0,0,0,0,24,0,0,0,normal
3,4,1,200,231.384,14,0,0,0,0,36,0,0,0,normal
1,4,1,200,111.182,7,0,0,0,0,24,0,0,0,normal
1,2,1,200,77.088,3,0,0,0,0,12,0,0,0,normal
0,2,0,500,549.669,15,0,0,0,0,42,1,1,9,command_injection
0,2,0,404,10.056,18,0,1,1,0,10,0,0,4,debug_access
0,2,1,401,59.964,0,1,0,1,0,17,0,0,3,admin_access
0,1,1,200,44.215,1,0,0,0,0,8,0,0,0,normal
2,2,0,401,15.273,17,0,0,1,0,20,0,0,0,normal
1,1,1,400,22.839,16,0,0,1,0,64,1,0,5,sql_injection
0,3,1,200,87.411,8,0,0,0,0,21,0,0,0,normal
1,4,1,422,49.911,8,0,0,1,0,44,0,0,0,normal
0,3,1,404,51.116,16,0,0,1,0,24,0,0,0,normal
2,3,1,200,256.841,16,0,0,0,0,27,0,0,0,normal
0,6,1,400,84.23,18,0,0,1,0,30,1,0,7,path_traversal
1,2,0,429,8.991,11,0,0,1,0,11,0,0,6,rate_abuse
0,4,1,200,39.48,17,0,0,0,0,20,0,0,0,normal
0,2,0,401,54.766,13,1,0,1,0,10,0,0,3,admin_access
0,8,0,400,17.947,1,0,0,1,0,80,1,0,7,path_traversal
1,2,0,200,27.963,11,0,0,0,0,12,0,0,6,rate_abuse
0,1,1,200,4.332,23,0,0,0,0,5,0,0,0,normal
0,6,0,400,60.205,10,0,0,1,0,83,1,0,7,path_traversal
1,2,0,401,12.32,8,0,0,1,0,20,0,0,2,jwt_bypass
0,2,0,401,75.58,15,0,0,1,0,26,0,0,2,jwt_bypass
1,2,0,200,172.03,18,0,0,0,0,102,1,0,8,ssrf
0,4,1,200,25.639,18,0,0,0,0,24,0,0,0,normal
0,2,1,200,144.054,21,0,0,0,0,22,0,0,0,normal
0,1,1,200,72.761,14,0,0,0,0,6,0,0,0,normal
3,2,1,201,27.282,10,0,0,0,0,18,0,0,0,normal
0,3,1,404,111.533,12,0,0,1,0,33,0,0,0,normal
0,2,0,403,10.624,2,0,0,1,0,22,0,0,2,jwt_bypass
0,2,0,200,9.708,5,0,0,0,0,10,0,0,11,shadow_api
0,2,1,200,35.245,18,0,0,0,0,22,0,0,0,normal
0,4,0,200,50.868,5,0,0,0,0,24,0,0,0,normal
0,2,0,200,8.696,17,0,1,0,0,16,0,0,4,debug_access
0,3,1,403,3.838,3,0,0,1,1,17,0,0,1,bola
1,2,1,201,73.902,11,0,0,0,0,16,0,0,0,normal
4,4,1,200,43.561,6,0,0,0,0,20,0,0,0,normal
1,3,1,200,67.136,13,0,0,0,0,33,0,0,0,normal
1,2,0,429,11.876,6,0,0,1,0,16,0,0,6,rate_abuse
1,2,0,429,34.315,17,0,0,1,0,17,0,0,6,rate_abuse
1,2,1,400,660.107,1,0,0,1,0,63,1,0,5,sql_injection
0,4,0,201,107.93,3,0,0,0,0,32,0,0,0,normal
2,1,0,200,52.57,20,0,0,0,0,10,0,0,0,normal
1,4,0,404,73.659,20,0,0,1,0,36,0,0,0,normal
0,2,1,200,0.069,7,0,0,0,1,12,0,0,1,bola
0,3,1,422,80.733,4,0,0,1,0,30,0,0,0,normal
0,3,1,200,73.794,22,0,0,0,1,12,0,0,1,bola
1,1,1,200,36.48,4,0,0,0,0,9,0,0,0,normal
0,1,1,200,14.99,19,0,0,0,0,39,1,0,5,sql_injection
0,3,1,403,234.673,4,0,0,1,1,17,0,0,1,bola
1,2,0,429,29.983,16,0,0,1,0,12,0,0,6,rate_abuse
0,2,1,422,18.876,8,0,0,1,0,20,0,0,0,normal
0,8,0,200,13.455,21,0,0,0,0,45,1,0,7,path_traversal
0,3,1,204,87.852,22,0,0,0,0,15,0,0,0,normal
0,1,0,200,24.58,15,0,0,0,0,6,0,0,0,normal
0,2,0,403,45.91,17,1,0,1,0,20,0,0,3,admin_access
2,3,0,200,89.338,12,0,0,0,0,15,0,0,0,normal
0,3,0,200,7.263,17,1,0,0,0,19,0,0,3,admin_access
0,2,1,500,163.538,17,0,0,0,0,56,1,1,5,sql_injection
0,4,1,401,66.973,1,0,0,1,0,44,0,0,0,normal
1,3,1,200,17.128,15,0,0,0,0,59,1,0,5,sql_injection
1,3,1,200,23.256,2,0,0,0,0,21,0,0,0,normal
0,3,1,404,69.528,16,0,0,1,0,21,0,0,0,normal
1,2,0,429,25.459,5,0,0,1,0,17,0,0,6,rate_abuse
0,1,1,200,177.489,4,0,0,0,0,6,0,0,0,normal
0,2,0,403,64.382,6,1,0,1,0,20,0,0,3,admin_access
0,2,0,200,66.358,22,0,0,0,0,16,0,0,2,jwt_bypass
0,2,1,200,70.931,0,0,0,0,0,16,0,0,0,normal
0,2,1,401,28.22,12,1,0,1,0,10,0,0,3,admin_access
1,2,0,200,8.521,5,0,0,0,0,8,0,0,11,shadow_api
1,3,1,200,317.398,7,0,0,0,0,28,1,0,5,sql_injection
1,1,0,500,15.7,5,0,0,0,0,25,1,1,5,sql_injection
0,4,0,200,12.541,1,0,0,0,0,36,0,0,0,normal
0,2,1,200,6.959,13,1,0,0,0,23,0,0,3,admin_access
0,1,1,404,267.215,23,0,0,1,0,8,0,0,0,normal
0,3,0,401,89.896,11,1,0,1,0,16,0,0,3,admin_access
1,1,1,200,38.152,5,0,0,0,0,11,0,0,0,normal
0,3,1,200,32.409,5,0,0,0,1,13,0,0,1,bola
1,2,0,401,33.377,3,0,0,1,0,25,0,0,2,jwt_bypass
0,1,0,400,93.915,20,0,0,1,0,54,1,0,5,sql_injection
0,3,1,200,124.538,16,0,0,0,0,17,0,0,11,shadow_api
3,4,1,200,86.538,0,0,0,0,0,24,0,0,0,normal
0,3,1,200,28.75,18,0,0,0,0,18,0,0,0,normal
4,1,0,200,73.015,22,0,0,0,0,8,0,0,0,normal
1,1,1,200,20.645,16,0,0,0,0,11,0,0,0,normal
0,2,1,200,183.363,12,0,0,0,0,56,1,0,9,command_injection
0,2,0,200,136.767,9,1,0,0,0,21,0,0,3,admin_access
1,2,0,401,59.452,21,0,0,1,0,16,0,0,2,jwt_bypass
1,4,1,422,73.568,18,0,0,1,0,28,0,0,0,normal
0,3,0,200,15.891,13,0,0,0,0,17,0,0,11,shadow_api
0,4,0,200,101.093,12,0,0,0,0,36,0,0,0,normal
0,3,1,200,29.861,5,0,0,0,0,33,0,0,0,normal
0,3,1,200,81.157,23,0,0,0,0,21,0,0,0,normal
0,2,0,400,2.916,0,0,0,1,0,32,1,0,5,sql_injection
0,2,1,200,51.327,4,0,0,0,0,12,0,0,0,normal
1,2,0,200,9.428,22,0,0,0,0,16,0,0,6,rate_abuse
1,1,0,500,88.232,4,0,0,0,0,71,1,1,10,xxe
0,2,1,200,161.788,3,0,0,0,0,16,0,0,0,normal
1,2,0,400,57.151,20,0,0,1,0,53,1,0,9,command_injection
0,5,1,404,5.207,11,0,0,1,0,87,1,0,7,path_traversal
0,1,1,200,232.11,16,0,0,0,0,8,0,0,0,normal
1,2,1,200,37.14,16,0,0,0,0,22,0,0,0,normal
1,3,0,400,76.057,17,0,0,1,0,33,1,0,10,xxe
1,4,1,400,65.254,5,0,0,1,0,44,0,0,0,normal
0,2,0,200,35.758,15,0,1,0,0,9,0,0,4,debug_access
0,4,0,200,133.133,22,0,0,0,0,24,0,0,0,normal
1,1,1,200,114.107,23,0,0,0,0,79,1,0,10,xxe
1,2,0,400,80.604,13,0,0,1,0,68,1,0,5,sql_injection
0,3,0,401,34.113,3,1,0,1,0,18,0,0,3,admin_access
0,2,0,200,16.822,22,0,0,0,0,12,0,0,0,normal
1,3,0,200,285.47,8,0,0,0,0,60,1,0,10,xxe
1,2,0,429,7.034,23,0,0,1,0,14,0,0,6,rate_abuse
1,2,1,500,161.183,2,0,0,0,0,69,1,1,10,xxe
1,1,1,500,59.637,11,0,0,0,0,42,1,1,9,command_injection
0,3,0,200,7.838,16,0,0,0,0,33,0,0,0,normal
1,4,0,200,325.093,12,0,0,0,0,40,0,0,0,normal
0,3,0,401,24.791,16,1,0,1,0,23,0,0,3,admin_access
2,1,0,204,5.06,2,0,0,0,0,5,0,0,0,normal
1,1,0,400,43.909,22,0,0,1,0,6,0,0,0,normal
0,2,1,401,0.465,7,1,0,1,0,18,0,0,3,admin_access
4,2,1,204,36.209,23,0,0,0,0,20,0,0,0,normal
0,3,1,200,6.062,8,0,0,0,1,12,0,0,1,bola
0,1,0,200,107.564,9,0,0,0,0,6,0,0,0,normal
1,2,1,400,65.722,14,0,0,1,0,39,1,0,9,command_injection
0,3,1,201,3.355,5,0,0,0,0,18,0,0,0,normal
0,3,0,200,5.966,8,0,0,0,0,21,0,0,0,normal
4,1,1,404,4.88,15,0,0,1,0,11,0,0,0,normal
2,2,1,401,127.315,4,0,0,1,0,14,0,0,0,normal
0,4,1,200,57.589,19,0,0,0,0,40,0,0,0,normal
1,2,0,401,79.829,0,0,0,1,0,21,0,0,2,jwt_bypass
0,3,1,200,50.771,4,0,0,0,0,21,0,0,0,normal
0,3,1,403,18.349,10,0,0,1,1,13,0,0,1,bola
2,3,0,422,20.857,6,0,0,1,0,18,0,0,0,normal
1,2,1,500,105.209,11,0,0,0,0,66,1,1,5,sql_injection
0,3,1,200,57.061,2,0,0,0,0,27,0,0,0,normal
0,5,0,404,83.161,13,0,0,1,0,46,1,0,7,path_traversal
1,3,1,200,36.851,22,0,0,0,0,15,0,0,0,normal
1,1,1,200,36.702,20,0,0,0,0,11,0,0,0,normal
0,1,0,400,4.708,21,0,0,1,0,29,1,0,5,sql_injection
0,3,1,200,54.515,21,0,0,0,0,15,0,0,0,normal
1,1,1,200,75.024,0,0,0,0,0,7,0,0,0,normal
1,4,0,200,107.033,20,0,0,0,0,44,0,0,0,normal
1,1,0,200,281.945,21,0,0,0,0,45,1,0,10,xxe
2,3,1,401,56.115,22,0,0,1,0,30,0,0,0,normal
2,2,1,200,102.467,23,0,0,0,0,20,0,0,0,normal
2,2,1,200,128.364,22,0,0,0,0,10,0,0,0,normal
2,3,1,200,39.312,17,0,0,0,0,30,0,0,0,normal
0,2,0,422,18.429,12,0,0,1,0,14,0,0,0,normal
0,4,1,200,40.789,4,0,0,0,0,40,0,0,0,normal
1,1,1,400,323.653,8,0,0,1,0,26,1,0,5,sql_injection
1,2,1,200,78.368,0,0,0,0,0,105,1,0,8,ssrf
0,4,0,200,77.943,14,0,0,0,0,44,0,0,0,normal
3,3,1,404,6.225,8,0,0,1,0,33,0,0,0,normal
0,3,1,200,355.216,0,0,0,0,0,30,0,0,0,normal
1,2,1,422,59.274,2,0,0,1,0,22,0,0,0,normal
2,2,1,200,64.473,5,0,0,0,0,12,0,0,0,normal
1,2,0,200,7.442,6,0,0,0,0,16,0,0,6,rate_abuse
0,3,0,200,29.066,5,1,0,0,0,12,0,0,3,admin_access
0,2,0,404,5.295,13,0,1,1,0,14,0,0,4,debug_access
0,3,1,200,15.655,11,0,0,0,0,24,0,0,0,normal
0,2,0,400,73.235,21,0,0,1,0,27,1,0,9,command_injection
0,3,1,200,13.15,18,0,0,0,1,16,0,0,1,bola
0,3,1,200,36.325,13,0,0,0,0,24,0,0,0,normal
1,1,0,200,261.082,14,0,0,0,0,75,1,0,10,xxe
0,2,1,401,68.48,16,0,0,1,0,16,0,0,0,normal
0,2,1,200,56.774,21,0,0,0,1,14,0,0,1,bola
0,3,1,200,129.277,3,0,0,0,1,14,0,0,1,bola
0,1,1,200,23.529,8,0,0,0,0,8,0,0,0,normal
0,2,1,204,89.715,7,0,0,0,0,14,0,0,0,normal
2,1,0,200,190.973,21,0,0,0,0,8,0,0,0,normal
0,3,1,400,339.494,2,0,0,1,0,45,1,0,5,sql_injection
1,2,1,200,53.022,20,0,0,0,0,57,1,0,10,xxe
3,1,1,200,98.015,21,0,0,0,0,8,0,0,0,normal
0,4,0,200,60.162,4,0,0,0,0,28,0,0,0,normal
0,3,1,200,21.068,12,0,0,0,0,18,0,0,0,normal
0,2,0,200,60.892,6,0,0,0,0,20,0,0,2,jwt_bypass
1,4,0,200,35.671,2,0,0,0,0,44,0,0,0,normal
0,2,1,400,141.206,5,0,0,1,0,20,0,0,0,normal
0,3,1,200,13.927,21,0,0,0,0,9,0,0,11,shadow_api
0,2,1,200,130.153,7,0,0,0,0,16,0,0,0,normal
0,2,1,200,66.124,14,0,0,0,0,14,0,0,0,normal
0,2,0,500,136.44,23,0,0,0,0,42,1,1,9,command_injection
0,3,1,403,53.629,21,0,0,1,0,13,0,0,11,shadow_api
4,3,1,200,81.501,17,0,0,0,0,18,0,0,0,normal
1,3,1,200,28.955,19,0,0,0,0,21,0,0,0,normal
1,2,1,200,98.533,21,0,0,0,0,20,0,0,0,normal
2,3,1,201,184.274,0,0,0,0,0,24,0,0,0,normal
0,2,1,200,325.36,8,0,0,0,0,12,0,0,0,normal
0,3,1,200,87.97,7,0,0,0,0,27,0,0,0,normal
0,4,1,200,96.16,6,0,0,0,0,44,0,0,0,normal
0,2,0,200,37.057,21,0,1,0,0,9,0,0,4,debug_access
1,3,1,200,7.756,5,0,0,0,0,30,0,0,0,normal
0,3,1,400,171.757,9,0,0,1,0,15,0,0,0,normal
1,3,1,201,145.238,3,0,0,0,0,18,0,0,0,normal
0,3,1,200,125.489,16,0,0,0,1,11,0,0,1,bola
0,2,0,404,9.563,22,0,1,1,0,14,0,0,4,debug_access
0,2,0,200,6.964,20,0,0,0,0,14,0,0,0,normal
0,2,1,200,471.563,8,0,0,0,0,14,0,0,0,normal
0,2,1,201,25.256,9,0,0,0,0,18,0,0,0,normal
1,1,1,200,71.197,1,0,0,0,0,66,1,0,5,sql_injection
2,4,1,200,54.681,4,0,0,0,0,20,0,0,0,normal
0,2,0,404,154.717,23,0,1,1,0,8,0,0,4,debug_access
1,4,0,200,37.609,7,0,0,0,0,24,0,0,0,normal
0,3,1,422,11.897,0,0,0,1,0,24,0,0,0,normal
0,4,1,401,367.275,4,0,0,1,0,28,0,0,0,normal
0,2,0,200,77.565,6,0,0,0,0,19,0,0,11,shadow_api
0,4,1,204,31.756,22,0,0,0,0,44,0,0,0,normal
0,2,1,403,116.613,11,0,0,1,1,18,0,0,1,bola
4,4,0,200,24.486,7,0,0,0,0,20,0,0,0,normal
0,3,0,200,12.767,14,0,0,0,0,33,1,0,5,sql_injection
0,2,1,200,3.06,7,0,0,0,0,20,0,0,0,normal
4,3,1,200,248.402,16,0,0,0,0,15,0,0,0,normal
1,3,1,400,262.881,7,0,0,1,0,63,1,0,10,xxe
0,3,1,403,6.282,16,0,0,1,1,11,0,0,1,bola
1,3,1,200,11.667,11,0,0,0,0,24,0,0,0,normal
1,2,0,400,333.619,16,0,0,1,0,48,1,0,8,ssrf
0,3,1,200,31.321,19,0,0,0,0,15,0,0,0,normal
0,6,1,400,31.459,1,0,0,1,0,81,1,0,7,path_traversal
0,3,1,403,5.58,17,0,0,1,1,13,0,0,1,bola
1,2,0,429,27.878,3,0,0,1,0,14,0,0,6,rate_abuse
0,1,1,200,22.512,12,0,0,0,0,11,0,0,0,normal
3,1,1,200,72.484,20,0,0,0,0,8,0,0,0,normal
0,1,1,500,138.096,3,0,0,0,0,32,1,1,5,sql_injection
0,3,0,200,108.137,8,0,0,0,0,33,0,0,0,normal
0,3,1,204,57.752,0,0,0,0,0,27,0,0,0,normal
1,4,0,200,263.913,7,0,0,0,0,36,0,0,0,normal
1,1,0,200,204.861,7,0,0,0,0,8,0,0,0,normal
0,2,1,200,197.769,0,0,0,0,0,83,1,0,8,ssrf
0,2,1,500,141.053,8,0,0,0,0,42,1,1,8,ssrf
0,3,1,403,80.532,20,0,0,1,1,9,0,0,1,bola
0,7,1,404,63.595,6,0,0,1,0,47,1,0,7,path_traversal
2,1,1,204,15.943,10,0,0,0,0,10,0,0,0,normal
0,2,0,200,1.85,0,1,0,0,0,23,0,0,3,admin_access
0,3,1,403,220.496,7,0,0,1,1,17,0,0,1,bola
0,3,1,200,26.57,2,0,0,0,1,10,0,0,1,bola
0,3,1,200,146.77,15,0,0,0,0,58,1,0,5,sql_injection
0,2,1,403,63.689,17,0,0,1,1,11,0,0,1,bola
1,2,0,401,15.609,13,0,0,1,0,13,0,0,6,rate_abuse
0,2,0,403,12.183,0,1,0,1,0,17,0,0,3,admin_access
1,1,0,200,91.701,10,0,0,0,0,10,0,0,0,normal
0,1,1,401,25.852,18,0,0,1,0,8,0,0,0,normal
0,1,1,200,7.511,12,0,0,0,0,7,0,0,0,normal
1,1,0,200,38.136,3,0,0,0,0,6,0,0,0,normal
0,3,1,403,90.616,13,0,0,1,1,12,0,0,1,bola
0,5,1,404,13.521,14,0,0,1,0,50,1,0,7,path_traversal
0,1,0,400,77.566,12,0,0,1,0,62,1,0,5,sql_injection
0,2,1,200,7.085,15,0,0,0,1,9,0,0,1,bola
0,2,1,403,88.793,4,0,0,1,1,8,0,0,1,bola
2,1,1,422,8.96,5,0,0,1,0,10,0,0,0,normal
0,1,0,200,179.818,22,0,0,0,0,5,0,0,0,normal
1,2,1,200,116.691,22,0,0,0,0,20,0,0,0,normal
0,1,1,200,297.963,9,0,0,0,0,11,0,0,0,normal
0,1,1,200,6.269,10,0,0,0,0,8,0,0,0,normal
1,1,1,200,20.471,10,0,0,0,0,6,0,0,0,normal
0,2,1,401,12.138,2,1,0,1,0,22,0,0,3,admin_access
1,3,1,200,74.876,8,0,0,0,0,24,0,0,0,normal
1,2,0,403,33.476,3,0,0,1,0,29,0,0,2,jwt_bypass
2,2,1,200,23.637,1,0,0,0,0,20,0,0,0,normal
1,3,0,200,215.913,19,0,0,0,0,15,0,0,0,normal
0,2,1,401,110.979,0,1,0,1,0,18,0,0,3,admin_access
0,4,1,200,95.718,15,0,0,0,0,36,0,0,0,normal
1,3,0,500,148.871,12,0,0,0,0,37,1,1,9,command_injection
1,2,0,429,7.734,13,0,0,1,0,9,0,0,6,rate_abuse
0,4,1,200,13.381,8,0,0,0,0,20,0,0,0,normal
1,2,0,200,49.664,23,0,0,0,0,10,0,0,2,jwt_bypass
0,2,0,204,105.824,11,0,0,0,0,16,0,0,0,normal
1,2,0,429,21.797,12,0,0,1,0,13,0,0,6,rate_abuse
1,1,0,201,199.049,12,0,0,0,0,8,0,0,0,normal
4,3,1,204,5.33,19,0,0,0,0,15,0,0,0,normal
0,2,1,200,198.596,3,0,0,0,0,20,0,0,0,normal
0,3,1,403,75.029,4,1,0,1,0,10,0,0,3,admin_access
1,1,0,200,215.092,11,0,0,0,0,9,0,0,0,normal
1,2,0,401,13.789,18,0,0,1,0,15,0,0,6,rate_abuse
1,1,1,200,41.14,7,0,0,0,0,27,1,0,5,sql_injection
0,2,0,200,38.936,7,0,1,0,0,16,0,0,4,debug_access
0,1,0,200,83.328,2,0,0,0,0,8,0,0,0,normal
0,3,1,200,5.423,20,0,0,0,0,27,0,0,0,normal
1,1,0,400,339.606,3,0,0,1,0,46,1,0,5,sql_injection
1,2,1,200,259.925,16,0,0,0,0,20,0,0,0,normal
1,2,0,200,376.135,6,0,0,0,0,101,1,0,8,ssrf
0,2,1,200,32.306,9,0,0,0,0,12,0,0,0,normal
1,2,0,429,4.811,8,0,0,1,0,14,0,0,6,rate_abuse
1,2,0,500,95.447,7,0,0,0,0,34,1,1,10,xxe
0,2,1,200,10.568,10,0,0,0,0,14,0,0,0,normal
2,3,1,200,74.6,9,0,0,0,0,30,0,0,0,normal
0,2,1,200,194.206,12,0,0,0,0,14,0,0,0,normal
0,4,0,200,61.843,18,0,0,0,0,24,0,0,0,normal
0,2,0,401,52.418,17,0,0,1,0,10,0,0,2,jwt_bypass
0,1,0,200,114.241,12,0,0,0,0,9,0,0,0,normal
0,1,1,200,53.456,1,0,0,0,0,7,0,0,0,normal
0,3,1,401,39.532,19,1,0,1,0,10,0,0,3,admin_access
1,3,0,500,94.868,15,0,0,0,0,57,1,1,9,command_injection
0,4,0,200,52.751,18,0,0,0,0,24,0,0,0,normal
0,4,1,201,41.496,12,0,0,0,0,20,0,0,0,normal
1,2,0,401,8.583,10,0,0,1,0,17,0,0,6,rate_abuse
1,2,0,401,29.682,11,0,0,1,0,10,0,0,0,normal
0,3,1,403,273.235,23,0,0,1,1,8,0,0,1,bola
1,3,1,200,66.657,6,0,0,0,0,78,1,0,10,xxe
0,3,1,200,185.655,15,0,0,0,1,15,0,0,1,bola
1,4,1,200,86.291,4,0,0,0,0,20,0,0,0,normal
0,1,1,401,0.328,7,0,0,1,0,5,0,0,0,normal
0,2,1,404,96.214,22,0,0,1,0,16,0,0,0,normal
1,3,1,403,28.105,8,0,0,1,0,17,0,0,11,shadow_api
0,3,1,200,87.44,22,0,0,0,0,21,0,0,0,normal
2,4,1,200,81.238,19,0,0,0,0,44,0,0,0,normal
1,2,1,200,41.704,7,0,0,0,0,13,0,0,11,shadow_api
1,1,0,200,396.998,1,0,0,0,0,104,1,0,8,ssrf
0,2,0,401,101.37,13,0,0,1,0,29,0,0,2,jwt_bypass
1,1,0,200,369.429,2,0,0,0,0,76,1,0,8,ssrf
0,2,1,403,46.112,6,1,0,1,0,11,0,0,3,admin_access
2,2,0,200,13.177,23,0,0,0,0,10,0,0,0,normal
0,2,0,404,67.567,0,0,1,1,0,16,0,0,4,debug_access
0,4,1,422,23.643,21,0,0,1,0,44,0,0,0,normal
1,2,0,401,31.348,8,0,0,1,0,13,0,0,6,rate_abuse
1,3,1,400,180.079,2,0,0,1,0,68,1,0,10,xxe
0,8,1,404,151.663,19,0,0,1,0,75,1,0,7,path_traversal
0,3,1,200,560.246,7,0,0,0,0,18,0,0,0,normal
1,1,1,500,367.302,19,0,0,0,0,61,1,1,8,ssrf
0,3,0,500,27.326,2,0,0,0,0,40,1,1,5,sql_injection
0,3,1,401,84.68,19,1,0,1,0,18,0,0,3,admin_access
1,3,0,200,140.489,20,0,0,0,0,63,1,0,10,xxe
1,2,1,200,215.777,13,0,0,0,0,18,0,0,0,normal
0,2,1,404,68.708,8,0,0,1,0,14,0,0,0,normal
0,3,0,200,19.572,4,0,0,0,0,18,0,0,0,normal
0,2,0,200,153.542,10,0,1,0,0,10,0,0,4,debug_access
3,3,1,200,32.059,10,0,0,0,0,33,0,0,0,normal
2,3,1,404,34.354,0,0,0,1,0,18,0,0,0,normal
1,1,0,200,108.715,2,0,0,0,0,6,0,0,0,normal
1,2,0,500,94.695,15,0,0,0,0,98,1,1,8,ssrf
1,3,1,204,28.786,9,0,0,0,0,15,0,0,0,normal
3,3,1,200,45.789,3,0,0,0,0,24,0,0,0,normal
0,3,1,401,94.763,23,0,0,1,0,21,0,0,0,normal
0,1,0,200,39.947,19,0,0,0,0,11,0,0,0,normal
0,1,1,200,194.17,4,0,0,0,0,10,0,0,0,normal
0,3,1,200,88.8,2,0,0,0,1,14,0,0,1,bola
0,4,1,201,101.565,5,0,0,0,0,24,0,0,0,normal
1,3,0,200,245.191,20,0,0,0,0,53,1,0,5,sql_injection
2,1,1,204,29.833,12,0,0,0,0,9,0,0,0,normal
1,2,0,403,88.081,15,0,0,1,0,18,0,0,2,jwt_bypass
0,3,0,201,62.779,15,0,0,0,0,30,0,0,0,normal
0,3,1,200,123.162,23,0,0,0,1,14,0,0,1,bola
1,4,1,200,62.992,4,0,0,0,0,36,0,0,0,normal
0,2,1,200,94.571,8,0,0,0,0,22,0,0,0,normal
1,1,0,400,32.012,20,0,0,1,0,43,1,0,5,sql_injection
0,2,0,200,21.532,12,1,0,0,0,24,0,0,3,admin_access
1,4,1,200,77.161,19,0,0,0,0,20,0,0,0,normal
0,3,1,200,86.47,23,0,0,0,1,10,0,0,1,bola
0,4,1,204,41.277,3,0,0,0,0,32,0,0,0,normal
1,2,0,401,23.085,4,0,0,1,0,8,0,0,6,rate_abuse
1,2,0,200,46.441,13,0,0,0,0,14,0,0,0,normal
1,2,0,500,81.356,3,0,0,0,0,42,1,1,10,xxe
0,4,1,200,11.635,19,0,0,0,0,40,0,0,0,normal
1,3,1,200,82.115,8,0,0,0,0,21,0,0,0,normal
0,2,0,200,45.554,19,0,1,0,0,17,0,0,4,debug_access
1,2,0,429,3.679,17,0,0,1,0,8,0,0,6,rate_abuse
3,2,0,400,88.333,8,0,0,1,0,18,0,0,0,normal
0,3,1,403,206.309,3,0,0,1,1,17,0,0,1,bola
1,2,1,500,45.399,15,0,0,0,0,28,1,1,9,command_injection
0,4,0,404,317.621,22,0,0,1,0,81,1,0,7,path_traversal
1,3,0,400,97.44,23,0,0,1,0,35,1,0,5,sql_injection
1,4,1,200,15.385,3,0,0,0,0,36,0,0,0,normal
1,4,1,204,81.334,4,0,0,0,0,36,0,0,0,normal
0,1,1,200,77.208,11,0,0,0,0,10,0,0,0,normal
2,3,1,204,36.809,22,0,0,0,0,21,0,0,0,normal
3,1,1,200,158.36,19,0,0,0,0,5,0,0,0,normal
3,1,0,200,72.494,9,0,0,0,0,11,0,0,0,normal
1,3,0,400,218.243,17,0,0,1,0,35,1,0,5,sql_injection
0,2,1,201,81.579,23,0,0,0,0,18,0,0,0,normal
0,2,0,200,73.31,7,0,0,0,0,18,0,0,0,normal
0,4,0,200,216.539,1,0,0,0,0,44,0,0,0,normal
0,2,1,200,0.324,15,0,0,0,0,18,0,0,0,normal
1,2,1,400,200.38,4,0,0,1,0,22,0,0,0,normal
0,4,1,422,38.219,21,0,0,1,0,28,0,0,0,normal
1,4,1,200,140.586,21,0,0,0,0,36,0,0,0,normal
0,1,1,200,148.944,6,0,0,0,0,6,0,0,0,normal
1,2,0,200,49.22,3,0,0,0,0,21,0,0,11,shadow_api
0,4,0,200,5.742,9,0,0,0,0,46,1,0,7,path_traversal
0,2,1,400,177.883,14,0,0,1,0,24,1,0,9,command_injection
0,2,0,200,82.342,17,0,0,0,0,12,0,0,0,normal
1,2,1,422,156.842,17,0,0,1,0,16,0,0,0,normal
2,2,1,200,3.104,12,0,0,0,0,14,0,0,0,normal
0,2,1,500,28.209,0,0,0,0,0,40,1,1,9,command_injection
0,2,1,422,104.351,10,0,0,1,0,18,0,0,0,normal
0,4,1,200,14.08,22,0,0,0,0,20,0,0,0,normal
2,4,1,204,188.942,8,0,0,0,0,20,0,0,0,normal
0,3,0,200,122.5,1,1,0,0,0,18,0,0,3,admin_access
1,2,0,404,9.113,21,0,0,1,0,22,0,0,0,normal
1,4,1,200,130.332,9,0,0,0,0,20,0,0,0,normal
0,3,1,403,27.323,14,0,0,1,1,14,0,0,1,bola
0,6,1,404,21.425,4,0,0,1,0,58,1,0,7,path_traversal
2,3,0,200,19.874,20,0,0,0,0,24,0,0,0,normal
0,4,1,200,13.493,3,0,0,0,0,20,0,0,0,normal
0,3,1,200,26.844,2,0,0,0,0,27,0,0,0,normal
0,2,0,200,219.83,15,0,0,0,0,14,0,0,0,normal
1,3,1,200,86.959,4,0,0,0,0,18,0,0,0,normal
0,2,1,200,151.556,5,1,0,0,0,11,0,0,3,admin_access
0,2,1,422,5.51,2,0,0,1,0,22,0,0,0,normal
4,1,1,200,97.479,17,0,0,0,0,11,0,0,0,normal
0,3,1,200,2.453,10,0,0,0,0,18,0,0,0,normal
1,1,1,200,162.915,19,0,0,0,0,8,0,0,0,normal
1,1,1,200,123.061,7,0,0,0,0,11,0,0,0,normal
0,4,1,200,77.209,3,0,0,0,0,28,0,0,0,normal
0,4,1,200,67.273,7,0,0,0,0,32,0,0,0,normal
0,1,1,200,196.968,0,0,0,0,0,5,0,0,0,normal
1,2,0,400,38.766,14,0,0,1,0,20,0,0,0,normal
0,7,1,200,13.555,2,0,0,0,0,77,1,0,7,path_traversal
0,4,1,200,85.731,4,0,0,0,0,28,0,0,0,normal
1,2,0,401,28.125,13,0,0,1,0,11,0,0,6,rate_abuse
2,1,1,200,22.816,14,0,0,0,0,8,0,0,0,normal
0,2,0,404,29.78,11,0,1,1,0,9,0,0,4,debug_access
4,1,1,200,25.115,18,0,0,0,0,5,0,0,0,normal
0,4,0,201,138.885,13,0,0,0,0,44,0,0,0,normal
1,2,1,201,90.561,7,0,0,0,0,16,0,0,0,normal
0,2,1,200,32.677,4,0,0,0,0,22,0,0,0,normal
1,2,0,429,34.561,23,0,0,1,0,9,0,0,6,rate_abuse
2,4,1,200,32.65,3,0,0,0,0,44,0,0,0,normal
2,4,1,204,232.072,9,0,0,0,0,28,0,0,0,normal
1,2,1,200,65.506,8,0,0,0,0,12,0,0,0,normal
0,1,1,200,413.28,7,0,0,0,0,9,0,0,0,normal
0,1,0,201,69.871,22,0,0,0,0,10,0,0,0,normal
1,4,1,200,379.461,7,0,0,0,0,24,0,0,0,normal
0,3,1,200,98.398,2,0,0,0,0,24,0,0,0,normal
1,3,0,400,118.779,2,0,0,1,0,36,1,0,5,sql_injection
0,3,1,200,60.167,19,0,0,0,0,24,0,0,0,normal
2,4,0,200,100.697,3,0,0,0,0,20,0,0,0,normal
0,4,1,200,15.152,5,0,0,0,0,70,1,0,7,path_traversal
0,2,0,404,0.628,13,0,1,1,0,8,0,0,4,debug_access
1,2,1,200,74.034,2,0,0,0,0,10,0,0,0,normal
1,2,0,401,9.491,23,0,0,1,0,14,0,0,6,rate_abuse
0,1,1,200,45.02,20,0,0,0,0,62,1,0,5,sql_injection
2,4,0,401,19.145,2,0,0,1,0,44,0,0,0,normal
2,2,1,200,31.358,4,0,0,0,0,10,0,0,0,normal
0,6,1,400,19.193,5,0,0,1,0,67,1,0,7,path_traversal
1,2,1,400,114.022,7,0,0,1,0,30,1,0,5,sql_injection
0,5,0,404,89.207,9,0,0,1,0,83,1,0,7,path_traversal
0,3,0,200,165.837,19,0,0,0,0,27,0,0,0,normal
0,3,0,422,156.5,7,0,0,1,0,33,0,0,0,normal
0,4,1,404,29.359,1,0,0,1,0,36,0,0,0,normal
0,2,0,200,20.762,8,0,1,0,0,8,0,0,4,debug_access
1,3,0,200,278.405,0,0,0,0,0,59,1,0,10,xxe
1,2,0,429,4.459,0,0,0,1,0,17,0,0,6,rate_abuse
0,2,1,200,423.367,5,0,0,0,0,10,0,0,0,normal
1,2,1,200,98.894,2,0,0,0,0,20,0,0,0,normal
0,4,0,200,37.664,0,0,0,0,0,36,0,0,0,normal
0,1,1,204,29.303,17,0,0,0,0,8,0,0,0,normal
1,4,1,200,74.63,11,0,0,0,0,20,0,0,0,normal
1,1,0,200,175.811,11,0,0,0,0,61,1,0,8,ssrf
1,2,0,403,101.563,13,0,0,1,0,18,0,0,2,jwt_bypass
1,2,1,400,205.651,19,0,0,1,0,45,1,0,9,command_injection
0,4,1,200,211.775,8,0,0,0,0,32,0,0,0,normal
1,2,0,200,81.165,11,0,0,0,0,22,0,0,2,jwt_bypass
1,2,1,200,100.943,22,0,0,0,0,12,0,0,0,normal
1,3,0,200,58.943,10,0,0,0,0,62,1,0,10,xxe
0,7,1,400,34.824,6,0,0,1,0,79,1,0,7,path_traversal
2,4,1,200,68.65,13,0,0,0,0,24,0,0,0,normal
0,3,1,200,83.107,4,0,0,0,0,13,0,0,11,shadow_api
0,2,1,200,28.37,13,0,0,0,0,16,0,0,11,shadow_api
0,3,1,403,7.901,13,1,0,1,0,15,0,0,3,admin_access
0,3,1,200,66.98,4,0,0,0,0,15,0,0,0,normal
0,2,1,200,93.072,6,0,0,0,0,18,0,0,0,normal
1,3,0,500,78.465,23,0,0,0,0,78,1,1,10,xxe
0,2,0,403,71.516,12,1,0,1,0,10,0,0,3,admin_access
1,3,1,204,11.211,21,0,0,0,0,21,0,0,0,normal
1,2,0,429,16.844,4,0,0,1,0,16,0,0,6,rate_abuse
0,8,0,404,29.177,18,0,0,1,0,49,1,0,7,path_traversal
0,4,1,204,7.068,16,0,0,0,0,20,0,0,0,normal
1,3,1,404,126.667,4,0,0,1,0,21,0,0,0,normal
0,3,1,401,26.093,22,1,0,1,0,12,0,0,3,admin_access
1,3,1,422,318.589,5,0,0,1,0,24,0,0,0,normal
1,3,1,500,233.72,0,0,0,0,0,53,1,1,8,ssrf
0,5,0,400,58.019,13,0,0,1,0,34,1,0,7,path_traversal
0,3,1,400,69.329,15,0,0,1,0,21,0,0,0,normal
1,2,0,429,16.614,13,0,0,1,0,17,0,0,6,rate_abuse
0,3,1,200,143.556,20,0,0,0,0,21,0,0,0,normal
0,2,0,401,112.099,16,0,0,1,0,19,0,0,2,jwt_bypass
0,3,1,200,20.038,12,1,0,0,0,12,0,0,3,admin_access
2,3,0,400,150.455,22,0,0,1,0,21,0,0,0,normal
0,4,1,200,74.308,11,0,0,0,0,44,0,0,0,normal
1,3,1,200,13.018,18,0,0,0,0,30,0,0,0,normal
0,2,1,200,113.819,4,0,0,0,1,10,0,0,1,bola
0,2,1,200,192.68,6,0,0,0,0,16,0,0,0,normal
0,2,1,403,228.083,17,0,0,1,1,16,0,0,1,bola
0,2,0,422,256.82,11,0,0,1,0,22,0,0,0,normal
0,1,0,200,8.802,21,0,0,0,0,5,0,0,0,normal
1,3,1,200,307.085,18,0,0,0,0,81,1,0,8,ssrf
0,3,1,403,16.355,11,1,0,1,0,20,0,0,3,admin_access
0,2,0,400,29.202,15,0,0,1,0,21,1,0,9,command_injection
0,2,0,401,193.293,13,1,0,1,0,17,0,0,3,admin_access
1,2,0,429,19.251,13,0,0,1,0,16,0,0,6,rate_abuse
0,2,1,200,65.709,4,0,0,0,1,16,0,0,1,bola
0,7,1,404,5.389,15,0,0,1,0,54,1,0,7,path_traversal
0,7,1,404,7.682,15,0,0,1,0,52,1,0,7,path_traversal
1,3,1,400,180.651,16,0,0,1,0,27,0,0,0,normal
0,6,1,404,37.195,21,0,0,1,0,36,1,0,7,path_traversal
1,3,1,500,50.767,13,0,0,0,0,48,1,1,9,command_injection
1,3,1,204,192.554,0,0,0,0,0,15,0,0,0,normal
0,5,0,404,10.549,6,0,0,1,0,68,1,0,7,path_traversal
0,3,1,403,55.31,20,1,0,1,0,19,0,0,3,admin_access
2,3,0,200,139.339,16,0,0,0,0,30,0,0,0,normal
1,3,1,500,112.258,9,0,0,0,0,42,1,1,9,command_injection
1,2,1,200,145.321,1,0,0,0,0,16,0,0,0,normal
0,2,1,200,86.285,23,0,0,0,0,12,0,0,0,normal
1,2,0,200,68.952,2,0,0,0,0,14,0,0,2,jwt_bypass
1,3,0,200,8.247,1,0,0,0,0,17,0,0,11,shadow_api
1,2,0,429,28.832,8,0,0,1,0,14,0,0,6,rate_abuse
0,1,1,201,6.221,7,0,0,0,0,7,0,0,0,normal
0,2,0,200,71.089,16,0,1,0,0,8,0,0,4,debug_access
0,2,1,404,27.243,12,0,0,1,0,10,0,0,0,normal
0,3,0,422,39.844,15,0,0,1,0,15,0,0,0,normal
4,1,1,200,97.251,9,0,0,0,0,5,0,0,0,normal
0,3,0,200,181.565,17,0,0,0,0,24,0,0,0,normal
1,4,1,201,38.881,6,0,0,0,0,36,0,0,0,normal
1,2,0,429,33.697,8,0,0,1,0,11,0,0,6,rate_abuse
0,2,0,500,227.421,22,0,0,0,0,31,1,1,5,sql_injection
0,3,1,200,34.271,13,0,0,0,1,8,0,0,1,bola
0,2,0,404,65.176,15,0,1,1,0,14,0,0,4,debug_access
1,3,0,200,88.682,22,0,0,0,0,18,0,0,0,normal
2,3,0,200,12.615,17,0,0,0,0,15,0,0,0,normal
1,3,1,200,12.605,18,0,0,0,0,21,0,0,0,normal
4,2,0,200,67.264,15,0,0,0,0,10,0,0,0,normal
1,2,0,401,8.234,11,0,0,1,0,9,0,0,6,rate_abuse
1,2,1,500,318.525,5,0,0,0,0,106,1,1,8,ssrf
1,1,1,400,197.404,10,0,0,1,0,39,1,0,9,command_injection
2,2,0,200,6.443,5,0,0,0,0,20,0,0,0,normal
0,2,1,200,50.872,15,0,0,0,1,12,0,0,1,bola
4,2,0,200,0.588,11,0,0,0,0,10,0,0,0,normal
3,2,1,200,205.73,9,0,0,0,0,14,0,0,0,normal
1,1,1,200,9.355,23,0,0,0,0,11,0,0,0,normal
0,2,0,200,101.715,0,0,0,0,0,12,0,0,0,normal
1,1,1,200,10.714,3,0,0,0,0,9,0,0,0,normal
0,8,1,400,58.89,11,0,0,1,0,79,1,0,7,path_traversal
1,2,0,200,10.081,23,0,0,0,0,16,0,0,0,normal
0,3,1,401,59.251,6,1,0,1,0,15,0,0,3,admin_access
0,4,1,200,80.608,23,0,0,0,0,32,0,0,0,normal
0,1,1,204,36.473,3,0,0,0,0,7,0,0,0,normal
0,3,1,200,5.35,5,0,0,0,0,18,0,0,0,normal
2,4,1,200,61.657,2,0,0,0,0,40,0,0,0,normal
3,3,1,200,366.28,19,0,0,0,0,15,0,0,0,normal
0,2,1,200,45.643,23,0,0,0,0,22,0,0,0,normal
0,2,1,200,227.374,10,0,0,0,0,12,0,0,0,normal
0,3,0,500,81.518,17,0,0,0,0,65,1,1,5,sql_injection
4,2,0,200,71.578,12,0,0,0,0,12,0,0,0,normal
0,2,0,204,65.966,8,0,0,0,0,16,0,0,0,normal
0,2,1,200,75.032,9,0,0,0,1,19,0,0,1,bola
0,1,0,200,118.371,8,0,0,0,0,10,0,0,0,normal
3,3,0,201,71.966,7,0,0,0,0,24,0,0,0,normal
0,3,1,200,30.535,17,0,0,0,0,33,0,0,0,normal
0,1,1,200,205.683,16,0,0,0,0,47,1,0,9,command_injection
0,3,1,403,33.335,6,0,0,1,0,21,0,0,11,shadow_api
1,3,0,200,210.068,0,0,0,0,0,62,1,0,8,ssrf
0,3,0,200,30.086,20,0,0,0,0,30,0,0,0,normal
0,2,1,500,39.034,1,0,0,0,0,55,1,1,9,command_injection
0,3,1,200,34.024,4,0,0,0,0,15,0,0,0,normal
0,4,1,404,114.462,16,0,0,1,0,40,0,0,0,normal
0,3,1,403,45.932,22,0,0,1,1,16,0,0,1,bola
1,3,0,500,67.434,6,0,0,0,0,43,1,1,10,xxe
0,1,0,200,89.777,11,0,0,0,0,6,0,0,0,normal
0,2,0,200,158.349,5,0,1,0,0,8,0,0,4,debug_access
1,2,1,200,130.128,8,0,0,0,0,20,0,0,0,normal
0,2,0,201,27.705,16,0,0,0,0,12,0,0,0,normal
0,4,1,200,27.345,15,0,0,0,0,40,0,0,0,normal
1,3,1,200,214.703,14,0,0,0,0,53,1,0,5,sql_injection
1,1,0,400,282.728,6,0,0,1,0,60,1,0,10,xxe
1,2,1,200,106.346,15,0,0,0,0,34,1,0,9,command_injection
1,2,0,200,7.352,19,0,0,0,0,16,0,0,6,rate_abuse
0,2,1,200,143.3,3,0,0,0,0,16,0,0,11,shadow_api
2,3,1,201,35.597,3,0,0,0,0,18,0,0,0,normal
1,3,1,404,117.458,20,0,0,1,0,15,0,0,0,normal
0,5,1,404,264.723,16,0,0,1,0,61,1,0,7,path_traversal
2,1,0,200,43.957,8,0,0,0,0,10,0,0,0,normal
0,3,0,200,77.917,14,0,0,0,0,12,0,0,11,shadow_api
0,3,1,204,23.593,8,0,0,0,0,21,0,0,0,normal
0,3,1,200,167.032,0,0,0,0,0,18,0,0,0,normal
0,2,0,200,13.792,21,0,0,0,0,14,0,0,0,normal
1,3,1,200,67.356,17,0,0,0,0,21,0,0,11,shadow_api
0,2,1,500,13.598,23,0,0,0,0,44,1,1,9,command_injection
0,1,1,200,63.031,17,0,0,0,0,5,0,0,0,normal
0,2,0,404,0.82,11,0,1,1,0,9,0,0,4,debug_access
1,3,0,200,30.958,18,0,0,0,0,21,0,0,0,normal
0,2,0,401,51.474,10,0,0,1,0,24,0,0,2,jwt_bypass
0,2,0,401,46.813,13,1,0,1,0,20,0,0,3,admin_access
0,2,1,200,357.693,7,0,0,0,0,22,0,0,0,normal
0,2,1,200,88.194,21,0,0,0,1,12,0,0,1,bola
0,2,0,400,9.019,16,0,0,1,0,25,1,0,5,sql_injection
0,1,1,200,166.987,6,0,0,0,0,9,0,0,0,normal
0,1,1,200,55.008,4,0,0,0,0,5,0,0,0,normal
4,4,1,200,11.809,9,0,0,0,0,36,0,0,0,normal
1,2,0,200,31.127,16,0,0,0,0,16,0,0,6,rate_abuse
1,1,1,200,12.39,8,0,0,0,0,5,0,0,0,normal
0,1,1,200,20.967,13,0,0,0,0,8,0,0,0,normal
0,8,0,400,5.149,0,0,0,1,0,82,1,0,7,path_traversal
1,4,1,422,42.725,17,0,0,1,0,28,0,0,0,normal
0,3,1,403,215.656,16,0,0,1,1,11,0,0,1,bola
2,2,1,200,8.443,16,0,0,0,0,10,0,0,0,normal
0,1,1,200,73.009,7,0,0,0,0,8,0,0,0,normal
0,2,0,200,59.751,0,1,0,0,0,23,0,0,3,admin_access
0,4,0,200,9.577,9,0,0,0,0,44,0,0,0,normal
0,3,1,200,2.839,22,0,0,0,0,21,0,0,0,normal
1,1,1,400,233.576,17,0,0,1,0,70,1,0,10,xxe
0,1,1,200,89.951,13,0,0,0,0,8,0,0,0,normal
0,1,1,200,49.298,13,0,0,0,0,6,0,0,0,normal
1,4,1,200,55.331,15,0,0,0,0,24,0,0,0,normal
0,2,1,200,65.15,23,0,0,0,0,12,0,0,0,normal
1,1,1,400,17.226,3,0,0,1,0,10,0,0,0,normal
3,2,0,200,142.49,16,0,0,0,0,18,0,0,0,normal
1,2,0,401,44.087,11,0,0,1,0,11,0,0,2,jwt_bypass
2,1,1,200,35.515,15,0,0,0,0,5,0,0,0,normal
1,2,0,401,11.959,4,0,0,1,0,12,0,0,6,rate_abuse
1,2,0,429,20.252,14,0,0,1,0,17,0,0,6,rate_abuse
0,2,1,200,70.007,9,1,0,0,0,13,0,0,3,admin_access
0,2,1,403,327.295,3,0,0,1,0,11,0,0,11,shadow_api
0,1,1,200,54.327,8,0,0,0,0,7,0,0,0,normal
0,2,0,404,18.302,19,0,1,1,0,14,0,0,4,debug_access
0,3,1,400,38.824,22,0,0,1,0,24,0,0,0,normal
3,4,1,200,84.342,1,0,0,0,0,28,0,0,0,normal
0,1,0,201,35.555,17,0,0,0,0,8,0,0,0,normal
0,3,0,200,225.231,0,0,0,0,0,17,0,0,11,shadow_api
1,2,1,500,97.009,18,0,0,0,0,23,1,1,9,command_injection
3,1,1,200,448.222,15,0,0,0,0,7,0,0,0,normal
4,2,0,200,70.517,20,0,0,0,0,18,0,0,0,normal
3,4,0,404,61.552,2,0,0,1,0,28,0,0,0,normal
0,3,0,500,75.608,17,0,0,0,0,103,1,1,8,ssrf
0,3,0,404,52.591,7,0,0,1,0,33,0,0,0,normal
1,3,1,200,129.372,0,0,0,0,0,27,0,0,0,normal
0,1,1,404,81.005,18,0,0,1,0,9,0,0,0,normal
1,1,1,500,166.669,5,0,0,0,0,71,1,1,10,xxe
0,4,1,200,115.048,4,0,0,0,0,24,0,0,0,normal
0,1,1,500,363.815,11,0,0,0,0,84,1,1,8,ssrf
0,3,1,201,36.034,14,0,0,0,0,27,0,0,0,normal
0,2,0,404,333.529,2,0,1,1,0,17,0,0,4,debug_access
0,1,1,401,243.45,18,0,0,1,0,7,0,0,0,normal
1,4,0,200,83.083,13,0,0,0,0,28,0,0,0,normal
1,2,0,200,25.228,14,0,0,0,0,8,0,0,6,rate_abuse
1,4,1,200,142.014,7,0,0,0,0,28,0,0,0,normal
0,2,1,403,0.839,15,0,0,1,1,12,0,0,1,bola
0,3,1,200,90.636,14,0,0,0,0,33,0,0,0,normal
2,1,0,200,37.528,5,0,0,0,0,8,0,0,0,normal
0,4,1,200,36.324,13,0,0,0,0,28,0,0,0,normal
0,2,1,403,22.841,13,0,0,1,0,10,0,0,11,shadow_api
1,2,0,200,43.362,5,0,0,0,0,29,0,0,2,jwt_bypass
0,2,1,200,246.924,12,0,0,0,0,14,0,0,0,normal
0,4,0,200,23.722,10,0,0,0,0,44,0,0,0,normal
0,2,1,200,83.765,0,0,0,0,0,10,0,0,0,normal
1,2,0,201,168.917,4,0,0,0,0,22,0,0,0,normal
0,1,1,201,10.425,5,0,0,0,0,11,0,0,0,normal
0,2,0,200,287.27,23,0,0,0,0,14,0,0,0,normal
0,2,1,200,47.985,15,0,0,0,0,20,0,0,0,normal
0,1,1,200,100.24,16,0,0,0,0,8,0,0,0,normal
1,1,0,200,109.75,12,0,0,0,0,69,1,0,10,xxe
3,3,0,204,22.745,21,0,0,0,0,24,0,0,0,normal
0,4,1,401,3.455,19,0,0,1,0,20,0,0,0,normal
0,1,1,200,458.78,20,0,0,0,0,6,0,0,0,normal
0,3,1,200,159.505,6,0,0,0,0,15,0,0,0,normal
1,1,0,200,55.027,0,0,0,0,0,7,0,0,0,normal
3,3,1,200,46.192,19,0,0,0,0,33,0,0,0,normal
2,2,1,201,17.671,13,0,0,0,0,18,0,0,0,normal
0,3,1,200,111.61,21,0,0,0,0,33,0,0,0,normal
0,4,1,200,437.039,15,0,0,0,0,40,0,0,0,normal
0,4,1,200,92.579,1,0,0,0,0,32,0,0,0,normal
1,4,1,401,80.877,0,0,0,1,0,36,0,0,0,normal
0,3,0,201,95.784,11,0,0,0,0,27,0,0,0,normal
0,1,1,200,180.35,6,0,0,0,0,9,0,0,0,normal
0,4,1,200,100.844,1,0,0,0,0,36,0,0,0,normal
0,1,0,200,329.176,20,0,0,0,0,7,0,0,0,normal
0,3,1,200,129.66,10,0,0,0,1,9,0,0,1,bola
0,4,1,404,10.351,18,0,0,1,0,20,0,0,0,normal
0,7,0,400,284.38,22,0,0,1,0,39,1,0,7,path_traversal
0,2,1,401,111.793,17,0,0,1,0,16,0,0,0,normal
1,2,0,200,115.785,16,0,0,0,0,22,0,0,2,jwt_bypass
0,1,1,200,123.735,14,0,0,0,0,5,0,0,0,normal
1,3,0,200,227.595,8,0,0,0,0,38,1,0,10,xxe
1,1,0,400,122.402,17,0,0,1,0,72,1,0,10,xxe
0,1,1,204,25.837,14,0,0,0,0,7,0,0,0,normal
0,4,1,200,164.757,23,0,0,0,0,32,0,0,0,normal
2,4,1,200,64.752,8,0,0,0,0,32,0,0,0,normal
0,3,1,200,142.793,22,0,0,0,0,15,0,0,0,normal
0,2,1,200,40.378,13,0,0,0,0,10,0,0,0,normal
0,2,0,404,10.381,4,0,1,1,0,15,0,0,4,debug_access
0,2,0,201,27.307,13,0,0,0,0,22,0,0,0,normal
0,2,1,201,4.772,1,0,0,0,0,10,0,0,0,normal
1,4,1,404,100.198,22,0,0,1,0,20,0,0,0,normal
0,2,1,422,172.37,14,0,0,1,0,22,0,0,0,normal
1,4,1,200,15.354,0,0,0,0,0,40,0,0,0,normal
0,2,0,200,34.863,15,0,0,0,0,23,0,0,2,jwt_bypass
0,4,0,200,22.039,13,0,0,0,0,44,0,0,0,normal
0,2,1,200,132.938,22,0,0,0,0,54,1,0,8,ssrf
3,3,1,200,52.383,14,0,0,0,0,33,0,0,0,normal
1,1,1,400,80.879,7,0,0,1,0,63,1,0,5,sql_injection
0,3,1,200,26.664,18,0,0,0,0,27,0,0,0,normal
1,2,0,200,167.158,6,0,0,0,0,20,0,0,0,normal
0,3,0,401,28.466,10,1,0,1,0,13,0,0,3,admin_access
0,3,0,401,2.306,12,0,0,1,0,33,0,0,0,normal
1,2,0,200,113.939,1,0,0,0,0,14,0,0,0,normal
0,2,0,404,70.899,11,0,1,1,0,15,0,0,4,debug_access
1,3,0,400,161.071,2,0,0,1,0,45,1,0,10,xxe
0,2,0,403,7.614,11,1,0,1,0,11,0,0,3,admin_access
1,3,0,500,146.698,7,0,0,0,0,39,1,1,5,sql_injection
3,4,0,204,68.261,19,0,0,0,0,32,0,0,0,normal
1,2,0,429,16.316,18,0,0,1,0,11,0,0,6,rate_abuse
1,2,0,200,77.183,0,0,0,0,0,14,0,0,0,normal
0,2,0,404,190.34,21,0,1,1,0,10,0,0,4,debug_access
1,1,1,200,215.282,1,0,0,0,0,52,1,0,5,sql_injection
1,1,1,400,31.238,19,0,0,1,0,5,0,0,0,normal
1,4,1,401,58.428,9,0,0,1,0,40,0,0,0,normal
1,3,1,200,149.639,16,0,0,0,0,17,0,0,11,shadow_api
0,3,1,200,32.58,6,0,0,0,1,18,0,0,1,bola
0,1,1,200,25.336,0,0,0,0,0,11,0,0,0,normal
1,2,0,400,156.056,14,0,0,1,0,73,1,0,10,xxe
0,2,1,200,99.771,18,0,0,0,0,12,0,0,0,normal
0,2,1,200,20.493,15,0,0,0,0,16,0,0,0,normal
0,2,0,200,61.418,13,0,1,0,0,17,0,0,4,debug_access
1,1,0,200,176.213,9,0,0,0,0,88,1,0,8,ssrf
1,2,0,401,30.119,22,0,0,1,0,16,0,0,6,rate_abuse
1,2,1,200,20.051,16,0,0,0,0,14,0,0,0,normal
1,4,1,200,51.274,20,0,0,0,0,40,0,0,0,normal
0,2,0,200,5.082,2,0,1,0,0,12,0,0,4,debug_access
2,4,1,200,128.718,2,0,0,0,0,44,0,0,0,normal
1,2,0,429,20.702,6,0,0,1,0,9,0,0,6,rate_abuse
0,3,1,200,72.561,16,0,0,0,1,12,0,0,1,bola
0,2,1,200,10.815,17,0,0,0,0,10,0,0,0,normal
2,3,1,200,4.394,8,0,0,0,0,21,0,0,0,normal
0,3,1,403,58.741,0,1,0,1,0,19,0,0,3,admin_access
1,2,1,200,2.576,8,0,0,0,0,20,0,0,0,normal
0,2,0,403,143.09,16,0,0,1,0,18,0,0,11,shadow_api
0,1,1,200,295.762,12,0,0,0,0,10,0,0,0,normal
0,2,0,404,85.56,19,0,1,1,0,9,0,0,4,debug_access
1,3,1,200,5.285,12,0,0,0,0,33,0,0,0,normal
1,4,1,200,346.712,8,0,0,0,0,40,0,0,0,normal
0,2,0,403,46.254,8,0,0,1,0,19,0,0,11,shadow_api
0,3,1,200,32.932,2,0,0,0,0,15,0,0,0,normal
0,1,0,201,5.688,10,0,0,0,0,11,0,0,0,normal
0,2,1,200,128.359,1,0,0,0,0,20,0,0,0,normal
0,2,0,200,48.872,12,0,0,0,0,14,0,0,2,jwt_bypass
1,2,1,403,124.249,11,0,0,1,0,17,0,0,11,shadow_api
1,2,0,429,13.859,7,0,0,1,0,15,0,0,6,rate_abuse
0,2,1,204,26.713,6,0,0,0,0,22,0,0,0,normal
0,4,1,200,1.424,4,0,0,0,0,32,0,0,0,normal
1,4,1,201,85.821,0,0,0,0,0,20,0,0,0,normal
0,2,0,200,54.45,7,0,1,0,0,16,0,0,4,debug_access
0,2,0,422,134.181,3,0,0,1,0,10,0,0,0,normal
0,2,0,200,80.167,20,0,0,0,0,21,0,0,2,jwt_bypass
0,3,1,500,20.968,3,0,0,0,0,44,1,1,9,command_injection
0,2,1,400,174.244,18,0,0,1,0,99,1,0,8,ssrf
0,3,1,200,219.329,16,0,0,0,0,33,0,0,0,normal
1,4,1,200,16.805,16,0,0,0,0,44,0,0,0,normal
0,2,1,200,177.711,0,0,0,0,1,13,0,0,1,bola
0,2,0,200,45.163,12,0,0,0,0,14,0,0,2,jwt_bypass
1,2,1,200,5.021,18,0,0,0,0,12,0,0,0,normal
0,3,1,200,2.047,23,0,0,0,1,12,0,0,1,bola
0,2,1,500,65.303,8,0,0,0,0,59,1,1,5,sql_injection
1,4,1,200,49.467,23,0,0,0,0,44,0,0,0,normal
1,3,0,500,33.744,3,0,0,0,0,40,1,1,9,command_injection
0,3,0,500,126.003,4,0,0,0,0,62,1,1,8,ssrf
0,3,0,200,58.202,13,0,0,0,0,27,0,0,0,normal
0,2,1,204,24.347,17,0,0,0,0,18,0,0,0,normal
1,2,1,200,135.692,7,0,0,0,0,16,0,0,0,normal
1,4,1,200,112.532,1,0,0,0,0,28,0,0,0,normal
1,2,0,401,12.733,16,0,0,1,0,8,0,0,6,rate_abuse
0,2,1,403,138.88,23,0,0,1,1,19,0,0,1,bola
0,2,0,500,102.229,14,0,0,0,0,77,1,1,8,ssrf
1,4,1,400,284.237,20,0,0,1,0,24,0,0,0,normal
1,2,1,201,395.279,14,0,0,0,0,20,0,0,0,normal
2,1,1,200,15.505,21,0,0,0,0,10,0,0,0,normal
0,2,1,403,201.797,14,1,0,1,0,18,0,0,3,admin_access
1,1,0,400,31.354,12,0,0,1,0,63,1,0,5,sql_injection
4,2,1,200,194.812,22,0,0,0,0,16,0,0,0,normal
0,2,1,401,120.214,1,1,0,1,0,12,0,0,3,admin_access
1,3,1,400,214.916,1,0,0,1,0,69,1,0,8,ssrf
0,2,1,200,6.708,22,0,0,0,1,15,0,0,1,bola
0,2,0,404,92.569,7,0,1,1,0,8,0,0,4,debug_access
1,3,0,500,598.584,0,0,0,0,0,41,1,1,9,command_injection
1,2,0,429,27.849,5,0,0,1,0,9,0,0,6,rate_abuse
0,3,1,400,36.763,10,0,0,1,0,33,0,0,0,normal
0,3,0,200,218.658,20,0,0,0,0,62,1,0,8,ssrf
0,3,1,200,139.649,17,0,0,0,0,15,0,0,0,normal
0,4,1,404,2.724,3,0,0,1,0,20,0,0,0,normal
0,3,0,200,161.696,15,0,0,0,0,33,0,0,0,normal
1,1,1,500,174.521,12,0,0,0,0,52,1,1,5,sql_injection
0,2,0,200,72.123,10,0,0,0,0,76,1,0,8,ssrf
0,4,0,200,83.436,11,0,0,0,0,71,1,0,7,path_traversal
1,4,0,200,121.737,13,0,0,0,0,36,0,0,0,normal
0,2,1,200,75.026,7,0,0,0,0,16,0,0,0,normal
1,1,1,500,247.835,6,0,0,0,0,45,1,1,10,xxe
2,1,1,200,94.108,13,0,0,0,0,6,0,0,0,normal
0,4,1,200,15.23,19,0,0,0,0,32,0,0,0,normal
1,2,0,200,20.3,3,0,0,0,0,11,0,0,6,rate_abuse
1,3,0,400,58.381,7,0,0,1,0,107,1,0,8,ssrf
2,1,1,201,113.476,4,0,0,0,0,6,0,0,0,normal
0,2,1,200,97.194,14,0,0,0,1,16,0,0,1,bola
2,1,1,200,34.743,4,0,0,0,0,8,0,0,0,normal
2,1,1,200,157.708,19,0,0,0,0,5,0,0,0,normal
0,2,1,403,2.416,15,0,0,1,0,21,0,0,11,shadow_api
1,2,1,200,56.337,7,0,0,0,0,10,0,0,0,normal
0,2,1,400,118.462,17,0,0,1,0,22,0,0,0,normal
1,2,1,200,35.781,17,0,0,0,0,10,0,0,0,normal
0,2,1,403,84.058,5,0,0,1,1,13,0,0,1,bola
1,2,0,401,10.106,0,0,0,1,0,15,0,0,6,rate_abuse
0,2,0,422,335.172,8,0,0,1,0,14,0,0,0,normal
2,2,0,200,35.678,10,0,0,0,0,18,0,0,0,normal
0,1,1,200,21.409,0,0,0,0,0,6,0,0,0,normal
0,3,1,200,123.668,6,0,0,0,0,27,0,0,0,normal
1,4,1,200,13.317,1,0,0,0,0,28,0,0,0,normal
1,2,0,429,3.395,14,0,0,1,0,13,0,0,6,rate_abuse
1,2,0,429,20.057,2,0,0,1,0,10,0,0,6,rate_abuse
1,2,0,401,80.432,13,0,0,1,0,23,0,0,2,jwt_bypass
2,2,1,404,23.547,2,0,0,1,0,22,0,0,0,normal
0,2,0,401,95.605,6,0,0,1,0,19,0,0,2,jwt_bypass
0,2,1,200,212.793,11,0,0,0,0,22,0,0,0,normal
0,4,1,400,5.919,7,0,0,1,0,35,1,0,7,path_traversal
0,2,1,200,58.974,21,0,0,0,0,14,0,0,11,shadow_api
0,2,1,403,13.501,17,0,0,1,1,10,0,0,1,bola
0,3,0,200,20.502,10,1,0,0,0,23,0,0,3,admin_access
1,2,0,429,3.356,6,0,0,1,0,16,0,0,6,rate_abuse
0,2,0,200,136.814,14,0,0,0,0,18,0,0,0,normal
