method,path_depth,has_auth,status_code,response_ms,hour,is_admin_path,is_debug_path,is_error,bola_suspected,label_id,label_name
0,1,1,200,74.616,23,0,0,0,0,0,normal
0,2,1,403,221.7,13,0,0,0,1,1,bola
0,1,1,400,33.039,14,0,0,1,0,0,normal
0,3,0,200,100.902,19,0,0,0,0,0,normal
0,3,0,200,216.228,19,0,0,0,0,0,normal
2,4,1,200,15.311,0,0,0,0,0,0,normal
0,2,1,200,332.26,1,0,0,0,1,1,bola
0,2,1,200,54.224,13,0,0,0,1,1,bola
4,1,1,401,61.214,2,0,0,1,0,0,normal
0,3,0,200,49.155,17,0,0,0,0,0,normal
0,6,1,400,17.606,0,0,0,1,0,7,path_traversal
1,2,0,401,75.556,7,0,0,1,0,2,jwt_bypass
0,4,1,400,161.786,16,0,0,1,0,0,normal
0,2,1,403,66.591,18,0,0,0,1,1,bola
3,3,1,200,18.388,13,0,0,0,0,0,normal
0,1,1,400,28.146,2,0,0,1,0,0,normal
0,2,0,200,262.621,0,0,0,0,0,0,normal
1,4,0,422,161.682,17,0,0,1,0,0,normal
0,4,1,200,6.038,15,0,0,0,0,0,normal
1,4,1,201,19.261,18,0,0,0,0,0,normal
0,2,1,204,157.202,23,0,0,0,0,0,normal
0,4,1,200,70.894,16,0,0,0,0,0,normal
1,2,1,200,99.928,0,0,0,1,0,5,sql_injection
1,3,0,200,70.936,2,0,0,0,0,0,normal
1,2,1,201,142.758,13,0,0,0,0,0,normal
0,3,1,200,15.625,2,0,0,0,1,1,bola
1,2,0,200,179.128,17,0,0,0,0,0,normal
1,4,0,200,165.837,9,0,0,0,0,0,normal
1,2,0,401,112.807,16,0,0,1,0,2,jwt_bypass
0,2,1,200,140.564,12,1,0,1,0,3,admin_access
0,3,1,403,134.644,16,0,0,0,1,1,bola
0,2,1,200,1.474,1,1,0,1,0,3,admin_access
1,2,0,401,41.031,4,0,0,1,0,2,jwt_bypass
0,3,1,200,68.049,12,0,0,0,0,0,normal
2,3,1,401,43.146,5,0,0,1,0,0,normal
0,4,1,201,204.889,20,0,0,0,0,0,normal
0,2,0,200,20.851,14,0,0,1,0,5,sql_injection
0,3,1,200,325.36,18,0,0,0,0,0,normal
0,6,0,200,141.621,15,0,0,1,0,7,path_traversal
0,3,1,200,97.83,4,0,0,0,0,0,normal
0,3,1,403,30.241,4,0,0,0,1,1,bola
2,2,0,200,6.956,6,0,0,0,0,0,normal
1,2,0,200,39.734,20,0,0,1,0,6,rate_abuse
0,3,1,403,291.829,11,0,0,0,1,1,bola
0,1,0,200,171.247,12,0,0,0,0,0,normal
0,2,0,404,145.589,17,0,1,0,0,4,debug_access
0,2,1,200,1.165,14,0,0,0,1,1,bola
0,2,0,401,31.199,15,1,0,1,0,3,admin_access
0,3,1,200,49.298,11,0,0,0,0,0,normal
0,1,1,400,206.666,6,0,0,1,0,5,sql_injection
0,2,1,403,77.934,9,0,0,0,1,1,bola
0,3,0,404,22.79,2,0,0,1,0,0,normal
0,2,1,200,86.285,12,0,0,0,0,0,normal
1,1,1,200,25.999,9,0,0,0,0,0,normal
2,2,1,200,57.854,4,0,0,0,0,0,normal
0,3,1,200,18.519,14,0,0,0,0,0,normal
1,2,0,401,35.142,22,0,0,1,0,2,jwt_bypass
0,1,1,200,163.254,20,0,0,0,0,0,normal
0,1,1,200,47.477,9,0,0,0,0,0,normal
0,2,1,200,23.228,14,0,0,0,0,0,normal
0,1,1,200,90.12,22,0,0,0,0,0,normal
0,3,1,401,67.66,22,1,0,1,0,3,admin_access
3,2,1,200,51.158,0,0,0,0,0,0,normal
0,2,1,200,9.904,9,0,0,0,0,0,normal
0,2,1,422,76.101,18,0,0,1,0,0,normal
0,2,1,200,40.378,13,0,0,0,0,0,normal
1,3,1,400,123.24,22,0,0,1,0,5,sql_injection
0,4,1,200,33.289,9,0,0,0,0,0,normal
1,2,0,401,39.43,0,0,0,1,0,6,rate_abuse
0,2,0,200,21.067,22,0,1,0,0,4,debug_access
0,4,1,200,89.033,0,0,0,0,0,0,normal
0,2,1,201,91.264,22,0,0,0,0,0,normal
0,2,1,401,67.373,11,1,0,1,0,3,admin_access
0,2,1,200,56.11,10,0,0,0,0,0,normal
1,2,0,429,33.136,7,0,0,1,0,6,rate_abuse
1,2,0,429,28.72,3,0,0,1,0,6,rate_abuse
2,3,1,200,2.584,15,0,0,0,0,0,normal
0,3,1,200,192.83,17,1,0,1,0,3,admin_access
0,2,1,200,434.876,22,0,0,0,0,0,normal
0,4,1,404,50.237,7,0,0,1,0,0,normal
2,1,1,200,1.777,3,0,0,0,0,0,normal
0,4,1,201,65.243,12,0,0,0,0,0,normal
0,4,0,401,13.27,12,0,0,1,0,0,normal
0,3,1,200,172.249,5,0,0,0,1,1,bola
0,2,1,400,25.81,3,0,0,1,0,5,sql_injection
0,1,1,200,78.695,1,0,0,0,0,0,normal
4,2,1,200,17.616,19,0,0,0,0,0,normal
0,3,1,200,81.766,15,0,0,0,1,1,bola
0,5,1,404,126.351,10,0,0,1,0,7,path_traversal
0,3,1,403,29.685,21,0,0,0,1,1,bola
0,1,1,200,84.195,21,0,0,0,0,0,normal
0,5,0,404,144.281,21,0,0,1,0,7,path_traversal
0,3,1,200,35.27,16,1,0,1,0,3,admin_access
0,1,0,200,19.207,15,0,0,0,0,0,normal
1,2,0,401,104.95,23,0,0,1,0,2,jwt_bypass
0,3,1,200,80.551,16,1,0,1,0,3,admin_access
0,2,0,200,1.653,14,0,1,0,0,4,debug_access
0,4,1,200,66.395,0,0,0,0,0,0,normal
0,2,1,401,7.783,1,1,0,1,0,3,admin_access
0,8,0,400,76.413,7,0,0,1,0,7,path_traversal
1,2,0,429,17.987,8,0,0,1,0,6,rate_abuse
3,3,1,200,25.985,9,0,0,0,0,0,normal
0,4,1,200,84.146,17,0,0,0,0,0,normal
0,2,1,200,349.708,9,0,0,0,0,0,normal
0,2,1,500,273.199,15,0,0,1,0,5,sql_injection
0,3,1,403,68.101,16,0,0,0,1,1,bola
0,1,1,400,71.76,20,0,0,1,0,0,normal
4,2,1,422,1.506,9,0,0,1,0,0,normal
0,3,1,400,287.315,14,0,0,1,0,5,sql_injection
0,4,0,400,78.502,4,0,0,1,0,0,normal
2,2,1,204,27.673,5,0,0,0,0,0,normal
3,2,0,201,351.944,16,0,0,0,0,0,normal
0,1,0,400,87.09,19,0,0,1,0,5,sql_injection
0,5,0,404,99.418,8,0,0,1,0,7,path_traversal
0,3,1,200,7.85,5,0,0,0,1,1,bola
1,2,0,429,10.899,23,0,0,1,0,6,rate_abuse
0,2,0,404,4.184,4,0,1,0,0,4,debug_access
0,3,1,200,95.039,21,0,0,0,0,0,normal
0,4,1,400,67.43,5,0,0,1,0,7,path_traversal
0,4,1,200,19.334,16,0,0,0,0,0,normal
0,6,1,404,22.362,19,0,0,1,0,7,path_traversal
0,5,0,404,18.532,20,0,0,1,0,7,path_traversal
0,1,1,200,327.136,13,0,0,0,0,0,normal
0,2,0,200,35.81,21,0,1,0,0,4,debug_access
0,1,0,200,111.899,3,0,0,0,0,0,normal
0,4,0,401,54.107,21,0,0,1,0,0,normal
1,2,0,429,11.854,22,0,0,1,0,6,rate_abuse
0,1,1,200,1.395,3,0,0,0,0,0,normal
1,2,0,500,122.378,16,0,0,1,0,5,sql_injection
0,2,1,403,5.128,11,0,0,0,1,1,bola
0,3,1,200,105.523,0,0,0,0,0,0,normal
0,7,0,404,62.757,15,0,0,1,0,7,path_traversal
0,4,1,404,8.777,3,0,0,1,0,7,path_traversal
0,2,1,403,6.121,23,1,0,1,0,3,admin_access
0,3,0,200,87.227,22,0,0,0,0,0,normal
1,2,0,400,32.745,12,0,0,1,0,5,sql_injection
2,1,1,404,199.53,1,0,0,1,0,0,normal
1,4,1,200,97.187,16,0,0,0,0,0,normal
3,4,0,400,51.52,5,0,0,1,0,0,normal
2,1,1,200,0.427,5,0,0,0,0,0,normal
1,2,0,429,10.899,20,0,0,1,0,6,rate_abuse
1,2,0,429,22.711,19,0,0,1,0,6,rate_abuse
3,1,1,201,212.335,14,0,0,0,0,0,normal
1,3,1,400,59.179,23,0,0,1,0,5,sql_injection
0,3,1,200,31.776,4,0,0,0,0,0,normal
0,2,0,201,154.399,17,0,0,0,0,0,normal
0,1,1,204,65.068,22,0,0,0,0,0,normal
0,1,1,400,12.483,15,0,0,1,0,0,normal
1,2,0,403,49.741,20,0,0,1,0,2,jwt_bypass
0,3,1,200,47.253,20,0,0,0,1,1,bola
0,3,1,403,160.49,1,0,0,0,1,1,bola
0,1,1,200,33.242,14,0,0,0,0,0,normal
0,4,0,404,135.934,2,0,0,1,0,7,path_traversal
0,3,1,200,41.791,19,0,0,0,0,0,normal
1,4,1,200,70.98,15,0,0,0,0,0,normal
1,1,1,200,149.932,5,0,0,0,0,0,normal
1,1,1,201,7.588,10,0,0,0,0,0,normal
0,5,1,200,129.169,18,0,0,1,0,7,path_traversal
0,4,1,200,53.711,14,0,0,0,0,0,normal
1,2,0,401,15.886,0,0,0,1,0,6,rate_abuse
0,3,1,200,322.296,12,0,0,0,1,1,bola
3,1,1,204,80.048,23,0,0,0,0,0,normal
0,2,1,200,94.108,21,0,0,0,0,0,normal
1,4,0,404,143.149,20,0,0,1,0,0,normal
0,8,0,400,38.905,16,0,0,1,0,7,path_traversal
1,2,0,403,24.142,15,0,0,1,0,2,jwt_bypass
0,3,1,200,97.16,14,0,0,0,0,0,normal
1,2,0,401,39.843,16,0,0,1,0,6,rate_abuse
1,2,0,429,6.473,14,0,0,1,0,6,rate_abuse
1,3,0,404,25.676,18,0,0,1,0,0,normal
2,4,0,200,168.0,21,0,0,0,0,0,normal
4,4,1,200,7.955,2,0,0,0,0,0,normal
0,2,0,403,125.962,22,1,0,1,0,3,admin_access
0,2,1,200,6.707,1,0,0,0,0,0,normal
0,1,0,400,119.54,22,0,0,1,0,5,sql_injection
0,1,1,200,169.541,4,0,0,0,0,0,normal
3,2,0,200,12.312,7,0,0,0,0,0,normal
0,4,1,200,117.459,23,0,0,0,0,0,normal
0,4,1,422,170.426,2,0,0,1,0,0,normal
0,4,1,422,121.226,9,0,0,1,0,0,normal
2,3,1,200,56.487,7,0,0,0,0,0,normal
1,1,1,200,263.918,8,0,0,0,0,0,normal
0,4,1,200,125.358,2,0,0,0,0,0,normal
1,1,1,400,135.244,18,0,0,1,0,0,normal
0,4,1,200,5.471,7,0,0,0,0,0,normal
0,2,0,404,46.772,23,0,1,0,0,4,debug_access
0,2,0,401,2.336,20,1,0,1,0,3,admin_access
0,2,1,404,16.858,6,0,0,1,0,0,normal
1,2,0,403,87.731,9,0,0,1,0,2,jwt_bypass
0,5,0,200,79.018,8,0,0,1,0,7,path_traversal
0,3,1,403,3.601,14,1,0,1,0,3,admin_access
0,1,1,200,5.22,15,0,0,0,0,0,normal
2,2,1,201,16.165,7,0,0,0,0,0,normal
0,2,1,201,6.149,16,0,0,0,0,0,normal
0,4,1,200,44.435,17,0,0,0,0,0,normal
0,2,1,204,26.713,6,0,0,0,0,0,normal
2,2,0,200,140.376,11,0,0,0,0,0,normal
0,3,1,200,117.607,4,0,0,0,0,0,normal
0,2,1,201,54.683,6,0,0,0,0,0,normal
1,4,0,404,49.127,13,0,0,1,0,0,normal
0,3,1,200,74.604,17,0,0,0,0,0,normal
0,4,1,400,23.916,12,0,0,1,0,0,normal
0,3,1,200,46.147,11,0,0,0,0,0,normal
1,1,1,200,108.279,16,0,0,0,0,0,normal
0,2,1,201,16.018,10,0,0,0,0,0,normal
2,3,1,200,68.613,21,0,0,0,0,0,normal
0,2,0,500,29.085,7,0,0,1,0,5,sql_injection
0,2,0,403,50.565,3,1,0,1,0,3,admin_access
4,3,0,404,138.394,14,0,0,1,0,0,normal
0,2,0,200,40.95,1,0,0,0,0,0,normal
1,2,0,429,23.374,0,0,0,1,0,6,rate_abuse
0,3,1,204,205.284,20,0,0,0,0,0,normal
0,3,1,200,173.958,0,0,0,0,0,0,normal
0,3,0,403,307.392,7,1,0,1,0,3,admin_access
3,2,0,200,5.07,11,0,0,0,0,0,normal
1,2,0,200,125.2,4,0,0,0,0,0,normal
0,2,0,200,61.679,11,0,0,0,0,0,normal
1,3,0,500,59.478,13,0,0,1,0,5,sql_injection
0,6,1,200,50.988,1,0,0,1,0,7,path_traversal
0,4,1,200,5.993,10,0,0,0,0,0,normal
0,2,1,200,15.026,6,1,0,1,0,3,admin_access
1,2,0,200,50.141,5,0,0,1,0,2,jwt_bypass
1,2,1,400,72.954,10,0,0,1,0,5,sql_injection
0,8,1,404,2.804,1,0,0,1,0,7,path_traversal
0,2,0,404,14.055,8,0,0,1,0,0,normal
0,4,1,200,8.398,20,0,0,0,0,0,normal
1,3,1,404,3.785,18,0,0,1,0,0,normal
0,1,1,200,129.09,14,0,0,0,0,0,normal
3,4,0,201,121.093,11,0,0,0,0,0,normal
1,2,1,201,0.248,3,0,0,0,0,0,normal
0,3,1,403,97.292,4,0,0,0,1,1,bola
1,3,0,200,23.334,7,0,0,0,0,0,normal
0,2,0,404,138.716,6,0,1,0,0,4,debug_access
1,2,1,200,389.954,15,0,0,0,0,0,normal
0,2,0,200,7.357,6,0,1,0,0,4,debug_access
2,3,1,200,80.827,19,0,0,0,0,0,normal
1,3,0,500,44.194,6,0,0,1,0,5,sql_injection
0,2,0,200,40.53,2,0,1,0,0,4,debug_access
0,2,1,200,167.109,3,0,0,0,1,1,bola
0,3,1,200,30.38,18,0,0,0,1,1,bola
1,3,1,200,38.859,13,0,0,0,0,0,normal
1,2,0,401,32.612,23,0,0,1,0,6,rate_abuse
1,2,1,400,260.484,10,0,0,1,0,0,normal
1,1,1,500,75.266,4,0,0,1,0,5,sql_injection
0,1,1,200,7.101,17,0,0,0,0,0,normal
1,2,0,429,12.797,1,0,0,1,0,6,rate_abuse
0,1,1,200,32.679,12,0,0,0,0,0,normal
0,3,1,200,202.11,16,0,0,0,1,1,bola
1,2,0,401,56.794,19,0,0,1,0,2,jwt_bypass
0,2,1,200,50.245,19,0,0,0,1,1,bola
0,4,1,400,26.625,22,0,0,1,0,0,normal
0,3,1,200,293.815,17,1,0,1,0,3,admin_access
0,8,0,400,200.669,10,0,0,1,0,7,path_traversal
0,3,1,200,116.364,19,0,0,0,1,1,bola
0,1,0,400,89.912,12,0,0,1,0,5,sql_injection
4,1,0,400,96.583,21,0,0,1,0,0,normal
4,2,0,200,70.849,5,0,0,0,0,0,normal
1,3,1,200,229.329,21,0,0,0,0,0,normal
0,2,1,200,8.199,4,0,0,0,0,0,normal
1,2,0,429,23.253,7,0,0,1,0,6,rate_abuse
4,3,0,200,38.304,22,0,0,0,0,0,normal
1,2,0,200,104.27,21,0,0,1,0,2,jwt_bypass
1,2,0,429,9.593,7,0,0,1,0,6,rate_abuse
1,2,0,429,16.862,3,0,0,1,0,6,rate_abuse
0,2,1,200,160.976,0,0,0,0,0,0,normal
1,2,1,400,21.582,9,0,0,1,0,0,normal
3,3,1,200,150.254,16,0,0,0,0,0,normal
1,2,0,401,20.101,14,0,0,1,0,6,rate_abuse
0,3,1,400,50.488,6,0,0,1,0,0,normal
1,2,0,401,22.902,18,0,0,1,0,2,jwt_bypass
0,4,0,200,13.578,7,0,0,0,0,0,normal
0,2,0,404,51.411,4,0,1,0,0,4,debug_access
1,2,1,400,205.756,1,0,0,1,0,5,sql_injection
1,2,0,429,35.54,3,0,0,1,0,6,rate_abuse
1,1,1,422,111.92,10,0,0,1,0,0,normal
0,2,1,200,142.2,15,0,0,0,0,0,normal
3,4,0,200,80.223,0,0,0,0,0,0,normal
0,2,1,200,5.356,20,0,0,0,0,0,normal
2,2,1,201,84.956,15,0,0,0,0,0,normal
0,2,1,200,1.111,3,0,0,0,0,0,normal
1,2,1,200,19.958,10,0,0,0,0,0,normal
1,3,0,200,45.173,9,0,0,1,0,5,sql_injection
0,1,1,201,34.819,7,0,0,0,0,0,normal
0,3,1,200,0.145,0,0,0,0,1,1,bola
0,3,1,200,315.219,1,0,0,0,0,0,normal
2,4,1,401,58.428,17,0,0,1,0,0,normal
0,3,1,200,61.886,21,0,0,0,0,0,normal
3,4,0,400,3.027,5,0,0,1,0,0,normal
0,3,1,200,205.774,10,0,0,0,1,1,bola
0,2,1,403,42.802,11,0,0,0,1,1,bola
0,2,1,401,183.461,0,1,0,1,0,3,admin_access
4,4,1,200,58.32,2,0,0,0,0,0,normal
0,3,1,401,9.588,9,1,0,1,0,3,admin_access
2,4,1,401,92.163,6,0,0,1,0,0,normal
0,2,0,200,8.585,15,0,0,0,0,0,normal
0,3,1,401,12.132,18,1,0,1,0,3,admin_access
1,2,0,429,28.227,3,0,0,1,0,6,rate_abuse
0,2,0,404,4.932,16,0,1,0,0,4,debug_access
1,3,0,400,185.279,2,0,0,1,0,5,sql_injection
1,4,1,200,99.02,10,0,0,0,0,0,normal
2,4,1,400,2.243,23,0,0,1,0,0,normal
0,2,0,200,49.795,15,0,1,0,0,4,debug_access
1,4,1,200,90.772,6,0,0,0,0,0,normal
0,4,1,401,6.234,1,0,0,1,0,0,normal
0,3,1,200,4.643,5,0,0,0,0,0,normal
0,2,1,403,1.179,5,0,0,0,1,1,bola
0,1,1,200,91.253,9,0,0,0,0,0,normal
2,4,1,200,9.871,5,0,0,0,0,0,normal
1,1,1,500,28.381,15,0,0,1,0,5,sql_injection
2,4,1,200,61.486,12,0,0,0,0,0,normal
0,2,0,404,116.443,4,0,1,0,0,4,debug_access
0,3,1,403,98.83,15,0,0,0,1,1,bola
1,1,0,204,44.224,3,0,0,0,0,0,normal
1,2,0,200,48.902,12,0,0,1,0,2,jwt_bypass
4,3,0,201,70.003,3,0,0,0,0,0,normal
1,2,0,401,38.573,23,0,0,1,0,2,jwt_bypass
1,2,1,200,0.732,23,0,0,0,0,0,normal
0,4,1,200,125.739,20,0,0,0,0,0,normal
0,3,1,200,201.012,19,0,0,0,1,1,bola
0,3,1,200,84.656,16,0,0,0,1,1,bola
0,2,0,400,43.896,14,0,0,1,0,0,normal
0,2,1,200,4.478,9,0,0,0,0,0,normal
1,1,1,200,48.46,10,0,0,0,0,0,normal
0,1,0,200,148.127,14,0,0,0,0,0,normal
1,2,0,401,10.331,2,0,0,1,0,6,rate_abuse
1,2,0,401,46.261,7,0,0,1,0,2,jwt_bypass
0,4,1,201,26.192,13,0,0,0,0,0,normal
2,4,1,404,75.473,14,0,0,1,0,0,normal
1,2,0,401,26.515,19,0,0,1,0,6,rate_abuse
2,2,0,200,141.811,15,0,0,0,0,0,normal
1,2,0,200,19.047,18,0,0,1,0,6,rate_abuse
1,1,1,200,15.011,1,0,0,1,0,5,sql_injection
0,1,1,200,96.457,16,0,0,0,0,0,normal
0,4,0,401,155.216,3,0,0,1,0,0,normal
0,2,1,401,12.021,22,1,0,1,0,3,admin_access
1,2,0,429,23.711,15,0,0,1,0,6,rate_abuse
0,3,1,200,30.061,19,0,0,0,0,0,normal
0,3,1,403,105.3,22,0,0,0,1,1,bola
3,3,1,200,52.589,14,0,0,0,0,0,normal
0,1,1,200,2.452,3,0,0,0,0,0,normal
0,2,1,400,40.478,19,0,0,1,0,0,normal
0,2,1,200,77.872,17,0,0,0,0,0,normal
0,2,0,403,111.982,21,1,0,1,0,3,admin_access
0,2,0,200,25.417,2,0,1,0,0,4,debug_access
1,1,0,404,6.411,16,0,0,1,0,0,normal
0,1,0,204,142.017,17,0,0,0,0,0,normal
1,2,0,403,115.684,14,0,0,1,0,2,jwt_bypass
0,8,0,404,58.424,10,0,0,1,0,7,path_traversal
0,2,0,200,50.421,14,0,1,0,0,4,debug_access
0,2,0,200,78.597,20,0,1,0,0,4,debug_access
1,2,0,200,19.116,20,0,0,1,0,2,jwt_bypass
2,4,1,200,125.758,19,0,0,0,0,0,normal
0,2,0,404,409.253,7,0,1,0,0,4,debug_access
4,1,0,200,28.1,7,0,0,0,0,0,normal
4,3,1,200,15.792,23,0,0,0,0,0,normal
0,2,1,200,325.231,5,0,0,0,0,0,normal
0,4,0,400,5.473,4,0,0,1,0,7,path_traversal
0,1,1,200,6.584,3,0,0,0,0,0,normal
1,2,0,401,14.557,5,0,0,1,0,6,rate_abuse
1,1,1,400,19.709,17,0,0,1,0,5,sql_injection
1,1,0,200,65.823,12,0,0,0,0,0,normal
3,3,0,200,54.61,11,0,0,0,0,0,normal
0,2,1,200,180.876,16,0,0,0,0,0,normal
0,4,0,400,56.784,14,0,0,1,0,7,path_traversal
2,4,0,200,118.407,8,0,0,0,0,0,normal
0,2,1,200,3.773,4,0,0,0,0,0,normal
0,2,1,204,27.939,11,0,0,0,0,0,normal
1,4,1,200,200.509,10,0,0,0,0,0,normal
0,2,1,400,43.957,6,0,0,1,0,0,normal
0,3,1,200,81.75,17,0,0,0,1,1,bola
3,3,1,200,91.754,23,0,0,0,0,0,normal
0,3,1,200,80.304,13,0,0,0,0,0,normal
4,3,1,200,56.335,14,0,0,0,0,0,normal
1,4,1,200,10.769,20,0,0,0,0,0,normal
0,4,1,200,35.052,4,0,0,0,0,0,normal
0,2,0,200,483.878,23,1,0,1,0,3,admin_access
0,4,1,200,11.232,15,0,0,0,0,0,normal
0,1,1,422,123.232,5,0,0,1,0,0,normal
2,1,1,201,13.954,15,0,0,0,0,0,normal
0,2,1,200,15.518,11,0,0,0,0,0,normal
1,4,1,200,116.237,3,0,0,0,0,0,normal
0,2,1,200,73.608,4,0,0,0,1,1,bola
0,3,0,422,67.134,3,0,0,1,0,0,normal
0,4,1,404,113.386,0,0,0,1,0,0,normal
0,2,1,200,141.087,19,0,0,0,0,0,normal
0,2,1,200,94.106,1,0,0,0,1,1,bola
1,1,0,200,14.46,16,0,0,0,0,0,normal
0,2,1,200,148.842,4,0,0,0,0,0,normal
0,1,1,200,98.812,12,0,0,0,0,0,normal
1,1,1,400,33.68,5,0,0,1,0,5,sql_injection
0,2,1,200,31.877,19,0,0,0,0,0,normal
1,1,0,500,306.05,17,0,0,1,0,5,sql_injection
1,3,1,201,14.346,4,0,0,0,0,0,normal
0,2,0,404,185.355,13,0,0,1,0,0,normal
0,1,1,200,27.804,0,0,0,0,0,0,normal
0,3,0,200,157.424,14,0,0,0,0,0,normal
1,2,0,200,16.818,13,0,0,1,0,2,jwt_bypass
1,2,1,201,0.259,10,0,0,0,0,0,normal
0,1,1,201,139.908,0,0,0,0,0,0,normal
1,2,0,429,11.743,22,0,0,1,0,6,rate_abuse
0,3,1,200,76.185,7,0,0,0,0,0,normal
0,1,1,200,22.555,12,0,0,0,0,0,normal
1,2,0,200,10.504,7,0,0,1,0,6,rate_abuse
1,2,0,400,90.329,19,0,0,1,0,5,sql_injection
0,2,1,200,85.409,7,0,0,0,1,1,bola
0,2,1,200,22.196,19,0,0,0,1,1,bola
0,5,0,200,24.968,16,0,0,1,0,7,path_traversal
0,4,0,400,106.362,17,0,0,1,0,7,path_traversal
0,2,1,200,4.614,14,0,0,0,1,1,bola
0,2,0,200,45.988,22,0,1,0,0,4,debug_access
0,3,1,200,241.996,6,0,0,0,0,0,normal
3,3,0,201,71.966,7,0,0,0,0,0,normal
0,3,1,200,128.996,10,0,0,0,0,0,normal
1,1,0,500,92.487,12,0,0,1,0,5,sql_injection
0,3,1,200,8.731,12,0,0,0,0,0,normal
0,2,0,200,3.598,2,0,1,0,0,4,debug_access
0,3,0,200,21.398,0,0,0,0,0,0,normal
2,1,1,200,81.944,6,0,0,0,0,0,normal
2,4,1,422,1.391,5,0,0,1,0,0,normal
1,4,1,200,389.779,6,0,0,0,0,0,normal
3,3,1,201,42.887,3,0,0,0,0,0,normal
1,2,0,200,23.014,16,0,0,1,0,2,jwt_bypass
0,2,1,200,107.037,15,0,0,0,0,0,normal
3,3,1,422,155.402,9,0,0,1,0,0,normal
3,1,0,200,77.943,8,0,0,0,0,0,normal
0,3,1,403,71.313,13,0,0,0,1,1,bola
0,1,1,200,79.456,19,0,0,0,0,0,normal
0,1,0,201,160.179,22,0,0,0,0,0,normal
0,1,1,200,15.524,0,0,0,0,0,0,normal
0,3,1,500,58.841,16,0,0,1,0,5,sql_injection
1,3,1,200,23.893,0,0,0,0,0,0,normal
1,2,0,200,19.431,13,0,0,1,0,6,rate_abuse
0,2,1,200,13.768,17,0,0,0,0,0,normal
3,1,0,404,73.799,17,0,0,1,0,0,normal
0,2,1,404,189.178,21,0,0,1,0,0,normal
1,2,0,401,12.495,16,0,0,1,0,6,rate_abuse
0,1,0,200,78.29,5,0,0,0,0,0,normal
0,2,0,422,101.858,8,0,0,1,0,0,normal
0,2,0,404,7.277,3,0,1,0,0,4,debug_access
0,8,1,404,2.584,19,0,0,1,0,7,path_traversal
1,3,1,200,0.178,8,0,0,0,0,0,normal
0,3,1,200,9.917,18,0,0,0,1,1,bola
0,2,0,403,52.103,15,1,0,1,0,3,admin_access
0,2,1,200,67.02,19,0,0,0,1,1,bola
2,4,1,200,53.244,2,0,0,0,0,0,normal
0,3,1,200,204.365,1,0,0,0,0,0,normal
0,2,0,401,114.47,19,1,0,1,0,3,admin_access
0,1,0,400,24.623,19,0,0,1,0,5,sql_injection
0,3,0,400,112.129,5,0,0,1,0,5,sql_injection
1,3,0,400,56.803,9,0,0,1,0,5,sql_injection
0,2,0,404,0.847,12,0,1,0,0,4,debug_access
0,2,0,404,34.083,6,0,1,0,0,4,debug_access
0,2,1,200,3.301,0,0,0,0,0,0,normal
0,2,1,200,74.953,16,1,0,1,0,3,admin_access
1,2,0,422,23.725,14,0,0,1,0,0,normal
0,2,1,200,211.29,23,0,0,0,1,1,bola
1,1,1,200,4.146,23,0,0,0,0,0,normal
0,2,0,200,153.223,10,0,0,0,0,0,normal
1,3,0,400,94.108,18,0,0,1,0,5,sql_injection
4,3,1,204,77.264,16,0,0,0,0,0,normal
0,3,1,200,113.838,23,0,0,0,1,1,bola
0,1,1,200,188.312,6,0,0,0,0,0,normal
1,2,0,200,31.857,14,0,0,1,0,6,rate_abuse
0,2,1,401,49.504,11,1,0,1,0,3,admin_access
0,3,1,422,127.339,3,0,0,1,0,0,normal
0,1,1,200,91.873,10,0,0,0,0,0,normal
1,2,0,401,81.816,3,0,0,1,0,2,jwt_bypass
0,4,1,204,246.699,14,0,0,0,0,0,normal
0,4,1,200,17.154,18,0,0,0,0,0,normal
0,2,1,200,62.282,8,1,0,1,0,3,admin_access
0,1,1,200,45.62,12,0,0,0,0,0,normal
1,2,0,400,109.015,22,0,0,1,0,5,sql_injection
0,2,0,403,61.385,13,1,0,1,0,3,admin_access
1,4,0,200,27.334,18,0,0,0,0,0,normal
1,2,0,429,11.23,23,0,0,1,0,6,rate_abuse
0,7,1,400,54.169,18,0,0,1,0,7,path_traversal
3,3,0,200,7.495,10,0,0,0,0,0,normal
0,1,1,422,165.499,12,0,0,1,0,0,normal
0,2,0,404,12.035,15,0,1,0,0,4,debug_access
0,2,1,403,22.25,10,0,0,0,1,1,bola
1,2,0,401,5.645,11,0,0,1,0,6,rate_abuse
0,2,0,200,3.497,3,0,1,0,0,4,debug_access
1,1,0,404,195.619,4,0,0,1,0,0,normal
0,2,1,200,63.705,14,0,0,0,0,0,normal
0,4,1,200,7.24,6,0,0,0,0,0,normal
2,2,0,401,108.575,4,0,0,1,0,0,normal
0,2,0,200,54.863,20,0,1,0,0,4,debug_access
1,1,1,201,50.98,13,0,0,0,0,0,normal
1,4,1,200,7.123,16,0,0,0,0,0,normal
0,2,0,200,102.542,21,0,0,0,0,0,normal
0,1,1,200,13.393,10,0,0,0,0,0,normal
0,3,1,403,46.395,1,0,0,0,1,1,bola
2,4,1,200,96.757,22,0,0,0,0,0,normal
1,3,1,200,77.891,11,0,0,0,0,0,normal
0,1,0,422,68.359,2,0,0,1,0,0,normal
2,3,1,200,132.777,12,0,0,0,0,0,normal
0,2,0,401,16.075,12,1,0,1,0,3,admin_access
0,4,1,200,53.728,20,0,0,0,0,0,normal
1,2,0,401,27.953,11,0,0,1,0,6,rate_abuse
0,4,1,422,123.139,1,0,0,1,0,0,normal
3,4,0,200,177.468,2,0,0,0,0,0,normal
0,3,1,200,56.91,15,0,0,0,0,0,normal
0,1,1,200,5.324,9,0,0,0,0,0,normal
1,4,1,200,53.981,14,0,0,0,0,0,normal
1,3,0,201,53.137,3,0,0,0,0,0,normal
0,2,1,200,159.289,0,0,0,0,1,1,bola
1,2,0,200,117.252,16,0,0,1,0,2,jwt_bypass
1,2,0,429,25.076,11,0,0,1,0,6,rate_abuse
1,2,0,401,20.133,7,0,0,1,0,6,rate_abuse
1,2,0,200,36.174,21,0,0,1,0,6,rate_abuse
0,2,0,404,24.04,10,0,1,0,0,4,debug_access
0,2,1,200,12.121,20,0,0,0,1,1,bola
0,4,0,201,18.965,7,0,0,0,0,0,normal
0,1,1,400,222.662,6,0,0,1,0,5,sql_injection
0,2,0,200,100.088,13,0,1,0,0,4,debug_access
0,4,0,404,101.536,16,0,0,1,0,0,normal
2,2,0,201,44.803,23,0,0,0,0,0,normal
0,3,1,400,59.085,13,0,0,1,0,5,sql_injection
1,2,0,401,26.177,15,0,0,1,0,2,jwt_bypass
1,2,0,200,96.905,5,0,0,1,0,2,jwt_bypass
0,3,1,200,1.321,3,0,0,0,0,0,normal
1,1,0,200,188.481,12,0,0,0,0,0,normal
0,2,1,422,84.282,8,0,0,1,0,0,normal
3,4,0,200,124.323,17,0,0,0,0,0,normal
4,4,1,200,57.078,11,0,0,0,0,0,normal
1,2,0,429,32.058,8,0,0,1,0,6,rate_abuse
0,2,0,404,51.398,8,0,1,0,0,4,debug_access
0,3,1,400,127.915,4,0,0,1,0,0,normal
1,1,1,500,206.941,15,0,0,1,0,5,sql_injection
0,6,0,404,85.978,21,0,0,1,0,7,path_traversal
0,3,1,200,109.929,7,0,0,0,0,0,normal
1,2,0,429,28.68,11,0,0,1,0,6,rate_abuse
0,2,1,403,238.978,16,0,0,0,1,1,bola
0,2,1,422,167.839,11,0,0,1,0,0,normal
1,1,1,404,129.089,17,0,0,1,0,0,normal
0,1,0,200,18.799,4,0,0,0,0,0,normal
0,1,0,500,100.812,6,0,0,1,0,5,sql_injection
0,2,0,200,123.005,19,0,0,0,0,0,normal
1,2,0,401,52.793,17,0,0,1,0,2,jwt_bypass
3,4,1,200,106.807,6,0,0,0,0,0,normal
3,2,1,200,90.858,21,0,0,0,0,0,normal
0,3,0,200,7.838,16,0,0,0,0,0,normal
1,2,0,429,15.317,1,0,0,1,0,6,rate_abuse
0,2,0,200,134.309,15,0,1,0,0,4,debug_access
3,1,1,200,52.616,9,0,0,0,0,0,normal
2,4,1,200,91.596,2,0,0,0,0,0,normal
1,2,0,401,49.796,10,0,0,1,0,2,jwt_bypass
1,3,1,200,284.924,14,0,0,0,0,0,normal
1,3,1,200,139.649,2,0,0,0,0,0,normal
1,2,0,401,57.676,12,0,0,1,0,2,jwt_bypass
0,4,1,200,31.109,6,0,0,0,0,0,normal
0,2,1,401,285.243,22,1,0,1,0,3,admin_access
0,4,1,200,13.38,18,0,0,0,0,0,normal
0,2,1,200,30.336,20,0,0,0,0,0,normal
0,2,1,200,34.737,2,1,0,1,0,3,admin_access
0,4,1,400,5.73,5,0,0,1,0,0,normal
1,4,1,200,77.543,14,0,0,0,0,0,normal
1,4,1,201,13.299,7,0,0,0,0,0,normal
1,4,1,204,81.334,4,0,0,0,0,0,normal
1,1,1,200,46.262,19,0,0,0,0,0,normal
0,2,1,200,65.839,13,0,0,0,1,1,bola
0,2,1,200,64.655,20,0,0,0,0,0,normal
1,2,0,200,17.642,15,0,0,1,0,6,rate_abuse
0,6,0,404,21.762,5,0,0,1,0,7,path_traversal
1,2,1,400,21.146,11,0,0,1,0,5,sql_injection
1,1,0,200,212.407,9,0,0,1,0,5,sql_injection
0,2,1,200,11.764,2,0,0,0,0,0,normal
0,3,1,200,35.901,8,0,0,0,1,1,bola
0,1,1,200,111.858,3,0,0,0,0,0,normal
0,3,1,200,57.309,10,0,0,0,1,1,bola
0,4,0,422,33.538,1,0,0,1,0,0,normal
0,3,1,403,179.94,16,1,0,1,0,3,admin_access
3,1,1,422,95.038,9,0,0,1,0,0,normal
0,2,0,200,295.887,18,0,1,0,0,4,debug_access
0,2,0,200,159.076,4,0,0,0,0,0,normal
0,3,1,200,16.976,11,0,0,0,1,1,bola
1,1,0,400,21.726,15,0,0,1,0,5,sql_injection
0,3,1,200,138.481,15,1,0,1,0,3,admin_access
1,4,1,200,136.444,11,0,0,0,0,0,normal
0,3,0,403,8.149,21,1,0,1,0,3,admin_access
0,2,0,403,6.921,16,1,0,1,0,3,admin_access
0,4,1,401,41.452,11,0,0,1,0,0,normal
0,2,0,404,37.756,4,0,1,0,0,4,debug_access
4,1,1,200,97.479,17,0,0,0,0,0,normal
0,2,0,200,1.547,17,0,0,0,0,0,normal
3,3,1,401,223.341,9,0,0,1,0,0,normal
0,1,1,200,139.453,1,0,0,0,0,0,normal
1,2,0,429,10.757,6,0,0,1,0,6,rate_abuse
0,3,1,200,16.059,18,0,0,0,0,0,normal
0,2,1,401,84.57,21,0,0,1,0,0,normal
0,6,1,200,104.01,7,0,0,1,0,7,path_traversal
0,3,1,200,59.33,4,0,0,0,0,0,normal
1,2,0,401,18.997,6,0,0,1,0,6,rate_abuse
0,4,0,201,121.675,7,0,0,0,0,0,normal
0,3,1,200,17.747,12,0,0,0,1,1,bola
0,3,1,200,21.177,17,0,0,0,1,1,bola
0,3,1,204,61.964,16,0,0,0,0,0,normal
0,3,1,200,8.299,13,0,0,0,0,0,normal
0,2,1,200,106.442,3,0,0,0,1,1,bola
1,2,0,401,27.377,6,0,0,1,0,6,rate_abuse
0,3,1,403,36.613,12,1,0,1,0,3,admin_access
1,2,0,401,80.639,21,0,0,1,0,2,jwt_bypass
0,3,0,200,52.57,21,0,0,0,0,0,normal
0,1,1,200,16.086,23,0,0,0,0,0,normal
0,2,0,200,60.33,3,0,0,1,0,5,sql_injection
0,3,1,400,48.024,4,0,0,1,0,5,sql_injection
0,4,1,200,11.633,17,0,0,0,0,0,normal
1,2,1,201,150.244,23,0,0,0,0,0,normal
1,2,1,200,9.82,3,0,0,0,0,0,normal
4,2,1,201,91.915,19,0,0,0,0,0,normal
1,4,1,200,43.612,0,0,0,0,0,0,normal
2,2,1,200,406.063,9,0,0,0,0,0,normal
0,2,0,200,42.031,9,0,1,0,0,4,debug_access
1,2,0,200,92.829,12,0,0,1,0,2,jwt_bypass
0,3,1,200,203.438,15,0,0,0,0,0,normal
1,2,0,401,23.3,9,0,0,1,0,6,rate_abuse
0,4,1,200,7.618,21,0,0,0,0,0,normal
0,3,1,200,283.305,19,0,0,0,0,0,normal
2,1,0,200,15.128,21,0,0,0,0,0,normal
0,3,1,403,28.454,4,1,0,1,0,3,admin_access
0,1,1,200,28.503,19,0,0,0,0,0,normal
0,6,1,404,120.814,18,0,0,1,0,7,path_traversal
2,3,1,200,123.093,15,0,0,0,0,0,normal
0,5,1,404,254.262,0,0,0,1,0,7,path_traversal
1,3,0,200,163.953,23,0,0,0,0,0,normal
0,1,1,200,171.449,1,0,0,0,0,0,normal
1,2,0,403,17.257,14,0,0,1,0,2,jwt_bypass
0,2,0,404,9.61,4,0,1,0,0,4,debug_access
2,1,1,404,43.994,13,0,0,1,0,0,normal
0,1,1,200,206.717,11,0,0,0,0,0,normal
0,2,1,422,20.632,6,0,0,1,0,0,normal
0,3,1,201,135.601,2,0,0,0,0,0,normal
0,3,1,200,42.7,8,0,0,0,0,0,normal
1,2,0,401,30.871,8,0,0,1,0,6,rate_abuse
0,3,1,200,89.885,13,0,0,0,1,1,bola
1,2,0,401,106.626,11,0,0,1,0,2,jwt_bypass
0,3,0,401,21.015,17,1,0,1,0,3,admin_access
0,3,1,200,135.174,19,0,0,0,0,0,normal
2,3,0,200,46.473,21,0,0,0,0,0,normal
0,3,0,403,70.192,10,1,0,1,0,3,admin_access
1,4,0,200,168.391,21,0,0,0,0,0,normal
1,2,0,200,35.018,21,0,0,1,0,2,jwt_bypass
1,3,1,200,27.676,19,0,0,0,0,0,normal
2,4,1,200,17.741,8,0,0,0,0,0,normal
0,1,0,200,2.172,15,0,0,0,0,0,normal
0,2,0,200,44.411,3,0,1,0,0,4,debug_access
1,2,1,200,64.052,3,0,0,0,0,0,normal
0,7,1,200,96.907,4,0,0,1,0,7,path_traversal
0,3,0,200,4.124,4,0,0,0,0,0,normal
0,2,0,404,55.584,9,0,1,0,0,4,debug_access
1,4,0,200,57.289,15,0,0,0,0,0,normal
0,8,1,400,21.064,7,0,0,1,0,7,path_traversal
0,3,1,403,50.187,15,0,0,0,1,1,bola
1,2,0,401,111.067,14,0,0,1,0,2,jwt_bypass
0,3,1,200,156.803,5,0,0,0,0,0,normal
2,3,0,200,68.264,20,0,0,0,0,0,normal
1,1,0,200,52.373,9,0,0,1,0,5,sql_injection
0,7,0,400,105.219,18,0,0,1,0,7,path_traversal
2,2,1,200,55.298,20,0,0,0,0,0,normal
0,4,1,200,31.385,20,0,0,0,0,0,normal
0,1,1,201,138.579,13,0,0,0,0,0,normal
0,2,1,401,142.839,17,0,0,1,0,0,normal
1,2,0,401,24.028,15,0,0,1,0,6,rate_abuse
0,3,1,200,38.646,22,0,0,0,0,0,normal
1,2,0,429,12.83,20,0,0,1,0,6,rate_abuse
1,2,0,429,8.962,21,0,0,1,0,6,rate_abuse
0,1,1,400,91.627,12,0,0,1,0,5,sql_injection
0,1,1,200,179.069,11,0,0,0,0,0,normal
0,1,0,200,1.769,11,0,0,0,0,0,normal
1,3,0,200,45.376,18,0,0,0,0,0,normal
0,3,1,201,145.556,1,0,0,0,0,0,normal
0,2,1,403,60.871,7,0,0,0,1,1,bola
0,4,1,200,24.298,11,0,0,0,0,0,normal
2,4,1,200,180.902,3,0,0,0,0,0,normal
3,1,1,200,36.81,4,0,0,0,0,0,normal
0,3,1,200,59.603,6,0,0,0,0,0,normal
0,3,1,422,46.145,12,0,0,1,0,0,normal
0,2,0,200,132.793,4,0,1,0,0,4,debug_access
0,2,1,401,76.284,5,0,0,1,0,0,normal
1,2,0,400,319.133,17,0,0,1,0,5,sql_injection
0,4,0,200,136.069,23,0,0,0,0,0,normal
0,2,1,200,233.177,21,0,0,0,0,0,normal
0,2,1,200,44.91,22,0,0,0,0,0,normal
0,5,1,404,40.882,22,0,0,1,0,7,path_traversal
0,2,1,201,137.983,19,0,0,0,0,0,normal
4,1,0,204,76.618,23,0,0,0,0,0,normal
1,4,1,200,8.769,6,0,0,0,0,0,normal
1,2,0,400,116.548,11,0,0,1,0,5,sql_injection
0,1,1,400,89.779,6,0,0,1,0,5,sql_injection
1,2,0,429,38.291,21,0,0,1,0,6,rate_abuse
0,2,0,401,66.967,3,0,0,1,0,0,normal
2,4,0,200,143.919,4,0,0,0,0,0,normal
2,3,0,200,58.686,23,0,0,0,0,0,normal
1,2,1,201,2.104,4,0,0,0,0,0,normal
4,3,0,404,62.931,21,0,0,1,0,0,normal
0,2,1,200,147.714,22,0,0,0,0,0,normal
1,2,1,200,64.945,1,0,0,0,0,0,normal
0,2,0,404,56.15,9,0,1,0,0,4,debug_access
1,1,0,500,204.842,22,0,0,1,0,5,sql_injection
0,1,1,200,41.416,0,0,0,0,0,0,normal
0,2,1,200,128.224,11,0,0,0,1,1,bola
0,2,0,401,42.103,20,0,0,1,0,0,normal
2,2,1,200,1.629,13,0,0,0,0,0,normal
2,3,0,400,49.445,14,0,0,1,0,0,normal
1,4,0,200,31.259,1,0,0,0,0,0,normal
0,3,0,200,157.3,13,0,0,0,0,0,normal
0,3,1,403,40.107,7,0,0,0,1,1,bola
1,1,0,200,233.593,19,0,0,0,0,0,normal
0,4,1,200,63.136,16,0,0,0,0,0,normal
2,3,1,200,76.265,13,0,0,0,0,0,normal
3,3,1,200,310.379,22,0,0,0,0,0,normal
0,2,1,200,58.8,11,0,0,0,0,0,normal
0,5,0,404,55.844,17,0,0,1,0,7,path_traversal
0,7,0,404,72.177,4,0,0,1,0,7,path_traversal
1,4,1,200,27.16,18,0,0,0,0,0,normal
0,3,1,200,65.353,19,0,0,0,1,1,bola
0,2,0,200,30.163,9,0,1,0,0,4,debug_access
0,1,1,200,23.326,22,0,0,0,0,0,normal
1,3,1,400,29.231,18,0,0,1,0,0,normal
0,3,1,200,212.568,0,0,0,0,1,1,bola
0,4,0,200,0.221,4,0,0,0,0,0,normal
1,2,0,401,118.631,13,0,0,1,0,2,jwt_bypass
0,2,1,403,270.199,14,1,0,1,0,3,admin_access
0,2,1,401,219.206,16,1,0,1,0,3,admin_access
0,2,0,204,102.102,15,0,0,0,0,0,normal
0,2,1,401,155.805,16,1,0,1,0,3,admin_access
3,3,1,201,19.506,14,0,0,0,0,0,normal
0,2,0,200,122.823,20,0,1,0,0,4,debug_access
0,1,1,200,70.991,7,0,0,0,0,0,normal
0,2,0,200,15.64,14,0,1,0,0,4,debug_access
0,2,1,200,31.389,8,0,0,0,1,1,bola
1,2,0,429,8.335,6,0,0,1,0,6,rate_abuse
0,1,1,200,91.893,23,0,0,0,0,0,normal
0,1,1,204,30.262,8,0,0,0,0,0,normal
0,3,1,200,24.473,4,0,0,0,1,1,bola
0,3,1,200,79.807,11,0,0,0,0,0,normal
1,2,0,403,18.641,13,0,0,1,0,2,jwt_bypass
1,2,0,401,13.125,7,0,0,1,0,6,rate_abuse
0,2,0,404,52.991,8,0,1,0,0,4,debug_access
0,2,1,200,0.406,11,0,0,0,0,0,normal
1,1,0,422,78.372,10,0,0,1,0,0,normal
0,2,1,200,33.637,1,0,0,0,0,0,normal
0,4,1,200,261.214,6,0,0,0,0,0,normal
1,3,1,200,18.37,21,0,0,0,0,0,normal
1,1,0,400,106.188,14,0,0,1,0,5,sql_injection
1,2,0,429,23.804,11,0,0,1,0,6,rate_abuse
0,3,1,200,21.902,14,0,0,0,0,0,normal
1,2,0,200,70.041,7,0,0,1,0,2,jwt_bypass
1,2,0,200,115.752,18,0,0,1,0,2,jwt_bypass
1,3,0,500,163.744,1,0,0,1,0,5,sql_injection
0,1,0,200,60.202,18,0,0,0,0,0,normal
0,2,1,200,193.652,18,0,0,0,0,0,normal
0,3,1,200,29.987,17,0,0,0,0,0,normal
0,2,0,200,11.613,12,0,0,0,0,0,normal
1,2,0,401,94.556,9,0,0,1,0,2,jwt_bypass
0,1,1,200,166.987,6,0,0,0,0,0,normal
0,4,1,200,40.49,8,0,0,0,0,0,normal
0,2,0,404,2.499,18,0,1,0,0,4,debug_access
0,4,1,404,65.694,22,0,0,1,0,7,path_traversal
0,2,0,403,230.781,17,1,0,1,0,3,admin_access
1,3,1,401,77.194,1,0,0,1,0,0,normal
4,3,1,200,15.102,23,0,0,0,0,0,normal
0,1,1,200,125.481,17,0,0,0,0,0,normal
0,3,0,200,39.629,5,0,0,0,0,0,normal
1,1,1,204,415.097,11,0,0,0,0,0,normal
0,4,0,400,200.616,17,0,0,1,0,0,normal
0,4,1,422,324.075,22,0,0,1,0,0,normal
0,4,0,200,61.972,22,0,0,0,0,0,normal
0,1,0,400,37.169,13,0,0,1,0,0,normal
0,3,1,404,77.991,0,0,0,1,0,0,normal
0,3,1,200,66.65,18,0,0,0,0,0,normal
0,1,0,401,96.982,17,0,0,1,0,0,normal
0,3,0,200,41.606,8,0,0,1,0,5,sql_injection
1,2,0,403,33.589,5,0,0,1,0,2,jwt_bypass
2,1,0,200,231.739,17,0,0,0,0,0,normal
0,3,0,200,12.782,23,0,0,0,0,0,normal
0,1,1,200,157.117,12,0,0,0,0,0,normal
1,2,0,200,27.856,4,0,0,1,0,6,rate_abuse
0,3,1,200,168.636,3,0,0,0,0,0,normal
0,2,1,403,67.334,14,0,0,0,1,1,bola
0,3,1,403,47.613,23,0,0,0,1,1,bola
1,4,1,201,50.534,17,0,0,0,0,0,normal
1,2,0,200,109.645,5,0,0,1,0,2,jwt_bypass
2,4,1,201,12.831,0,0,0,0,0,0,normal
0,2,0,401,9.153,12,1,0,1,0,3,admin_access
1,3,1,400,100.225,5,0,0,1,0,5,sql_injection
2,3,1,200,114.157,8,0,0,0,0,0,normal
0,4,1,200,105.583,11,0,0,0,0,0,normal
0,3,1,200,150.899,4,0,0,0,0,0,normal
0,2,1,200,138.583,1,0,0,0,0,0,normal
0,1,1,200,9.43,0,0,0,0,0,0,normal
1,2,0,401,35.59,18,0,0,1,0,2,jwt_bypass
0,2,1,200,14.037,11,0,0,0,1,1,bola
1,2,0,403,114.244,14,0,0,1,0,2,jwt_bypass
1,2,0,403,48.465,2,0,0,1,0,2,jwt_bypass
0,3,0,401,71.826,18,1,0,1,0,3,admin_access
1,3,1,200,136.061,18,0,0,0,0,0,normal
0,2,1,403,16.499,9,0,0,0,1,1,bola
0,2,1,200,22.344,18,0,0,0,0,0,normal
1,4,1,200,86.829,22,0,0,0,0,0,normal
0,4,1,201,128.876,22,0,0,0,0,0,normal
0,3,1,200,86.185,10,0,0,0,0,0,normal
0,3,1,422,416.74,2,0,0,1,0,0,normal
2,1,1,200,92.217,17,0,0,0,0,0,normal
1,2,0,403,75.973,16,0,0,1,0,2,jwt_bypass
0,4,1,200,101.773,11,0,0,0,0,0,normal
0,1,1,201,58.723,23,0,0,0,0,0,normal
0,2,1,200,16.014,19,0,0,0,0,0,normal
4,1,1,204,12.616,11,0,0,0,0,0,normal
0,3,1,403,2.982,12,1,0,1,0,3,admin_access
3,1,1,200,99.666,14,0,0,0,0,0,normal
0,3,0,401,126.712,23,1,0,1,0,3,admin_access
3,3,1,200,21.948,10,0,0,0,0,0,normal
1,2,1,400,3.894,23,0,0,1,0,5,sql_injection
0,1,1,201,350.714,8,0,0,0,0,0,normal
0,4,0,200,55.958,14,0,0,0,0,0,normal
2,4,0,200,33.377,7,0,0,0,0,0,normal
1,3,0,200,244.224,12,0,0,1,0,5,sql_injection
1,2,0,200,95.742,11,0,0,1,0,2,jwt_bypass
0,2,0,200,70.967,9,0,0,1,0,5,sql_injection
0,1,1,400,27.682,4,0,0,1,0,0,normal
2,4,1,400,290.752,19,0,0,1,0,0,normal
0,3,0,200,20.454,18,1,0,1,0,3,admin_access
1,2,0,429,28.708,12,0,0,1,0,6,rate_abuse
1,2,0,401,12.246,23,0,0,1,0,2,jwt_bypass
1,1,0,500,147.44,6,0,0,1,0,5,sql_injection
0,5,1,404,155.302,4,0,0,1,0,7,path_traversal
1,2,0,200,19.876,1,0,0,0,0,0,normal
0,5,1,400,57.826,23,0,0,1,0,7,path_traversal
1,2,0,200,44.366,16,0,0,1,0,2,jwt_bypass
0,4,1,200,63.134,6,0,0,0,0,0,normal
0,2,1,200,25.803,20,0,0,0,1,1,bola
0,2,1,200,28.555,17,0,0,0,1,1,bola
0,3,1,204,230.395,19,0,0,0,0,0,normal
1,2,0,403,65.708,1,0,0,1,0,2,jwt_bypass
0,6,1,404,79.957,11,0,0,1,0,7,path_traversal
0,2,1,200,51.424,23,0,0,0,0,0,normal
4,3,1,404,2.072,0,0,0,1,0,0,normal
0,4,1,400,20.077,13,0,0,1,0,0,normal
0,2,1,404,59.722,15,0,0,1,0,0,normal
1,3,1,200,18.535,6,0,0,0,0,0,normal
1,4,1,200,25.865,4,0,0,0,0,0,normal
1,2,0,401,29.682,11,0,0,1,0,0,normal
0,6,1,404,51.608,8,0,0,1,0,7,path_traversal
0,2,0,200,360.692,0,0,0,0,0,0,normal
0,2,1,200,96.061,8,0,0,0,1,1,bola
0,2,0,404,37.739,8,0,0,1,0,0,normal
0,3,1,200,417.052,9,0,0,0,0,0,normal
0,3,1,200,36.063,14,0,0,0,1,1,bola
0,4,1,200,54.381,19,0,0,0,0,0,normal
1,2,0,429,16.776,15,0,0,1,0,6,rate_abuse
0,2,1,403,25.407,22,0,0,0,1,1,bola
0,2,0,500,7.177,20,0,0,1,0,5,sql_injection
0,3,1,200,59.662,19,0,0,0,1,1,bola
0,2,0,200,10.379,17,0,1,0,0,4,debug_access
1,2,0,429,10.926,20,0,0,1,0,6,rate_abuse
0,2,1,200,14.87,20,0,0,0,0,0,normal
4,2,1,422,16.113,11,0,0,1,0,0,normal
1,1,1,201,106.539,4,0,0,0,0,0,normal
0,2,0,200,4.779,2,0,0,0,0,0,normal
1,1,0,400,20.4,4,0,0,1,0,5,sql_injection
0,3,1,401,24.882,22,0,0,1,0,0,normal
3,3,0,200,15.187,12,0,0,0,0,0,normal
0,3,1,200,119.261,23,0,0,0,1,1,bola
0,3,0,200,116.242,1,1,0,1,0,3,admin_access
1,4,1,200,311.477,15,0,0,0,0,0,normal
0,3,1,200,103.767,19,1,0,1,0,3,admin_access
1,4,1,200,77.985,4,0,0,0,0,0,normal
1,1,0,200,20.942,14,0,0,0,0,0,normal
1,4,1,200,18.191,22,0,0,0,0,0,normal
0,3,0,200,48.04,3,0,0,0,0,0,normal
1,2,1,201,205.558,7,0,0,0,0,0,normal
1,2,0,429,26.347,3,0,0,1,0,6,rate_abuse
1,4,1,200,0.351,5,0,0,0,0,0,normal
0,4,1,200,85.442,18,0,0,0,0,0,normal
0,2,0,404,10.7,22,0,1,0,0,4,debug_access
0,3,1,200,3.958,18,0,0,0,0,0,normal
0,2,1,404,212.572,8,0,0,1,0,0,normal
1,2,1,200,41.759,22,0,0,0,0,0,normal
0,6,1,404,92.849,22,0,0,1,0,7,path_traversal
1,4,1,201,72.905,12,0,0,0,0,0,normal
0,2,1,200,28.718,3,0,0,0,0,0,normal
0,1,0,400,35.534,8,0,0,1,0,5,sql_injection
0,2,0,200,52.251,5,0,1,0,0,4,debug_access
1,2,0,429,27.313,20,0,0,1,0,6,rate_abuse
0,1,0,204,111.076,6,0,0,0,0,0,normal
0,2,1,401,9.762,21,1,0,1,0,3,admin_access
2,4,1,401,15.54,18,0,0,1,0,0,normal
0,2,0,403,18.377,6,1,0,1,0,3,admin_access
3,1,1,422,151.775,20,0,0,1,0,0,normal
1,2,0,200,66.456,13,0,0,1,0,2,jwt_bypass
0,3,1,403,33.105,0,0,0,0,1,1,bola
0,2,1,403,18.391,15,1,0,1,0,3,admin_access
0,3,1,200,3.042,16,0,0,0,0,0,normal
0,4,0,200,23.665,10,0,0,0,0,0,normal
0,4,0,200,115.774,13,0,0,0,0,0,normal
1,1,1,201,76.863,2,0,0,0,0,0,normal
1,3,1,200,8.331,8,0,0,0,0,0,normal
0,4,1,200,0.629,22,0,0,0,0,0,normal
0,3,1,401,47.568,3,1,0,1,0,3,admin_access
2,4,1,422,65.009,9,0,0,1,0,0,normal
0,2,1,200,71.78,23,0,0,0,0,0,normal
0,2,0,200,137.452,15,0,1,0,0,4,debug_access
1,3,1,204,83.139,18,0,0,0,0,0,normal
1,2,0,401,28.033,11,0,0,1,0,6,rate_abuse
1,2,0,429,26.318,0,0,0,1,0,6,rate_abuse
1,1,0,200,366.405,1,0,0,0,0,0,normal
0,4,1,200,17.972,16,0,0,0,0,0,normal
1,2,0,401,113.405,8,0,0,1,0,2,jwt_bypass
0,1,1,400,21.933,23,0,0,1,0,0,normal
0,3,1,200,72.659,10,0,0,0,1,1,bola
1,2,0,403,22.903,2,0,0,1,0,2,jwt_bypass
1,3,1,200,18.273,11,0,0,1,0,5,sql_injection
0,2,0,200,4.801,0,0,1,0,0,4,debug_access
1,2,1,200,77.868,15,0,0,0,0,0,normal
1,2,1,200,123.352,9,0,0,0,0,0,normal
0,1,1,200,55.072,6,0,0,0,0,0,normal
0,6,0,404,44.449,8,0,0,1,0,7,path_traversal
0,4,1,200,48.349,4,0,0,0,0,0,normal
1,3,0,422,7.099,23,0,0,1,0,0,normal
2,3,0,422,20.857,6,0,0,1,0,0,normal
1,2,0,401,37.25,0,0,0,1,0,2,jwt_bypass
0,3,1,200,103.763,7,0,0,0,0,0,normal
0,4,1,200,119.516,13,0,0,0,0,0,normal
0,4,1,204,223.407,6,0,0,0,0,0,normal
1,4,0,200,84.683,21,0,0,0,0,0,normal
0,3,1,404,157.26,16,0,0,1,0,0,normal
0,3,1,200,34.159,16,0,0,0,1,1,bola
0,6,1,200,107.85,21,0,0,1,0,7,path_traversal
0,6,0,404,91.68,13,0,0,1,0,7,path_traversal
2,4,1,200,26.851,10,0,0,0,0,0,normal
1,2,0,401,32.757,4,0,0,1,0,6,rate_abuse
0,5,1,400,20.852,13,0,0,1,0,7,path_traversal
0,1,1,400,275.601,5,0,0,1,0,5,sql_injection
1,1,1,200,66.165,15,0,0,0,0,0,normal
0,2,0,403,18.35,15,1,0,1,0,3,admin_access
0,1,1,200,254.727,15,0,0,0,0,0,normal
0,4,1,200,276.746,4,0,0,0,0,0,normal
1,1,1,200,42.644,7,0,0,0,0,0,normal
1,2,0,200,23.43,18,0,0,1,0,6,rate_abuse
0,3,1,200,144.108,15,0,0,0,0,0,normal
1,4,0,200,17.249,13,0,0,0,0,0,normal
0,1,1,200,54.933,10,0,0,0,0,0,normal
0,3,1,200,118.026,9,0,0,0,0,0,normal
0,2,0,200,6.024,16,0,1,0,0,4,debug_access
1,1,1,200,52.321,16,0,0,0,0,0,normal
0,2,1,403,213.196,5,0,0,0,1,1,bola
3,3,1,201,47.327,7,0,0,0,0,0,normal
1,2,0,403,104.79,12,0,0,1,0,2,jwt_bypass
3,3,1,200,80.984,6,0,0,0,0,0,normal
0,3,1,200,119.097,10,0,0,0,0,0,normal
1,3,0,200,95.318,23,0,0,0,0,0,normal
3,1,1,401,407.218,11,0,0,1,0,0,normal
0,2,0,200,86.32,20,0,0,0,0,0,normal
0,3,1,200,73.009,8,0,0,0,0,0,normal
0,3,1,403,35.76,20,0,0,0,1,1,bola
0,3,0,401,132.249,12,1,0,1,0,3,admin_access
2,3,0,200,458.088,1,0,0,0,0,0,normal
0,1,0,400,77.906,5,0,0,1,0,5,sql_injection
0,3,0,200,5.157,14,1,0,1,0,3,admin_access
0,3,1,404,27.243,12,0,0,1,0,0,normal
0,1,1,200,170.09,3,0,0,0,0,0,normal
0,2,0,200,130.645,16,0,0,0,0,0,normal
1,3,1,200,79.145,18,0,0,0,0,0,normal
1,1,0,500,191.893,3,0,0,1,0,5,sql_injection
0,3,1,400,4.652,16,0,0,1,0,5,sql_injection
0,2,0,200,39.274,22,1,0,1,0,3,admin_access
0,3,1,204,61.771,12,0,0,0,0,0,normal
1,3,1,200,369.928,22,0,0,0,0,0,normal
0,6,0,400,131.369,18,0,0,1,0,7,path_traversal
1,1,0,200,159.473,19,0,0,0,0,0,normal
0,2,1,200,19.145,20,0,0,0,1,1,bola
0,5,0,404,35.043,22,0,0,1,0,7,path_traversal
0,3,1,200,238.837,12,0,0,0,0,0,normal
1,2,0,429,18.497,19,0,0,1,0,6,rate_abuse
1,2,0,200,28.824,1,0,0,1,0,6,rate_abuse
0,4,1,200,70.641,15,0,0,0,0,0,normal
0,3,1,200,48.617,20,0,0,0,0,0,normal
0,3,1,200,3.477,9,0,0,0,0,0,normal
0,4,0,400,12.648,9,0,0,1,0,7,path_traversal
1,2,0,403,70.541,7,0,0,1,0,2,jwt_bypass
0,3,1,200,57.772,17,0,0,0,0,0,normal
3,4,0,404,61.552,2,0,0,1,0,0,normal
0,2,1,401,89.57,20,1,0,1,0,3,admin_access
1,2,1,200,18.951,5,0,0,0,0,0,normal
1,1,0,500,400.343,2,0,0,1,0,5,sql_injection
1,3,1,200,72.948,12,0,0,0,0,0,normal
0,1,1,200,178.433,9,0,0,0,0,0,normal
0,3,1,403,85.397,9,0,0,0,1,1,bola
0,2,0,404,16.614,8,0,1,0,0,4,debug_access
1,1,0,400,103.889,0,0,0,1,0,5,sql_injection
0,2,1,200,88.078,18,0,0,0,0,0,normal
0,2,1,403,49.963,7,0,0,0,1,1,bola
0,3,1,201,195.282,21,0,0,0,0,0,normal
0,1,1,400,69.89,18,0,0,1,0,0,normal
1,3,1,200,32.711,15,0,0,0,0,0,normal
1,3,1,200,2.667,10,0,0,0,0,0,normal
1,2,0,401,93.862,20,0,0,1,0,2,jwt_bypass
0,3,1,200,27.782,19,0,0,0,1,1,bola
0,3,0,200,254.083,23,0,0,0,0,0,normal
3,1,1,200,63.332,2,0,0,0,0,0,normal
0,3,1,403,194.968,13,0,0,0,1,1,bola
0,3,0,403,92.803,8,1,0,1,0,3,admin_access
0,3,1,200,125.439,14,0,0,0,0,0,normal
0,4,1,200,83.07,7,0,0,0,0,0,normal
0,3,1,200,229.409,17,0,0,0,0,0,normal
1,4,1,400,106.765,16,0,0,1,0,0,normal
1,2,0,401,5.562,8,0,0,1,0,6,rate_abuse
0,2,1,200,32.157,17,0,0,0,0,0,normal
0,2,0,200,61.704,19,0,1,0,0,4,debug_access
0,3,1,403,32.615,19,0,0,0,1,1,bola
0,4,1,200,50.18,9,0,0,0,0,0,normal
0,3,1,200,112.239,17,0,0,0,1,1,bola
1,2,0,200,21.528,13,0,0,1,0,2,jwt_bypass
1,2,0,200,126.835,19,0,0,0,0,0,normal
1,3,1,200,45.923,4,0,0,0,0,0,normal
0,4,1,200,0.793,5,0,0,0,0,0,normal
3,1,1,200,55.44,9,0,0,0,0,0,normal
1,1,0,200,261.982,7,0,0,0,0,0,normal
0,3,1,200,6.509,10,0,0,0,0,0,normal
0,3,1,201,129.397,7,0,0,0,0,0,normal
3,2,1,400,208.287,23,0,0,1,0,0,normal
0,6,1,400,66.064,8,0,0,1,0,7,path_traversal
0,3,1,200,24.588,22,0,0,0,0,0,normal
0,2,0,200,79.406,9,0,0,0,0,0,normal
0,3,1,200,48.146,10,0,0,0,0,0,normal
0,1,1,200,103.433,2,0,0,0,0,0,normal
3,3,1,200,296.453,14,0,0,0,0,0,normal
0,2,0,404,90.125,12,0,1,0,0,4,debug_access
0,8,0,200,402.833,6,0,0,1,0,7,path_traversal
0,2,1,400,67.536,22,0,0,1,0,0,normal
1,1,1,200,90.58,12,0,0,0,0,0,normal
0,3,1,200,35.955,7,0,0,0,1,1,bola
0,1,1,404,25.233,4,0,0,1,0,0,normal
1,4,1,201,35.823,11,0,0,0,0,0,normal
3,1,0,404,85.492,8,0,0,1,0,0,normal
0,3,1,403,64.106,22,1,0,1,0,3,admin_access
0,3,1,200,211.817,9,0,0,0,0,0,normal
0,8,0,200,42.494,16,0,0,1,0,7,path_traversal
0,2,1,200,4.897,1,0,0,0,1,1,bola
0,1,1,200,56.954,3,0,0,0,0,0,normal
0,3,1,200,59.799,23,0,0,0,1,1,bola
1,3,0,200,120.641,15,0,0,0,0,0,normal
0,3,1,200,12.191,1,0,0,0,0,0,normal
0,2,1,401,39.029,9,1,0,1,0,3,admin_access
1,1,1,200,20.005,11,0,0,0,0,0,normal
0,1,1,201,67.911,13,0,0,0,0,0,normal
1,3,1,200,299.24,12,0,0,0,0,0,normal
0,2,1,200,142.124,14,0,0,0,1,1,bola
0,4,0,200,96.102,3,0,0,0,0,0,normal
0,3,1,200,35.935,7,0,0,0,1,1,bola
0,2,0,200,4.205,23,0,1,0,0,4,debug_access
0,3,0,403,39.717,20,1,0,1,0,3,admin_access
0,2,1,201,170.982,10,0,0,0,0,0,normal
0,2,1,400,97.994,14,0,0,1,0,5,sql_injection
1,2,0,401,38.179,14,0,0,1,0,6,rate_abuse
0,2,1,400,51.663,14,0,0,1,0,0,normal
1,2,1,200,50.227,2,0,0,0,0,0,normal
0,3,1,422,37.567,3,0,0,1,0,0,normal
0,4,1,200,74.27,2,0,0,0,0,0,normal
0,2,0,401,2.951,23,1,0,1,0,3,admin_access
0,3,0,200,39.902,21,0,0,0,0,0,normal
2,4,0,204,70.096,16,0,0,0,0,0,normal
4,4,1,200,4.513,12,0,0,0,0,0,normal
0,2,0,200,36.775,3,0,1,0,0,4,debug_access
1,2,0,429,10.197,17,0,0,1,0,6,rate_abuse
0,2,1,200,40.621,22,0,0,0,1,1,bola
0,1,1,200,124.351,9,0,0,0,0,0,normal
0,1,0,200,355.872,20,0,0,1,0,5,sql_injection
1,2,0,403,46.115,0,0,0,1,0,2,jwt_bypass
1,2,0,429,34.922,0,0,0,1,0,6,rate_abuse
0,1,1,200,30.036,23,0,0,0,0,0,normal
0,4,1,401,30.503,4,0,0,1,0,0,normal
2,1,1,200,162.971,3,0,0,0,0,0,normal
1,2,0,429,11.492,14,0,0,1,0,6,rate_abuse
0,3,1,200,21.523,14,0,0,0,1,1,bola
1,3,0,200,202.669,8,0,0,0,0,0,normal
4,2,1,200,44.961,4,0,0,0,0,0,normal
0,2,0,200,82.029,15,0,0,0,0,0,normal
0,1,1,204,127.55,19,0,0,0,0,0,normal
0,4,1,200,16.311,13,0,0,0,0,0,normal
0,3,1,403,63.734,19,1,0,1,0,3,admin_access
0,2,1,200,32.954,12,0,0,0,0,0,normal
1,1,0,200,0.566,22,0,0,0,0,0,normal
1,4,1,201,258.222,3,0,0,0,0,0,normal
0,3,0,200,20.095,20,1,0,1,0,3,admin_access
1,2,0,200,17.919,5,0,0,1,0,6,rate_abuse
0,3,1,200,18.598,0,0,0,0,0,0,normal
0,7,1,200,217.866,14,0,0,1,0,7,path_traversal
0,2,1,404,15.872,7,0,0,1,0,0,normal
0,3,0,500,114.114,9,0,0,1,0,5,sql_injection
0,4,1,200,34.887,18,0,0,0,0,0,normal
0,2,1,201,179.32,0,0,0,0,0,0,normal
0,4,1,200,13.755,12,0,0,0,0,0,normal
1,4,1,200,114.425,21,0,0,0,0,0,normal
1,1,0,500,222.042,0,0,0,1,0,5,sql_injection
0,4,1,400,73.385,1,0,0,1,0,0,normal
2,1,0,200,351.137,16,0,0,0,0,0,normal
1,2,0,401,95.855,7,0,0,1,0,2,jwt_bypass
0,4,0,200,266.48,10,0,0,0,0,0,normal
4,3,1,200,94.19,18,0,0,0,0,0,normal
0,3,1,200,13.648,18,0,0,0,0,0,normal
0,2,1,200,104.996,9,0,0,0,0,0,normal
2,3,0,400,150.455,22,0,0,1,0,0,normal
1,2,0,200,30.628,21,0,0,1,0,2,jwt_bypass
0,4,0,400,4.839,18,0,0,1,0,7,path_traversal
0,2,1,200,67.709,14,0,0,0,0,0,normal
4,3,1,200,33.046,9,0,0,0,0,0,normal
0,1,0,200,194.595,5,0,0,0,0,0,normal
1,3,1,404,8.878,6,0,0,1,0,0,normal
0,4,1,200,246.924,2,0,0,0,0,0,normal
3,4,1,200,73.084,23,0,0,0,0,0,normal
0,2,1,200,35.543,12,0,0,0,0,0,normal
1,1,0,200,33.908,1,0,0,0,0,0,normal
2,3,1,200,51.678,14,0,0,0,0,0,normal
2,1,1,200,273.452,11,0,0,0,0,0,normal
0,5,1,400,65.282,21,0,0,1,0,7,path_traversal
1,2,1,200,33.927,1,0,0,0,0,0,normal
0,4,0,204,63.63,16,0,0,0,0,0,normal
0,2,1,200,483.619,16,0,0,0,0,0,normal
4,1,1,200,12.105,21,0,0,0,0,0,normal
1,3,0,422,34.858,18,0,0,1,0,0,normal
0,3,0,200,73.185,10,0,0,0,0,0,normal
0,2,1,200,240.585,1,0,0,0,1,1,bola
1,2,0,200,39.879,0,0,0,1,0,6,rate_abuse
1,2,0,401,88.658,14,0,0,1,0,2,jwt_bypass
0,4,0,404,244.561,23,0,0,1,0,7,path_traversal
0,2,0,404,78.167,18,0,1,0,0,4,debug_access
0,3,1,200,78.206,15,0,0,0,1,1,bola
0,7,0,400,207.491,16,0,0,1,0,7,path_traversal
0,6,1,200,175.52,12,0,0,1,0,7,path_traversal
0,6,0,404,165.439,1,0,0,1,0,7,path_traversal
2,3,1,201,184.274,0,0,0,0,0,0,normal
0,4,1,201,289.801,21,0,0,0,0,0,normal
0,1,0,200,95.223,7,0,0,0,0,0,normal
0,3,1,200,2.216,14,0,0,0,1,1,bola
0,2,0,404,40.114,8,0,1,0,0,4,debug_access
0,4,0,200,329.974,10,0,0,0,0,0,normal
0,4,0,200,2.026,10,0,0,0,0,0,normal
1,2,0,200,649.874,5,0,0,1,0,5,sql_injection
1,2,0,401,56.256,3,0,0,1,0,2,jwt_bypass
2,2,0,200,210.036,7,0,0,0,0,0,normal
1,2,0,429,26.465,15,0,0,1,0,6,rate_abuse
2,1,1,200,153.427,3,0,0,0,0,0,normal
1,2,0,200,98.811,14,0,0,1,0,2,jwt_bypass
0,4,1,422,16.422,4,0,0,1,0,0,normal
3,4,0,200,4.662,19,0,0,0,0,0,normal
0,2,0,200,15.586,19,0,0,0,0,0,normal
0,2,1,200,13.278,10,0,0,0,0,0,normal
0,5,0,404,23.897,21,0,0,1,0,7,path_traversal
0,4,1,401,18.349,18,0,0,1,0,0,normal
0,2,1,404,39.729,23,0,0,1,0,0,normal
1,2,0,200,16.881,21,0,0,0,0,0,normal
1,4,1,200,7.236,1,0,0,0,0,0,normal
0,2,1,200,23.348,16,0,0,0,0,0,normal
0,2,0,200,75.961,12,0,1,0,0,4,debug_access
2,2,0,200,13.009,21,0,0,0,0,0,normal
0,2,1,200,11.824,8,0,0,0,1,1,bola
0,3,1,404,194.343,15,0,0,1,0,0,normal
0,2,1,204,33.142,15,0,0,0,0,0,normal
0,1,0,400,11.895,3,0,0,1,0,5,sql_injection
3,3,1,400,310.067,17,0,0,1,0,0,normal
0,3,0,200,275.14,20,0,0,0,0,0,normal
1,2,0,403,112.207,0,0,0,1,0,2,jwt_bypass
3,3,1,200,5.324,6,0,0,0,0,0,normal
0,3,0,200,81.247,10,0,0,0,0,0,normal
0,4,1,200,219.998,2,0,0,0,0,0,normal
1,4,1,200,76.331,7,0,0,0,0,0,normal
0,2,1,401,24.252,0,1,0,1,0,3,admin_access
0,1,1,200,56.48,8,0,0,0,0,0,normal
1,2,1,200,214.94,3,0,0,0,0,0,normal
0,2,0,200,118.678,0,0,1,0,0,4,debug_access
0,2,1,200,174.177,17,0,0,0,0,0,normal
0,2,1,404,178.675,13,0,0,1,0,0,normal
0,2,0,200,111.064,1,0,0,0,0,0,normal
0,1,1,200,179.293,22,0,0,0,0,0,normal
0,2,0,404,7.596,2,0,1,0,0,4,debug_access
0,4,0,200,1.646,1,0,0,0,0,0,normal
0,4,1,200,6.641,6,0,0,0,0,0,normal
0,2,0,404,46.219,7,0,1,0,0,4,debug_access
0,3,0,403,54.287,16,1,0,1,0,3,admin_access
0,6,1,404,24.913,8,0,0,1,0,7,path_traversal
0,4,1,200,258.88,11,0,0,0,0,0,normal
0,2,1,200,11.213,3,0,0,0,1,1,bola
1,1,1,200,39.511,0,0,0,0,0,0,normal
2,1,1,200,50.285,5,0,0,0,0,0,normal
1,3,1,201,7.779,10,0,0,0,0,0,normal
0,3,1,422,11.897,0,0,0,1,0,0,normal
0,2,1,401,17.633,20,1,0,1,0,3,admin_access
0,1,1,200,22.114,14,0,0,0,0,0,normal
0,1,0,200,31.973,4,0,0,0,0,0,normal
0,3,0,200,1.079,4,0,0,0,0,0,normal
0,3,0,200,45.51,8,0,0,0,0,0,normal
0,2,0,401,4.496,15,1,0,1,0,3,admin_access
1,2,0,400,142.595,3,0,0,1,0,5,sql_injection
2,3,0,200,65.335,20,0,0,0,0,0,normal
0,1,1,400,32.87,12,0,0,1,0,0,normal
0,8,1,404,38.594,21,0,0,1,0,7,path_traversal
0,3,0,403,79.709,19,1,0,1,0,3,admin_access
1,2,0,401,16.645,20,0,0,1,0,2,jwt_bypass
1,1,1,500,9.439,3,0,0,1,0,5,sql_injection
0,3,1,200,166.23,17,0,0,0,0,0,normal
2,2,1,204,20.22,11,0,0,0,0,0,normal
1,2,0,403,15.706,16,0,0,1,0,2,jwt_bypass
4,2,0,201,33.392,23,0,0,0,0,0,normal
3,4,1,401,72.308,12,0,0,1,0,0,normal
2,3,1,200,154.038,9,0,0,0,0,0,normal
0,2,0,200,33.264,17,0,0,0,0,0,normal
3,4,1,200,0.707,12,0,0,0,0,0,normal
1,2,1,200,34.603,20,0,0,0,0,0,normal
0,2,1,401,16.562,8,1,0,1,0,3,admin_access
0,3,1,200,1.378,8,0,0,0,1,1,bola
1,3,1,200,83.565,3,0,0,0,0,0,normal
0,4,0,200,67.135,22,0,0,0,0,0,normal
1,1,1,201,133.212,22,0,0,0,0,0,normal
0,2,0,200,29.369,4,0,0,0,0,0,normal
0,3,1,401,81.005,11,1,0,1,0,3,admin_access
0,2,0,404,29.216,10,0,1,0,0,4,debug_access
1,2,0,200,27.154,7,0,0,1,0,2,jwt_bypass
0,2,0,404,153.642,17,0,1,0,0,4,debug_access
1,3,1,200,78.603,4,0,0,0,0,0,normal
0,4,0,200,110.355,7,0,0,0,0,0,normal
0,1,1,200,23.687,10,0,0,0,0,0,normal
0,1,1,201,204.861,2,0,0,0,0,0,normal
1,1,0,200,145.503,2,0,0,0,0,0,normal
0,3,1,401,12.614,2,0,0,1,0,0,normal
1,3,1,200,231.358,8,0,0,0,0,0,normal
0,1,1,422,94.077,11,0,0,1,0,0,normal
0,3,1,401,42.921,14,1,0,1,0,3,admin_access
0,1,1,200,73.759,6,0,0,0,0,0,normal
0,1,0,200,46.984,16,0,0,0,0,0,normal
3,1,1,201,131.108,3,0,0,0,0,0,normal
1,1,1,200,123.668,4,0,0,0,0,0,normal
1,4,1,200,93.345,11,0,0,0,0,0,normal
0,2,0,200,103.003,12,0,1,0,0,4,debug_access
3,3,1,200,31.395,2,0,0,0,0,0,normal
1,3,1,404,38.891,10,0,0,1,0,0,normal
1,2,1,200,49.846,15,0,0,0,0,0,normal
0,6,1,400,129.394,21,0,0,1,0,7,path_traversal
3,4,1,200,167.657,8,0,0,0,0,0,normal
2,2,1,200,115.221,5,0,0,0,0,0,normal
0,2,0,200,128.954,3,0,1,0,0,4,debug_access
0,1,1,200,65.092,16,0,0,0,0,0,normal
0,3,1,401,8.426,20,0,0,1,0,0,normal
0,4,1,401,49.198,7,0,0,1,0,0,normal
0,3,1,401,19.134,1,1,0,1,0,3,admin_access
1,2,0,401,26.726,12,0,0,1,0,6,rate_abuse
0,2,1,204,39.174,5,0,0,0,0,0,normal
0,7,1,200,93.243,4,0,0,1,0,7,path_traversal
0,2,1,200,79.985,23,0,0,0,0,0,normal
0,2,0,200,69.856,23,0,1,0,0,4,debug_access
0,2,1,200,51.225,6,0,0,0,0,0,normal
1,4,1,204,13.411,8,0,0,0,0,0,normal
2,4,1,200,131.002,19,0,0,0,0,0,normal
0,1,1,200,16.537,12,0,0,0,0,0,normal
0,4,1,401,1.125,5,0,0,1,0,0,normal
0,2,0,200,15.565,6,0,0,0,0,0,normal
0,3,1,200,119.285,3,0,0,0,0,0,normal
0,2,1,204,77.184,22,0,0,0,0,0,normal
1,2,0,401,17.412,23,0,0,1,0,6,rate_abuse
0,5,0,200,73.699,21,0,0,1,0,7,path_traversal
0,3,1,200,31.318,21,0,0,0,1,1,bola
1,2,0,429,14.318,23,0,0,1,0,6,rate_abuse
1,4,1,200,169.873,2,0,0,0,0,0,normal
0,4,1,200,108.15,18,0,0,0,0,0,normal
0,1,0,404,41.452,13,0,0,1,0,0,normal
1,2,0,429,26.509,21,0,0,1,0,6,rate_abuse
0,1,1,200,45.166,16,0,0,0,0,0,normal
0,2,1,200,103.154,21,0,0,0,1,1,bola
0,2,1,200,256.835,3,0,0,0,0,0,normal
4,2,1,204,8.145,17,0,0,0,0,0,normal
1,2,1,401,147.805,11,0,0,1,0,0,normal
1,2,0,429,8.529,14,0,0,1,0,6,rate_abuse
0,3,1,200,33.681,19,0,0,0,0,0,normal
0,2,1,200,19.424,20,0,0,0,0,0,normal
1,4,1,400,23.124,23,0,0,1,0,0,normal
4,2,1,201,102.897,18,0,0,0,0,0,normal
1,1,1,401,3.454,4,0,0,1,0,0,normal
0,6,1,404,65.485,1,0,0,1,0,7,path_traversal
0,2,1,403,57.952,21,1,0,1,0,3,admin_access
0,3,1,200,63.048,19,0,0,0,0,0,normal
0,3,1,401,22.641,17,0,0,1,0,0,normal
0,3,1,400,426.866,21,0,0,1,0,0,normal
1,1,0,400,47.556,14,0,0,1,0,5,sql_injection
0,3,1,200,89.86,17,0,0,0,0,0,normal
0,7,0,400,2.086,5,0,0,1,0,7,path_traversal
2,2,1,200,68.65,19,0,0,0,0,0,normal
1,2,0,401,108.557,14,0,0,1,0,2,jwt_bypass
0,4,1,400,47.443,12,0,0,1,0,0,normal
0,5,0,200,214.825,0,0,0,1,0,7,path_traversal
1,2,0,401,73.443,2,0,0,1,0,2,jwt_bypass
1,4,1,201,35.837,4,0,0,0,0,0,normal
1,2,0,429,10.3,22,0,0,1,0,6,rate_abuse
0,1,0,404,11.517,1,0,0,1,0,0,normal
0,3,1,401,19.149,19,1,0,1,0,3,admin_access
2,4,1,200,59.295,19,0,0,0,0,0,normal
0,2,1,200,46.551,17,0,0,0,1,1,bola
2,2,1,200,43.913,5,0,0,0,0,0,normal
1,2,0,204,76.157,8,0,0,0,0,0,normal
0,2,1,201,17.029,0,0,0,0,0,0,normal
1,3,0,200,47.876,16,0,0,0,0,0,normal
0,3,1,200,156.682,17,0,0,0,1,1,bola
0,3,0,401,183.979,14,0,0,1,0,0,normal
3,2,1,200,61.095,23,0,0,0,0,0,normal
3,1,1,400,33.58,18,0,0,1,0,0,normal
0,2,1,403,16.338,10,1,0,1,0,3,admin_access
1,4,1,200,3.587,10,0,0,0,0,0,normal
1,2,0,200,85.974,1,0,0,1,0,2,jwt_bypass
0,3,1,200,5.009,16,0,0,0,0,0,normal
2,3,1,401,301.847,23,0,0,1,0,0,normal
1,2,0,429,12.885,4,0,0,1,0,6,rate_abuse
0,2,1,200,129.933,13,0,0,0,0,0,normal
0,3,1,200,14.39,18,0,0,0,1,1,bola
0,1,1,500,377.574,9,0,0,1,0,5,sql_injection
2,4,0,201,132.225,5,0,0,0,0,0,normal
0,4,1,404,131.133,5,0,0,1,0,0,normal
1,1,1,200,160.082,9,0,0,0,0,0,normal
0,3,1,204,87.471,2,0,0,0,0,0,normal
0,2,1,400,247.156,21,0,0,1,0,0,normal
0,2,1,200,23.518,4,0,0,0,1,1,bola
0,2,1,200,7.045,20,0,0,0,0,0,normal
0,2,1,200,7.076,9,0,0,0,1,1,bola
3,2,1,200,146.866,21,0,0,0,0,0,normal
1,1,1,200,141.892,23,0,0,1,0,5,sql_injection
0,2,1,400,215.853,0,0,0,1,0,5,sql_injection
0,2,0,200,310.172,0,0,0,0,0,0,normal
0,3,1,200,50.418,10,0,0,0,0,0,normal
1,2,0,403,90.494,12,0,0,1,0,2,jwt_bypass
0,2,1,200,12.37,1,0,0,0,0,0,normal
0,8,0,404,26.594,15,0,0,1,0,7,path_traversal
1,2,1,500,59.39,4,0,0,1,0,5,sql_injection
0,2,1,200,481.284,6,0,0,0,0,0,normal
0,2,1,200,310.371,9,0,0,0,0,0,normal
1,2,0,401,28.432,16,0,0,1,0,6,rate_abuse
1,2,0,429,36.835,1,0,0,1,0,6,rate_abuse
0,3,1,403,64.92,22,0,0,0,1,1,bola
0,2,1,200,43.138,10,0,0,0,0,0,normal
1,2,0,200,48.972,0,0,0,1,0,2,jwt_bypass
0,2,1,200,47.278,8,0,0,0,0,0,normal
0,3,0,200,45.205,5,0,0,0,0,0,normal
0,2,1,200,16.762,4,0,0,0,0,0,normal
0,2,0,200,83.732,22,0,0,0,0,0,normal
0,3,0,500,16.252,8,0,0,1,0,5,sql_injection
1,4,0,200,1.416,2,0,0,0,0,0,normal
1,1,1,200,138.914,17,0,0,0,0,0,normal
1,2,1,400,129.836,1,0,0,1,0,5,sql_injection
1,2,1,200,64.978,7,0,0,0,0,0,normal
0,7,0,200,59.087,21,0,0,1,0,7,path_traversal
0,7,0,404,6.673,9,0,0,1,0,7,path_traversal
1,2,0,401,113.041,19,0,0,1,0,2,jwt_bypass
0,2,0,200,71.822,3,0,0,0,0,0,normal
4,1,0,400,69.985,1,0,0,1,0,0,normal
0,3,0,204,199.76,23,0,0,0,0,0,normal
1,3,1,400,61.838,21,0,0,1,0,5,sql_injection
0,1,0,200,168.682,23,0,0,0,0,0,normal
0,2,1,200,68.945,2,0,0,0,1,1,bola
0,2,0,200,28.865,14,0,1,0,0,4,debug_access
0,1,1,200,66.598,2,0,0,0,0,0,normal
2,1,1,200,87.381,23,0,0,0,0,0,normal
0,4,0,404,33.167,13,0,0,1,0,0,normal
1,3,0,200,111.023,1,0,0,0,0,0,normal
1,2,1,200,187.591,16,0,0,0,0,0,normal
0,4,1,404,23.432,10,0,0,1,0,0,normal
2,1,1,200,132.189,3,0,0,0,0,0,normal
1,2,0,429,24.407,21,0,0,1,0,6,rate_abuse
0,3,1,403,21.772,16,1,0,1,0,3,admin_access
1,2,0,200,67.311,18,0,0,1,0,2,jwt_bypass
0,1,1,200,71.603,23,0,0,0,0,0,normal
0,1,0,201,6.012,22,0,0,0,0,0,normal
1,2,0,401,32.493,11,0,0,1,0,6,rate_abuse
2,2,1,200,7.498,13,0,0,0,0,0,normal
0,3,1,200,13.009,21,0,0,0,0,0,normal
0,1,1,200,9.166,23,0,0,0,0,0,normal
1,2,0,429,32.231,16,0,0,1,0,6,rate_abuse
0,2,0,200,119.909,8,0,0,0,0,0,normal
0,1,1,200,270.839,0,0,0,0,0,0,normal
1,3,1,200,82.236,8,0,0,0,0,0,normal
1,2,0,200,17.658,11,0,0,0,0,0,normal
2,1,1,200,21.539,1,0,0,0,0,0,normal
0,3,1,200,75.705,13,0,0,0,1,1,bola
0,3,0,403,0.796,4,1,0,1,0,3,admin_access
1,2,1,400,48.672,23,0,0,1,0,0,normal
0,3,0,400,61.277,10,0,0,1,0,5,sql_injection
0,3,1,401,669.294,10,1,0,1,0,3,admin_access
1,1,1,200,209.78,23,0,0,0,0,0,normal
1,2,0,200,65.924,23,0,0,1,0,2,jwt_bypass
1,1,1,201,1.146,2,0,0,0,0,0,normal
0,2,1,201,42.487,15,0,0,0,0,0,normal
1,3,1,200,13.841,14,0,0,0,0,0,normal
1,3,0,200,165.921,2,0,0,0,0,0,normal
0,2,0,403,56.47,16,1,0,1,0,3,admin_access
0,8,0,200,44.26,17,0,0,1,0,7,path_traversal
1,2,1,201,120.602,18,0,0,0,0,0,normal
1,3,0,500,91.472,2,0,0,1,0,5,sql_injection
0,3,1,201,72.718,22,0,0,0,0,0,normal
1,2,0,429,33.129,3,0,0,1,0,6,rate_abuse
3,2,1,200,77.217,13,0,0,0,0,0,normal
0,3,0,403,113.807,17,1,0,1,0,3,admin_access
0,3,0,400,213.081,8,0,0,1,0,5,sql_injection
1,2,0,200,89.709,17,0,0,1,0,2,jwt_bypass
0,1,1,200,110.865,20,0,0,0,0,0,normal
0,1,1,200,79.57,16,0,0,0,0,0,normal
0,1,0,200,102.282,8,0,0,0,0,0,normal
0,4,1,200,3.174,12,0,0,0,0,0,normal
1,4,1,200,6.425,4,0,0,0,0,0,normal
1,4,1,200,40.149,22,0,0,0,0,0,normal
1,1,1,200,22.887,17,0,0,0,0,0,normal
2,1,1,401,85.139,14,0,0,1,0,0,normal
1,3,1,400,173.585,9,0,0,1,0,5,sql_injection
0,4,1,201,37.986,10,0,0,0,0,0,normal
1,2,0,401,19.429,8,0,0,1,0,6,rate_abuse
1,2,0,401,14.739,16,0,0,1,0,2,jwt_bypass
0,3,1,200,199.269,17,0,0,0,0,0,normal
1,2,0,401,76.887,21,0,0,1,0,2,jwt_bypass
0,3,1,200,32.517,5,0,0,0,1,1,bola
0,2,0,200,2.382,12,0,0,0,0,0,normal
2,3,1,200,20.945,16,0,0,0,0,0,normal
0,1,1,200,32.72,20,0,0,0,0,0,normal
1,3,1,201,8.133,14,0,0,0,0,0,normal
0,2,1,200,19.803,5,0,0,0,0,0,normal
0,2,0,200,13.987,3,0,0,0,0,0,normal
0,2,1,401,80.045,0,1,0,1,0,3,admin_access
3,4,0,201,97.105,17,0,0,0,0,0,normal
2,4,1,201,49.856,5,0,0,0,0,0,normal
2,2,1,200,28.789,16,0,0,0,0,0,normal
0,2,0,404,19.889,16,0,1,0,0,4,debug_access
0,6,0,404,56.821,12,0,0,1,0,7,path_traversal
0,4,1,404,50.014,15,0,0,1,0,0,normal
0,1,1,200,6.177,23,0,0,0,0,0,normal
0,3,0,400,313.499,9,0,0,1,0,5,sql_injection
1,1,1,200,52.348,17,0,0,0,0,0,normal
3,4,1,200,80.183,5,0,0,0,0,0,normal
0,2,0,404,72.322,20,0,1,0,0,4,debug_access
1,2,0,401,74.477,22,0,0,1,0,2,jwt_bypass
0,3,1,400,54.999,19,0,0,1,0,0,normal
0,2,0,401,118.842,14,1,0,1,0,3,admin_access
0,4,1,404,113.869,1,0,0,1,0,0,normal
0,3,0,200,85.214,3,1,0,1,0,3,admin_access
1,2,0,429,38.804,10,0,0,1,0,6,rate_abuse
1,2,0,429,27.271,6,0,0,1,0,6,rate_abuse
0,2,0,404,43.671,8,0,1,0,0,4,debug_access
1,2,0,403,56.938,14,0,0,1,0,2,jwt_bypass
0,3,1,200,287.713,0,0,0,0,0,0,normal
0,3,1,400,37.956,18,0,0,1,0,0,normal
0,3,1,200,72.466,15,0,0,0,0,0,normal
0,2,0,200,68.366,5,0,1,0,0,4,debug_access
1,3,1,200,33.405,7,0,0,1,0,5,sql_injection
1,3,1,404,19.241,22,0,0,1,0,0,normal
0,2,1,200,70.841,14,0,0,0,0,0,normal
0,2,1,200,61.51,17,0,0,0,0,0,normal
1,2,0,429,34.675,15,0,0,1,0,6,rate_abuse
0,2,0,200,35.798,2,0,0,0,0,0,normal
0,2,1,200,100.093,4,0,0,0,1,1,bola
1,2,1,200,48.768,23,0,0,0,0,0,normal
0,2,1,403,5.946,6,0,0,0,1,1,bola
0,3,1,200,73.136,15,0,0,0,0,0,normal
1,2,0,500,48.434,9,0,0,1,0,5,sql_injection
0,1,1,422,22.972,0,0,0,1,0,0,normal
0,4,0,200,71.176,7,0,0,0,0,0,normal
1,1,0,400,201.902,5,0,0,1,0,5,sql_injection
0,2,0,404,50.205,0,0,1,0,0,4,debug_access
0,2,1,200,173.662,23,0,0,0,1,1,bola
1,2,0,403,90.221,16,0,0,1,0,2,jwt_bypass
4,1,1,401,192.589,3,0,0,1,0,0,normal
3,2,1,201,74.95,8,0,0,0,0,0,normal
1,2,0,200,68.085,18,0,0,0,0,0,normal
1,2,0,429,13.431,21,0,0,1,0,6,rate_abuse
3,1,1,200,23.336,3,0,0,0,0,0,normal
1,2,0,400,9.775,2,0,0,1,0,5,sql_injection
0,2,0,403,3.306,8,1,0,1,0,3,admin_access
2,2,0,200,38.837,3,0,0,0,0,0,normal
0,1,1,200,37.014,9,0,0,0,0,0,normal
1,2,1,401,57.03,22,0,0,1,0,0,normal
0,1,1,200,56.45,23,0,0,0,0,0,normal
0,2,0,200,34.183,16,0,1,0,0,4,debug_access
0,3,0,200,42.514,19,0,0,0,0,0,normal
0,3,0,200,54.303,7,1,0,1,0,3,admin_access
4,3,0,200,21.989,18,0,0,0,0,0,normal
0,3,1,401,2.036,17,0,0,1,0,0,normal
1,2,1,200,103.048,9,0,0,0,0,0,normal
0,3,1,401,21.123,0,0,0,1,0,0,normal
1,2,0,401,54.509,22,0,0,1,0,2,jwt_bypass
0,2,1,200,122.193,4,0,0,0,0,0,normal
0,2,1,404,127.571,10,0,0,1,0,0,normal
1,2,0,429,30.277,3,0,0,1,0,6,rate_abuse
0,2,1,200,2.605,0,0,0,0,0,0,normal
1,2,1,400,291.249,7,0,0,1,0,5,sql_injection
0,3,0,200,151.476,21,0,0,0,0,0,normal
0,2,0,200,101.039,9,0,1,0,0,4,debug_access
4,1,1,200,64.531,23,0,0,0,0,0,normal
0,2,1,400,90.638,19,0,0,1,0,5,sql_injection
1,2,0,401,33.133,19,0,0,1,0,2,jwt_bypass
0,1,0,422,131.232,22,0,0,1,0,0,normal
0,2,1,403,198.644,17,0,0,0,1,1,bola
0,6,0,404,67.137,2,0,0,1,0,7,path_traversal
0,3,1,200,160.82,0,0,0,0,1,1,bola
0,4,1,200,32.862,3,0,0,0,0,0,normal
0,8,0,404,3.915,3,0,0,1,0,7,path_traversal
0,1,1,500,51.341,22,0,0,1,0,5,sql_injection
0,3,1,200,44.251,6,0,0,0,0,0,normal
1,3,1,400,66.118,15,0,0,1,0,5,sql_injection
0,2,0,404,75.444,13,0,1,0,0,4,debug_access
0,3,1,200,3.528,1,0,0,0,0,0,normal
0,2,1,200,33.001,8,0,0,0,0,0,normal
1,2,1,400,352.911,20,0,0,1,0,5,sql_injection
0,1,1,400,209.84,0,0,0,1,0,0,normal
1,2,0,200,62.16,5,0,0,1,0,2,jwt_bypass
0,3,1,200,143.101,13,1,0,1,0,3,admin_access
0,2,1,401,31.711,14,0,0,1,0,0,normal
0,4,1,404,12.713,23,0,0,1,0,0,normal
0,3,1,200,222.512,2,0,0,0,0,0,normal
1,2,0,200,36.762,19,0,0,1,0,6,rate_abuse
0,3,1,200,71.845,17,0,0,0,0,0,normal
3,3,0,201,110.638,13,0,0,0,0,0,normal
3,4,1,200,44.234,19,0,0,0,0,0,normal
0,2,0,200,0.662,4,0,1,0,0,4,debug_access
0,2,1,200,18.053,16,0,0,0,0,0,normal
1,3,1,200,114.487,7,0,0,0,0,0,normal
1,2,0,200,9.541,19,0,0,1,0,6,rate_abuse
1,2,0,403,79.883,3,0,0,1,0,2,jwt_bypass
0,3,1,404,83.263,4,0,0,1,0,0,normal
3,4,1,200,42.717,23,0,0,0,0,0,normal
2,3,1,204,168.538,15,0,0,0,0,0,normal
0,1,1,200,49.894,16,0,0,0,0,0,normal
0,1,1,400,39.764,3,0,0,1,0,0,normal
1,1,1,200,69.345,6,0,0,0,0,0,normal
3,3,1,200,52.383,14,0,0,0,0,0,normal
0,2,1,401,25.13,0,1,0,1,0,3,admin_access
1,2,0,401,68.993,23,0,0,1,0,2,jwt_bypass
0,4,1,401,260.462,0,0,0,1,0,0,normal
1,2,0,429,15.942,12,0,0,1,0,6,rate_abuse
0,2,0,201,111.389,8,0,0,0,0,0,normal
1,2,0,401,38.949,15,0,0,1,0,2,jwt_bypass
0,4,1,204,2.203,12,0,0,0,0,0,normal
0,3,1,200,5.316,11,1,0,1,0,3,admin_access
1,3,0,500,221.305,6,0,0,1,0,5,sql_injection
3,2,1,200,32.033,16,0,0,0,0,0,normal
1,2,0,401,100.386,12,0,0,1,0,2,jwt_bypass
1,2,0,401,113.096,11,0,0,1,0,2,jwt_bypass
3,2,1,401,60.872,15,0,0,1,0,0,normal
0,2,1,200,52.794,15,0,0,0,0,0,normal
0,2,0,404,42.581,3,0,1,0,0,4,debug_access
0,2,1,200,67.725,22,0,0,0,1,1,bola
1,2,1,204,88.04,14,0,0,0,0,0,normal
3,4,0,200,251.855,5,0,0,0,0,0,normal
1,2,0,401,109.995,18,0,0,1,0,2,jwt_bypass
1,2,0,401,8.422,14,0,0,1,0,6,rate_abuse
0,2,1,200,170.237,10,0,0,0,0,0,normal
0,8,1,400,1.951,14,0,0,1,0,7,path_traversal
1,3,0,400,87.55,16,0,0,1,0,5,sql_injection
1,3,0,201,24.925,13,0,0,0,0,0,normal
0,3,1,200,14.806,8,1,0,1,0,3,admin_access
0,2,0,200,373.497,7,0,1,0,0,4,debug_access
0,4,1,200,77.524,5,0,0,0,0,0,normal
2,4,1,200,99.586,0,0,0,0,0,0,normal
1,1,1,200,19.666,5,0,0,0,0,0,normal
2,2,1,200,28.321,18,0,0,0,0,0,normal
0,1,1,422,14.928,22,0,0,1,0,0,normal
0,2,0,200,3.082,10,0,1,0,0,4,debug_access
1,2,0,401,13.259,2,0,0,1,0,6,rate_abuse
0,1,1,401,160.966,22,0,0,1,0,0,normal
1,4,1,200,78.547,6,0,0,0,0,0,normal
1,2,0,200,29.11,13,0,0,0,0,0,normal
1,4,1,200,81.119,11,0,0,0,0,0,normal
0,2,1,200,22.671,4,1,0,1,0,3,admin_access
1,2,0,401,103.251,10,0,0,1,0,2,jwt_bypass
0,2,1,200,28.279,8,0,0,0,0,0,normal
0,2,0,200,119.799,12,0,0,0,0,0,normal
1,2,0,429,18.362,6,0,0,1,0,6,rate_abuse
1,2,0,429,38.094,12,0,0,1,0,6,rate_abuse
1,2,0,200,36.611,17,0,0,1,0,2,jwt_bypass
0,3,1,200,134.993,13,0,0,0,1,1,bola
0,1,1,200,102.066,19,0,0,0,0,0,normal
0,1,0,201,27.307,10,0,0,0,0,0,normal
1,2,0,401,73.606,5,0,0,1,0,2,jwt_bypass
0,3,0,403,95.94,11,1,0,1,0,3,admin_access
0,3,1,400,63.226,19,0,0,1,0,5,sql_injection
1,2,0,429,34.223,2,0,0,1,0,6,rate_abuse
1,1,1,200,208.991,17,0,0,0,0,0,normal
1,3,1,200,173.417,21,0,0,0,0,0,normal
0,3,1,400,36.835,21,0,0,1,0,0,normal
3,2,1,400,28.437,1,0,0,1,0,0,normal
1,2,0,401,39.638,8,0,0,1,0,2,jwt_bypass
0,1,0,200,69.01,1,0,0,0,0,0,normal
3,3,1,200,293.516,18,0,0,0,0,0,normal
1,2,0,429,5.851,10,0,0,1,0,6,rate_abuse
0,3,0,401,41.92,22,1,0,1,0,3,admin_access
2,3,1,200,158.641,0,0,0,0,0,0,normal
0,2,1,200,245.79,17,0,0,0,0,0,normal
1,2,0,200,69.325,7,0,0,0,0,0,normal
0,3,1,200,191.384,17,0,0,0,0,0,normal
0,3,1,200,156.389,13,0,0,0,1,1,bola
3,4,1,200,45.698,9,0,0,0,0,0,normal
4,2,1,204,92.301,0,0,0,0,0,0,normal
0,3,1,200,131.627,17,0,0,0,0,0,normal
0,2,1,200,32.171,21,0,0,0,0,0,normal
1,2,1,201,137.604,8,0,0,0,0,0,normal
1,2,0,429,11.202,5,0,0,1,0,6,rate_abuse
0,3,0,401,4.856,7,1,0,1,0,3,admin_access
0,2,0,401,44.322,1,1,0,1,0,3,admin_access
1,2,0,401,112.488,15,0,0,1,0,2,jwt_bypass
0,3,1,403,248.986,11,0,0,0,1,1,bola
0,2,0,403,67.329,10,1,0,1,0,3,admin_access
0,4,0,200,56.346,2,0,0,0,0,0,normal
0,2,1,404,117.859,2,0,0,1,0,0,normal
0,3,1,200,22.915,19,0,0,0,0,0,normal
0,3,1,200,115.176,23,0,0,0,1,1,bola
0,3,1,200,79.762,11,0,0,0,0,0,normal
0,3,1,200,1.121,14,0,0,0,0,0,normal
1,4,0,422,25.966,6,0,0,1,0,0,normal
2,4,1,404,40.948,20,0,0,1,0,0,normal
0,2,0,403,3.491,19,1,0,1,0,3,admin_access
0,4,1,200,11.045,3,0,0,0,0,0,normal
0,3,0,200,11.291,14,0,0,0,0,0,normal
0,1,0,200,64.23,8,0,0,0,0,0,normal
0,2,1,200,34.617,13,0,0,0,1,1,bola
1,2,0,429,37.226,3,0,0,1,0,6,rate_abuse
1,2,0,403,91.637,21,0,0,1,0,2,jwt_bypass
1,2,0,401,118.64,13,0,0,1,0,2,jwt_bypass
1,2,0,500,106.511,23,0,0,1,0,5,sql_injection
0,3,1,401,5.961,23,0,0,1,0,0,normal
1,4,1,200,49.518,21,0,0,0,0,0,normal
2,3,0,200,43.125,17,0,0,0,0,0,normal
0,4,1,200,17.129,16,0,0,0,0,0,normal
0,3,1,403,200.058,16,0,0,0,1,1,bola
1,1,1,200,135.802,6,0,0,0,0,0,normal
0,2,0,200,24.811,4,0,1,0,0,4,debug_access
0,5,0,404,0.226,8,0,0,1,0,7,path_traversal
1,3,1,200,37.204,11,0,0,0,0,0,normal
1,1,1,200,123.061,7,0,0,0,0,0,normal
0,2,1,403,0.698,12,0,0,0,1,1,bola
0,3,1,200,78.595,17,0,0,0,0,0,normal
1,1,1,404,66.135,7,0,0,1,0,0,normal
1,2,0,401,29.355,11,0,0,1,0,6,rate_abuse
0,3,1,200,113.765,20,0,0,0,1,1,bola
0,2,0,404,141.169,7,0,1,0,0,4,debug_access
0,2,0,204,75.953,9,0,0,0,0,0,normal
1,2,0,401,11.834,6,0,0,1,0,2,jwt_bypass
0,3,0,200,7.456,4,0,0,0,0,0,normal
1,4,0,401,9.052,22,0,0,1,0,0,normal
0,2,1,200,121.988,12,1,0,1,0,3,admin_access
1,1,1,400,1.938,7,0,0,1,0,5,sql_injection
0,4,1,200,52.184,10,0,0,0,0,0,normal
4,2,1,200,263.844,8,0,0,0,0,0,normal
2,1,1,200,158.827,0,0,0,0,0,0,normal
2,1,1,200,302.572,16,0,0,0,0,0,normal
0,2,1,401,44.872,12,1,0,1,0,3,admin_access
0,3,1,403,171.868,23,0,0,0,1,1,bola
1,1,1,500,116.964,1,0,0,1,0,5,sql_injection
0,4,0,200,68.073,13,0,0,0,0,0,normal
0,2,1,200,156.436,8,0,0,0,1,1,bola
1,4,0,200,25.754,18,0,0,0,0,0,normal
1,4,1,200,48.93,8,0,0,0,0,0,normal
0,1,1,200,78.119,1,0,0,0,0,0,normal
3,1,1,200,221.551,23,0,0,0,0,0,normal
0,2,1,201,14.508,14,0,0,0,0,0,normal
0,4,1,401,138.903,1,0,0,1,0,0,normal
0,2,1,200,7.758,9,0,0,0,0,0,normal
1,2,0,401,12.202,0,0,0,1,0,6,rate_abuse
1,3,1,200,38.117,18,0,0,0,0,0,normal
2,2,0,200,245.713,0,0,0,0,0,0,normal
0,1,1,200,43.722,23,0,0,0,0,0,normal
0,3,1,401,7.254,16,1,0,1,0,3,admin_access
0,3,1,200,24.121,16,0,0,0,0,0,normal
0,2,0,200,178.336,10,0,1,0,0,4,debug_access
1,2,0,429,12.67,16,0,0,1,0,6,rate_abuse
1,2,1,200,100.609,14,0,0,0,0,0,normal
1,2,0,200,278.234,11,0,0,0,0,0,normal
2,3,1,422,184.326,16,0,0,1,0,0,normal
0,1,1,200,7.254,3,0,0,0,0,0,normal
0,2,1,204,133.913,11,0,0,0,0,0,normal
0,1,0,200,133.987,1,0,0,0,0,0,normal
1,3,0,400,28.791,11,0,0,1,0,5,sql_injection
0,3,1,200,9.967,12,0,0,0,0,0,normal
0,2,1,200,83.03,10,0,0,0,1,1,bola
4,4,1,401,98.648,9,0,0,1,0,0,normal
3,2,1,422,166.554,16,0,0,1,0,0,normal
0,2,0,200,19.554,7,0,1,0,0,4,debug_access
1,1,1,200,11.015,2,0,0,0,0,0,normal
0,3,0,200,188.023,17,0,0,0,0,0,normal
1,2,0,401,43.703,3,0,0,1,0,2,jwt_bypass
1,2,1,200,0.992,0,0,0,0,0,0,normal
1,2,0,429,31.53,10,0,0,1,0,6,rate_abuse
2,2,1,200,69.481,8,0,0,0,0,0,normal
0,2,1,200,146.035,14,0,0,0,0,0,normal
0,4,0,201,14.068,23,0,0,0,0,0,normal
1,4,1,200,5.494,22,0,0,0,0,0,normal
1,3,1,200,49.654,16,0,0,0,0,0,normal
1,2,0,403,95.285,23,0,0,1,0,2,jwt_bypass
1,2,0,200,16.877,23,0,0,1,0,2,jwt_bypass
1,2,0,401,33.714,1,0,0,1,0,2,jwt_bypass
1,3,0,200,0.528,19,0,0,0,0,0,normal
0,1,1,404,74.941,5,0,0,1,0,0,normal
0,3,1,200,54.011,2,0,0,0,1,1,bola
3,4,0,204,17.382,2,0,0,0,0,0,normal
0,3,1,401,21.427,13,1,0,1,0,3,admin_access
0,3,0,400,91.435,6,0,0,1,0,5,sql_injection
0,3,1,200,295.794,23,0,0,0,0,0,normal
0,3,0,200,3.387,11,0,0,0,0,0,normal
1,2,0,200,5.311,1,0,0,1,0,6,rate_abuse
0,3,0,201,62.779,15,0,0,0,0,0,normal
1,2,0,401,12.525,1,0,0,1,0,6,rate_abuse
1,2,0,200,84.528,14,0,0,1,0,2,jwt_bypass
0,1,0,500,13.889,2,0,0,1,0,5,sql_injection
0,3,1,200,18.902,10,0,0,0,0,0,normal
0,1,1,200,277.851,19,0,0,0,0,0,normal
0,3,1,200,36.559,5,0,0,0,1,1,bola
0,4,1,201,658.241,10,0,0,0,0,0,normal
0,2,0,401,15.83,9,1,0,1,0,3,admin_access
1,3,1,200,64.086,22,0,0,0,0,0,normal
2,2,1,401,326.26,4,0,0,1,0,0,normal
0,2,0,200,167.247,3,0,1,0,0,4,debug_access
0,2,1,200,15.555,23,0,0,0,1,1,bola
0,3,0,401,50.049,12,0,0,1,0,0,normal
3,2,1,200,45.859,21,0,0,0,0,0,normal
0,2,1,200,70.235,14,0,0,0,0,0,normal
0,1,1,201,9.623,22,0,0,0,0,0,normal
1,2,0,429,18.756,12,0,0,1,0,6,rate_abuse
2,3,1,422,73.551,7,0,0,1,0,0,normal
0,2,1,403,76.626,18,0,0,0,1,1,bola
4,3,1,401,3.826,16,0,0,1,0,0,normal
1,3,1,200,93.964,19,0,0,0,0,0,normal
1,2,0,401,14.511,3,0,0,1,0,6,rate_abuse
0,5,0,200,81.142,20,0,0,1,0,7,path_traversal
3,4,1,201,136.93,12,0,0,0,0,0,normal
4,3,1,400,446.384,3,0,0,1,0,0,normal
0,2,1,200,18.42,4,0,0,0,1,1,bola
0,2,1,403,116.981,20,0,0,0,1,1,bola
0,3,1,403,53.153,3,0,0,0,1,1,bola
0,2,1,404,56.723,6,0,0,1,0,0,normal
0,2,1,401,67.24,22,1,0,1,0,3,admin_access
3,1,0,201,92.551,14,0,0,0,0,0,normal
0,1,1,200,121.575,4,0,0,0,0,0,normal
1,2,0,401,107.476,18,0,0,1,0,2,jwt_bypass
0,1,1,200,232.11,16,0,0,0,0,0,normal
0,3,0,200,75.552,3,1,0,1,0,3,admin_access
1,2,0,429,10.186,3,0,0,1,0,6,rate_abuse
0,1,1,200,2.415,3,0,0,0,0,0,normal
0,5,1,404,8.262,9,0,0,1,0,7,path_traversal
0,1,1,200,149.351,2,0,0,0,0,0,normal
0,2,0,404,74.504,13,0,1,0,0,4,debug_access
1,2,0,500,195.131,13,0,0,1,0,5,sql_injection
1,2,0,429,26.203,17,0,0,1,0,6,rate_abuse
0,2,0,200,90.273,11,0,1,0,0,4,debug_access
0,4,1,200,179.808,18,0,0,0,0,0,normal
0,6,1,200,75.857,21,0,0,1,0,7,path_traversal
0,2,1,403,22.546,6,0,0,0,1,1,bola
0,2,0,200,73.593,3,0,1,0,0,4,debug_access
0,3,1,403,7.423,4,0,0,0,1,1,bola
1,2,1,200,69.204,10,0,0,0,0,0,normal
0,1,0,404,235.937,13,0,0,1,0,0,normal
0,3,1,500,193.074,8,0,0,1,0,5,sql_injection
2,1,1,200,157.708,19,0,0,0,0,0,normal
1,2,1,200,41.498,23,0,0,0,0,0,normal
3,3,1,200,38.26,15,0,0,0,0,0,normal
0,2,0,200,40.529,20,0,0,0,0,0,normal
0,2,1,401,38.864,10,1,0,1,0,3,admin_access
0,2,0,400,101.275,4,0,0,1,0,0,normal
0,7,0,200,81.968,13,0,0,1,0,7,path_traversal
0,3,1,200,37.246,4,0,0,0,0,0,normal
1,1,0,200,75.887,1,0,0,0,0,0,normal
0,4,1,200,238.701,3,0,0,0,0,0,normal
1,3,1,422,43.824,10,0,0,1,0,0,normal
0,8,0,400,133.63,9,0,0,1,0,7,path_traversal
1,2,0,401,26.387,14,0,0,1,0,6,rate_abuse
0,2,0,204,229.092,16,0,0,0,0,0,normal
1,2,0,429,26.351,1,0,0,1,0,6,rate_abuse
1,2,0,429,13.988,19,0,0,1,0,6,rate_abuse
0,1,1,201,41.524,21,0,0,0,0,0,normal
1,4,1,200,67.816,16,0,0,0,0,0,normal
0,2,1,403,76.689,1,1,0,1,0,3,admin_access
0,2,0,200,71.695,13,0,0,0,0,0,normal
1,2,0,429,14.112,21,0,0,1,0,6,rate_abuse
0,4,1,400,28.913,21,0,0,1,0,0,normal
0,4,1,200,58.805,11,0,0,0,0,0,normal
1,2,0,429,34.402,1,0,0,1,0,6,rate_abuse
0,2,1,401,29.43,7,1,0,1,0,3,admin_access
1,2,0,200,76.473,11,0,0,1,0,2,jwt_bypass
1,4,1,200,115.679,12,0,0,0,0,0,normal
0,4,1,204,76.487,17,0,0,0,0,0,normal
0,3,1,200,1.865,0,0,0,0,0,0,normal
4,4,1,422,93.495,21,0,0,1,0,0,normal
1,2,0,429,31.654,13,0,0,1,0,6,rate_abuse
1,2,0,200,13.656,2,0,0,1,0,2,jwt_bypass
1,3,0,400,36.654,19,0,0,1,0,5,sql_injection
1,2,1,200,70.26,15,0,0,0,0,0,normal
1,3,1,400,140.474,20,0,0,1,0,5,sql_injection
0,1,1,404,2.644,7,0,0,1,0,0,normal
1,2,0,401,103.822,18,0,0,1,0,2,jwt_bypass
0,2,0,200,222.243,23,0,0,0,0,0,normal
1,1,0,200,87.036,10,0,0,0,0,0,normal
0,2,0,200,145.604,17,0,1,0,0,4,debug_access
0,3,1,201,87.263,21,0,0,0,0,0,normal
0,2,0,404,36.184,0,0,1,0,0,4,debug_access
0,3,1,204,42.412,2,0,0,0,0,0,normal
0,4,1,404,76.445,4,0,0,1,0,0,normal
0,2,0,404,79.474,14,0,1,0,0,4,debug_access
1,2,1,400,38.824,1,0,0,1,0,0,normal
1,3,0,204,5.101,2,0,0,0,0,0,normal
0,1,1,200,15.207,4,0,0,0,0,0,normal
0,3,0,200,77.072,21,0,0,0,0,0,normal
3,3,1,200,44.368,12,0,0,0,0,0,normal
0,3,1,404,2.139,2,0,0,1,0,0,normal
1,2,0,401,30.847,21,0,0,1,0,6,rate_abuse
0,4,0,200,20.299,15,0,0,0,0,0,normal
0,2,1,400,55.334,19,0,0,1,0,5,sql_injection
2,1,1,200,130.084,7,0,0,0,0,0,normal
0,2,1,403,120.578,20,1,0,1,0,3,admin_access
0,4,1,200,84.089,2,0,0,0,0,0,normal
0,3,0,200,56.795,19,1,0,1,0,3,admin_access
0,2,1,200,71.658,4,0,0,0,0,0,normal
2,1,0,422,10.404,7,0,0,1,0,0,normal
1,4,0,200,15.022,17,0,0,0,0,0,normal
0,1,1,200,54.328,4,0,0,0,0,0,normal
0,3,1,401,127.851,5,0,0,1,0,0,normal
1,4,1,200,27.561,12,0,0,0,0,0,normal
0,1,1,200,94.369,13,0,0,0,0,0,normal
0,5,1,404,114.416,2,0,0,1,0,7,path_traversal
0,3,1,403,19.601,8,1,0,1,0,3,admin_access
0,5,1,400,15.443,3,0,0,1,0,7,path_traversal
0,1,0,204,64.781,15,0,0,0,0,0,normal
1,1,1,200,179.455,5,0,0,0,0,0,normal
0,4,1,201,85.403,22,0,0,0,0,0,normal
1,1,1,200,164.661,16,0,0,0,0,0,normal
1,2,0,401,26.384,14,0,0,1,0,6,rate_abuse
1,3,1,200,1.959,4,0,0,0,0,0,normal
0,2,0,401,96.36,14,0,0,1,0,0,normal
0,1,0,200,8.122,6,0,0,0,0,0,normal
0,6,1,404,90.587,13,0,0,1,0,7,path_traversal
0,4,0,200,30.824,14,0,0,0,0,0,normal
0,7,0,400,335.696,13,0,0,1,0,7,path_traversal
0,2,0,200,110.228,12,0,0,0,0,0,normal
0,3,1,400,328.499,22,0,0,1,0,5,sql_injection
1,1,1,401,65.537,16,0,0,1,0,0,normal
3,1,1,200,229.209,15,0,0,0,0,0,normal
0,1,0,200,12.617,2,0,0,0,0,0,normal
1,2,0,400,252.127,12,0,0,1,0,0,normal
0,2,0,404,19.423,12,0,1,0,0,4,debug_access
0,2,1,201,14.3,3,0,0,0,0,0,normal
0,4,0,201,20.597,12,0,0,0,0,0,normal
0,3,0,400,176.913,5,0,0,1,0,0,normal
0,2,1,403,148.458,22,0,0,0,1,1,bola
0,3,1,200,270.552,6,0,0,0,0,0,normal
2,2,1,204,139.436,21,0,0,0,0,0,normal
1,1,1,200,298.406,12,0,0,0,0,0,normal
0,2,0,500,117.303,22,0,0,1,0,5,sql_injection
2,1,1,400,100.565,23,0,0,1,0,0,normal
0,3,0,200,225.089,14,0,0,0,0,0,normal
0,2,1,401,49.213,10,0,0,1,0,0,normal
2,2,1,201,177.199,19,0,0,0,0,0,normal
0,2,1,200,96.232,16,0,0,0,0,0,normal
1,3,1,400,57.36,5,0,0,1,0,0,normal
0,2,1,400,259.716,2,0,0,1,0,5,sql_injection
0,2,1,403,10.574,17,0,0,0,1,1,bola
1,2,0,200,29.611,18,0,0,1,0,6,rate_abuse
1,1,1,400,10.547,1,0,0,1,0,0,normal
0,1,1,400,221.735,12,0,0,1,0,5,sql_injection
1,2,0,200,10.634,10,0,0,1,0,6,rate_abuse
0,2,1,200,96.931,19,0,0,0,0,0,normal
0,3,1,403,120.238,1,1,0,1,0,3,admin_access
1,2,0,200,696.069,15,0,0,0,0,0,normal
1,2,1,400,0.055,21,0,0,1,0,5,sql_injection
0,1,0,200,28.658,13,0,0,0,0,0,normal
3,1,1,401,292.423,7,0,0,1,0,0,normal
1,2,0,200,30.41,16,0,0,1,0,2,jwt_bypass
0,2,0,200,49.506,11,0,0,0,0,0,normal
1,2,0,200,45.175,3,0,0,1,0,2,jwt_bypass
3,4,0,200,2.462,0,0,0,0,0,0,normal
1,2,0,200,103.176,13,0,0,1,0,2,jwt_bypass
0,2,1,200,3.995,17,0,0,0,1,1,bola
1,3,1,201,118.531,1,0,0,0,0,0,normal
0,1,1,201,4.39,17,0,0,0,0,0,normal
1,3,1,200,91.074,9,0,0,0,0,0,normal
0,4,1,200,11.38,2,0,0,0,0,0,normal
1,3,1,404,59.022,8,0,0,1,0,0,normal
0,1,0,401,153.055,11,0,0,1,0,0,normal
0,3,0,200,73.722,15,0,0,0,0,0,normal
0,3,0,403,54.228,23,1,0,1,0,3,admin_access
1,2,0,401,85.19,20,0,0,1,0,2,jwt_bypass
2,3,1,201,5.311,5,0,0,0,0,0,normal
2,4,0,200,58.575,23,0,0,0,0,0,normal
3,3,0,204,5.191,22,0,0,0,0,0,normal
1,2,0,403,20.386,21,0,0,1,0,2,jwt_bypass
0,3,1,500,108.959,6,0,0,1,0,5,sql_injection
1,2,0,200,47.951,2,0,0,1,0,2,jwt_bypass
0,6,0,400,73.866,13,0,0,1,0,7,path_traversal
3,1,1,200,0.783,0,0,0,0,0,0,normal
2,1,1,200,32.191,17,0,0,0,0,0,normal
0,2,0,200,35.818,3,0,1,0,0,4,debug_access
0,3,0,403,2.51,16,1,0,1,0,3,admin_access
0,3,1,200,28.967,0,0,0,0,0,0,normal
0,2,1,200,26.041,11,0,0,0,0,0,normal
0,2,1,201,167.648,10,0,0,0,0,0,normal
0,3,1,200,3.254,0,0,0,0,0,0,normal
1,2,0,429,34.019,19,0,0,1,0,6,rate_abuse
0,6,1,404,118.029,8,0,0,1,0,7,path_traversal
0,2,1,200,14.099,17,0,0,0,1,1,bola
0,3,0,200,369.627,7,0,0,0,0,0,normal
0,3,0,200,68.584,20,1,0,1,0,3,admin_access
0,4,1,200,179.459,1,0,0,0,0,0,normal
0,2,1,403,69.362,7,0,0,0,1,1,bola
0,2,1,500,213.028,13,0,0,1,0,5,sql_injection
0,4,1,404,94.104,10,0,0,1,0,0,normal
0,2,1,200,6.553,3,0,0,0,0,0,normal
0,2,1,200,20.146,18,0,0,0,0,0,normal
0,2,1,403,31.367,20,1,0,1,0,3,admin_access
4,1,1,200,9.291,2,0,0,0,0,0,normal
0,5,0,200,28.261,10,0,0,1,0,7,path_traversal
1,3,1,200,96.16,6,0,0,0,0,0,normal
1,3,1,401,2.429,22,0,0,1,0,0,normal
0,2,1,200,152.911,8,0,0,0,0,0,normal
1,4,0,200,13.671,23,0,0,0,0,0,normal
0,1,0,200,259.024,13,0,0,0,0,0,normal
0,2,0,403,39.75,21,1,0,1,0,3,admin_access
1,3,1,200,103.573,16,0,0,0,0,0,normal
0,2,1,200,26.725,3,0,0,0,0,0,normal
1,3,1,200,68.992,17,0,0,0,0,0,normal
1,2,0,200,12.753,14,0,0,1,0,6,rate_abuse
0,4,1,200,1.657,9,0,0,0,0,0,normal
1,2,0,401,22.859,8,0,0,1,0,6,rate_abuse
0,2,0,200,104.961,7,0,1,0,0,4,debug_access
1,2,1,200,10.591,9,0,0,0,0,0,normal
0,2,0,200,165.234,10,0,1,0,0,4,debug_access
0,1,1,400,73.192,22,0,0,1,0,0,normal
0,2,0,200,87.538,21,1,0,1,0,3,admin_access
0,3,0,200,52.941,7,0,0,0,0,0,normal
0,2,1,403,35.124,5,0,0,0,1,1,bola
2,4,1,200,1.64,6,0,0,0,0,0,normal
0,2,0,500,94.64,4,0,0,1,0,5,sql_injection
2,4,1,200,92.09,8,0,0,0,0,0,normal
3,3,1,200,33.64,22,0,0,0,0,0,normal
1,4,0,401,42.155,3,0,0,1,0,0,normal
0,3,1,200,16.117,6,0,0,0,1,1,bola
0,3,0,401,64.992,20,1,0,1,0,3,admin_access
1,1,1,200,6.685,10,0,0,0,0,0,normal
1,3,0,200,39.392,20,0,0,0,0,0,normal
1,2,0,200,59.619,22,0,0,1,0,2,jwt_bypass
2,4,1,204,110.365,13,0,0,0,0,0,normal
0,3,0,201,43.295,9,0,0,0,0,0,normal
0,2,1,403,154.39,16,0,0,0,1,1,bola
0,3,1,403,76.609,2,1,0,1,0,3,admin_access
0,3,1,200,175.503,12,0,0,0,1,1,bola
0,3,1,401,14.697,10,0,0,1,0,0,normal
3,2,1,200,19.412,17,0,0,0,0,0,normal
1,2,0,200,96.767,14,0,0,1,0,2,jwt_bypass
1,3,1,200,175.858,13,0,0,0,0,0,normal
2,3,1,200,57.268,21,0,0,0,0,0,normal
1,2,0,429,5.139,13,0,0,1,0,6,rate_abuse
0,2,1,200,18.239,3,0,0,0,0,0,normal
0,3,1,403,199.411,9,0,0,0,1,1,bola
1,2,0,401,36.105,22,0,0,1,0,2,jwt_bypass
1,1,0,404,36.401,18,0,0,1,0,0,normal
0,1,1,200,232.329,14,0,0,0,0,0,normal
0,2,1,403,80.216,11,0,0,0,1,1,bola
1,2,0,200,41.33,4,0,0,1,0,5,sql_injection
0,2,0,200,42.766,18,0,1,0,0,4,debug_access
0,3,1,200,81.1,22,0,0,0,0,0,normal
0,1,1,200,11.13,4,0,0,0,0,0,normal
0,2,0,500,156.699,10,0,0,1,0,5,sql_injection
0,4,1,404,43.784,15,0,0,1,0,0,normal
0,4,0,200,261.857,20,0,0,0,0,0,normal
2,4,1,204,81.582,13,0,0,0,0,0,normal
0,3,1,200,128.656,4,0,0,0,1,1,bola
0,2,0,404,10.718,2,0,1,0,0,4,debug_access
0,3,1,200,28.788,9,0,0,0,0,0,normal
0,3,1,200,28.736,18,0,0,0,0,0,normal
0,1,1,422,75.702,16,0,0,1,0,0,normal
1,2,0,200,231.258,17,0,0,1,0,5,sql_injection
0,1,0,204,4.244,20,0,0,0,0,0,normal
0,2,0,404,4.996,16,0,1,0,0,4,debug_access
0,2,1,200,205.835,22,0,0,0,0,0,normal
1,3,1,200,131.94,12,0,0,0,0,0,normal
0,2,1,404,28.753,6,0,0,1,0,0,normal
1,3,0,400,243.159,5,0,0,1,0,5,sql_injection
1,2,1,400,54.398,4,0,0,1,0,0,normal
0,2,1,200,19.537,10,0,0,0,1,1,bola
1,2,0,404,8.416,9,0,0,1,0,0,normal
1,2,0,200,97.977,5,0,0,1,0,2,jwt_bypass
0,3,0,422,38.46,15,0,0,1,0,0,normal
0,1,0,204,212.968,5,0,0,0,0,0,normal
0,2,0,200,16.054,9,0,1,0,0,4,debug_access
1,3,1,200,89.025,3,0,0,0,0,0,normal
3,2,1,200,3.894,9,0,0,0,0,0,normal
0,1,1,200,16.07,2,0,0,0,0,0,normal
0,3,1,200,26.066,16,0,0,0,0,0,normal
4,2,0,200,11.899,6,0,0,0,0,0,normal
1,2,0,200,10.081,4,0,0,0,0,0,normal
1,2,0,401,81.718,2,0,0,1,0,2,jwt_bypass
1,2,0,429,37.199,5,0,0,1,0,6,rate_abuse
0,4,1,200,0.311,12,0,0,0,0,0,normal
0,2,0,200,40.015,7,0,0,0,0,0,normal
0,7,0,404,73.337,5,0,0,1,0,7,path_traversal
1,2,0,200,107.243,15,0,0,1,0,2,jwt_bypass
1,2,0,429,19.946,15,0,0,1,0,6,rate_abuse
0,4,0,200,126.31,4,0,0,0,0,0,normal
1,2,0,200,48.358,0,0,0,1,0,2,jwt_bypass
0,2,1,403,106.811,10,1,0,1,0,3,admin_access
1,3,1,400,140.296,19,0,0,1,0,0,normal
1,1,0,200,74.811,4,0,0,0,0,0,normal
1,3,1,200,225.36,9,0,0,0,0,0,normal
1,4,1,200,29.981,4,0,0,0,0,0,normal
0,2,1,200,24.299,10,0,0,0,0,0,normal
0,2,0,404,7.728,1,0,1,0,0,4,debug_access
0,3,1,200,83.743,1,0,0,0,0,0,normal
1,4,1,200,7.295,8,0,0,0,0,0,normal
2,4,1,400,588.75,12,0,0,1,0,0,normal
0,3,1,422,2.6,9,0,0,1,0,0,normal
0,3,1,200,347.068,2,0,0,0,1,1,bola
1,4,1,422,73.568,18,0,0,1,0,0,normal
0,2,1,422,298.364,6,0,0,1,0,0,normal
2,4,1,200,3.611,20,0,0,0,0,0,normal
1,2,0,429,22.991,10,0,0,1,0,6,rate_abuse
0,1,0,204,94.793,2,0,0,0,0,0,normal
0,3,1,200,416.575,12,0,0,0,0,0,normal
1,2,0,200,26.877,13,0,0,1,0,6,rate_abuse
2,4,1,200,21.896,14,0,0,0,0,0,normal
0,3,1,200,10.589,2,1,0,1,0,3,admin_access
1,2,1,201,120.822,15,0,0,0,0,0,normal
3,3,1,200,92.996,14,0,0,0,0,0,normal
1,2,0,403,91.43,1,0,0,1,0,2,jwt_bypass
0,3,1,200,40.417,4,0,0,0,1,1,bola
1,3,1,400,178.173,22,0,0,1,0,5,sql_injection
0,1,1,200,41.892,18,0,0,0,0,0,normal
0,3,0,204,111.793,20,0,0,0,0,0,normal
1,3,1,200,231.127,23,0,0,0,0,0,normal
0,3,0,403,14.926,4,1,0,1,0,3,admin_access
0,4,1,201,22.037,0,0,0,0,0,0,normal
0,1,0,204,190.002,0,0,0,0,0,0,normal
0,4,0,200,89.757,4,0,0,0,0,0,normal
0,3,1,200,3.533,14,0,0,0,0,0,normal
0,2,1,403,114.203,2,0,0,0,1,1,bola
0,3,1,403,252.655,10,0,0,0,1,1,bola
1,4,1,201,4.151,2,0,0,0,0,0,normal
0,4,1,200,106.488,16,0,0,0,0,0,normal
0,2,1,401,82.242,23,0,0,1,0,0,normal
2,3,1,422,29.151,10,0,0,1,0,0,normal
1,2,0,200,14.205,17,0,0,1,0,6,rate_abuse
0,4,0,400,183.577,2,0,0,1,0,7,path_traversal
0,2,1,401,74.859,20,1,0,1,0,3,admin_access
0,2,1,401,132.108,12,1,0,1,0,3,admin_access
2,1,1,200,8.345,14,0,0,0,0,0,normal
1,3,1,201,105.33,18,0,0,0,0,0,normal
1,2,1,201,38.881,23,0,0,0,0,0,normal
1,2,0,429,9.573,7,0,0,1,0,6,rate_abuse
0,5,1,400,39.864,7,0,0,1,0,7,path_traversal
1,2,0,429,13.514,3,0,0,1,0,6,rate_abuse
1,1,1,200,65.439,11,0,0,0,0,0,normal
0,4,0,404,67.829,11,0,0,1,0,7,path_traversal
0,3,1,401,56.005,21,1,0,1,0,3,admin_access
0,3,1,404,306.081,4,0,0,1,0,0,normal
0,2,0,200,106.467,11,0,1,0,0,4,debug_access
1,4,1,200,170.991,21,0,0,0,0,0,normal
0,2,1,200,19.794,9,0,0,0,0,0,normal
0,2,1,404,136.587,6,0,0,1,0,0,normal
0,1,1,200,22.653,16,0,0,0,0,0,normal
0,4,1,400,30.52,12,0,0,1,0,7,path_traversal
1,2,0,403,95.914,4,0,0,1,0,2,jwt_bypass
3,3,1,404,114.766,18,0,0,1,0,0,normal
0,2,1,200,41.381,2,0,0,0,0,0,normal
0,1,1,422,38.595,20,0,0,1,0,0,normal
0,2,0,200,9.753,0,0,0,0,0,0,normal
4,1,0,200,58.985,1,0,0,0,0,0,normal
1,2,0,401,20.398,14,0,0,1,0,6,rate_abuse
0,4,1,404,45.003,18,0,0,1,0,0,normal
1,4,0,422,61.55,8,0,0,1,0,0,normal
2,1,0,401,191.031,5,0,0,1,0,0,normal
0,3,0,400,40.418,20,0,0,1,0,0,normal
0,2,0,200,89.526,19,0,0,0,0,0,normal
1,1,0,200,307.887,5,0,0,1,0,5,sql_injection
0,3,0,200,58.47,23,0,0,0,0,0,normal
0,1,1,200,9.591,1,0,0,0,0,0,normal
1,4,0,200,135.852,6,0,0,0,0,0,normal
1,3,1,204,189.599,11,0,0,0,0,0,normal
1,2,0,429,35.303,20,0,0,1,0,6,rate_abuse
2,1,1,200,5.352,20,0,0,0,0,0,normal
0,2,1,422,103.97,14,0,0,1,0,0,normal
1,2,0,401,23.579,17,0,0,1,0,2,jwt_bypass
0,3,0,400,78.893,15,0,0,1,0,5,sql_injection
1,2,0,200,8.256,12,0,0,1,0,6,rate_abuse
1,1,1,200,19.431,2,0,0,0,0,0,normal
1,1,1,200,51.474,21,0,0,0,0,0,normal
0,2,1,200,50.188,3,0,0,0,0,0,normal
0,1,0,200,121.752,20,0,0,0,0,0,normal
1,2,0,429,18.305,23,0,0,1,0,6,rate_abuse
1,2,1,200,24.656,21,0,0,0,0,0,normal
1,2,0,429,38.95,0,0,0,1,0,6,rate_abuse
1,1,1,201,169.62,12,0,0,0,0,0,normal
0,2,0,200,45.747,4,0,1,0,0,4,debug_access
0,4,1,200,5.228,14,0,0,0,0,0,normal
0,2,1,201,21.281,1,0,0,0,0,0,normal
0,1,0,404,53.634,10,0,0,1,0,0,normal
1,3,0,200,4.678,8,0,0,0,0,0,normal
0,1,1,200,0.517,22,0,0,0,0,0,normal
0,1,1,200,31.83,8,0,0,0,0,0,normal
3,4,0,200,0.685,9,0,0,0,0,0,normal
1,2,1,400,165.584,22,0,0,1,0,0,normal
1,4,1,401,165.81,3,0,0,1,0,0,normal
0,2,0,200,143.77,19,0,1,0,0,4,debug_access
0,2,1,403,235.286,12,1,0,1,0,3,admin_access
1,4,1,200,62.992,4,0,0,0,0,0,normal
1,1,1,200,63.106,19,0,0,0,0,0,normal
3,2,1,404,323.427,3,0,0,1,0,0,normal
0,1,1,200,48.937,19,0,0,0,0,0,normal
2,4,1,200,5.255,5,0,0,0,0,0,normal
2,3,1,200,28.948,2,0,0,0,0,0,normal
0,1,0,400,76.712,1,0,0,1,0,5,sql_injection
1,1,1,200,29.671,15,0,0,0,0,0,normal
1,2,0,429,7.067,2,0,0,1,0,6,rate_abuse
2,3,1,200,0.44,5,0,0,0,0,0,normal
0,3,1,200,141.142,8,0,0,0,0,0,normal
0,3,0,404,65.648,23,0,0,1,0,0,normal
0,2,0,401,17.529,14,0,0,1,0,0,normal
1,2,0,429,35.47,6,0,0,1,0,6,rate_abuse
1,2,0,401,92.179,17,0,0,1,0,2,jwt_bypass
1,1,1,201,29.219,13,0,0,0,0,0,normal
0,3,0,201,41.139,3,0,0,0,0,0,normal
1,1,1,200,109.047,16,0,0,0,0,0,normal
0,4,1,200,36.235,15,0,0,0,0,0,normal
0,3,1,204,36.034,17,0,0,0,0,0,normal
1,2,0,429,24.916,11,0,0,1,0,6,rate_abuse
0,2,0,400,88.83,13,0,0,1,0,0,normal
0,2,1,401,253.35,20,1,0,1,0,3,admin_access
0,1,1,200,29.866,12,0,0,0,0,0,normal
1,2,1,404,44.121,10,0,0,1,0,0,normal
0,1,1,200,139.134,17,0,0,1,0,5,sql_injection
0,2,1,400,0.154,23,0,0,1,0,5,sql_injection
2,4,1,200,157.699,16,0,0,0,0,0,normal
0,2,0,200,77.971,0,0,0,0,0,0,normal
0,2,0,200,175.955,13,0,1,0,0,4,debug_access
0,2,0,200,537.127,3,0,0,0,0,0,normal
1,2,0,200,26.551,7,0,0,1,0,6,rate_abuse
0,1,1,200,101.945,10,0,0,0,0,0,normal
0,5,1,404,88.621,21,0,0,1,0,7,path_traversal
0,7,0,400,122.222,22,0,0,1,0,7,path_traversal
3,1,0,200,57.09,10,0,0,0,0,0,normal
0,2,1,200,7.813,1,0,0,0,1,1,bola
0,5,1,400,58.339,7,0,0,1,0,7,path_traversal
0,1,0,400,3.594,16,0,0,1,0,5,sql_injection
1,2,0,400,227.264,13,0,0,1,0,5,sql_injection
0,1,1,400,211.997,13,0,0,1,0,0,normal
1,2,0,401,35.659,7,0,0,1,0,6,rate_abuse
0,3,1,200,5.735,6,0,0,0,0,0,normal
1,3,0,400,55.449,2,0,0,1,0,5,sql_injection
1,1,1,201,1.844,20,0,0,0,0,0,normal
1,2,0,200,29.545,2,0,0,1,0,6,rate_abuse
0,3,1,200,116.478,23,0,0,0,0,0,normal
3,4,1,201,33.981,5,0,0,0,0,0,normal
1,2,0,401,24.789,12,0,0,1,0,2,jwt_bypass
0,3,1,404,27.008,17,0,0,1,0,0,normal
0,3,1,200,2.214,23,0,0,0,0,0,normal
0,2,1,403,103.726,4,0,0,0,1,1,bola
0,4,1,200,13.336,10,0,0,0,0,0,normal
1,2,0,429,7.326,21,0,0,1,0,6,rate_abuse
1,2,0,500,59.491,12,0,0,1,0,5,sql_injection
0,6,0,404,145.45,2,0,0,1,0,7,path_traversal
0,2,0,401,130.966,6,1,0,1,0,3,admin_access
1,3,0,500,121.785,13,0,0,1,0,5,sql_injection
1,2,0,401,5.774,5,0,0,1,0,6,rate_abuse
2,2,1,200,111.468,9,0,0,0,0,0,normal
1,1,1,200,41.328,20,0,0,0,0,0,normal
0,6,0,400,201.478,4,0,0,1,0,7,path_traversal
0,1,1,200,39.426,9,0,0,0,0,0,normal
2,2,1,401,111.589,3,0,0,1,0,0,normal
0,3,0,201,82.852,19,0,0,0,0,0,normal
1,2,0,429,11.289,15,0,0,1,0,6,rate_abuse
0,1,0,500,21.082,3,0,0,1,0,5,sql_injection
0,3,0,401,95.803,8,1,0,1,0,3,admin_access
0,4,1,200,322.744,20,0,0,0,0,0,normal
2,1,1,200,22.816,14,0,0,0,0,0,normal
0,2,0,404,97.6,17,0,1,0,0,4,debug_access
1,1,1,200,38.1,13,0,0,0,0,0,normal
1,2,0,401,11.799,12,0,0,1,0,6,rate_abuse
0,4,1,400,26.775,9,0,0,1,0,7,path_traversal
1,2,0,401,58.274,0,0,0,1,0,2,jwt_bypass
1,4,1,422,75.077,23,0,0,1,0,0,normal
0,4,1,200,97.535,15,0,0,0,0,0,normal
0,2,1,200,20.092,3,0,0,0,0,0,normal
0,4,1,422,142.578,13,0,0,1,0,0,normal
1,2,0,200,17.246,13,0,0,1,0,6,rate_abuse
2,2,1,201,43.607,6,0,0,0,0,0,normal
0,2,1,200,57.33,21,1,0,1,0,3,admin_access
1,4,1,200,101.142,22,0,0,0,0,0,normal
0,3,0,200,109.045,7,0,0,1,0,5,sql_injection
1,1,1,200,44.123,15,0,0,0,0,0,normal
0,2,0,200,192.508,16,0,1,0,0,4,debug_access
0,8,0,400,26.609,9,0,0,1,0,7,path_traversal
0,3,1,400,88.451,22,0,0,1,0,0,normal
0,3,1,200,38.371,15,0,0,0,1,1,bola
1,2,0,401,21.345,23,0,0,1,0,6,rate_abuse
1,2,0,200,18.839,0,0,0,1,0,6,rate_abuse
0,2,0,200,50.689,10,0,0,1,0,5,sql_injection
4,1,1,201,59.182,20,0,0,0,0,0,normal
0,1,1,404,218.079,13,0,0,1,0,0,normal
0,1,1,200,1.179,20,0,0,0,0,0,normal
0,3,1,200,246.027,15,0,0,0,0,0,normal
0,4,0,404,98.615,7,0,0,1,0,7,path_traversal
0,3,1,200,266.356,16,0,0,0,0,0,normal
0,2,0,404,14.124,10,0,1,0,0,4,debug_access
1,2,0,401,28.76,21,0,0,1,0,2,jwt_bypass
0,1,1,200,24.372,16,0,0,0,0,0,normal
1,2,1,200,61.248,19,0,0,0,0,0,normal
1,2,0,401,95.122,17,0,0,1,0,2,jwt_bypass
2,4,1,201,14.916,9,0,0,0,0,0,normal
0,2,1,403,28.601,22,0,0,0,1,1,bola
0,3,1,200,71.238,6,0,0,0,0,0,normal
0,2,1,403,56.539,15,0,0,0,1,1,bola
0,2,0,401,33.361,21,1,0,1,0,3,admin_access
0,4,0,200,179.878,1,0,0,0,0,0,normal
0,2,1,200,21.254,14,0,0,0,0,0,normal
0,1,0,204,65.095,20,0,0,0,0,0,normal
1,3,1,200,59.856,12,0,0,0,0,0,normal
1,2,0,429,10.419,7,0,0,1,0,6,rate_abuse
1,2,0,403,107.513,15,0,0,1,0,2,jwt_bypass
0,4,1,200,54.57,2,0,0,0,0,0,normal
0,3,1,200,110.333,1,0,0,0,0,0,normal
0,4,1,201,133.102,4,0,0,0,0,0,normal
1,1,0,200,62.147,9,0,0,0,0,0,normal
0,1,1,200,185.956,4,0,0,0,0,0,normal
0,3,0,200,125.095,16,0,0,0,0,0,normal
0,4,1,200,47.511,1,0,0,0,0,0,normal
1,1,1,200,155.868,9,0,0,0,0,0,normal
0,2,1,200,29.441,5,0,0,0,1,1,bola
1,3,1,200,53.789,13,0,0,0,0,0,normal
0,8,1,200,67.929,21,0,0,1,0,7,path_traversal
1,2,0,401,96.67,21,0,0,1,0,2,jwt_bypass
1,2,0,200,20.775,4,0,0,1,0,2,jwt_bypass
0,1,0,200,116.279,17,0,0,0,0,0,normal
0,3,1,200,141.897,21,0,0,0,1,1,bola
0,3,1,403,17.552,8,1,0,1,0,3,admin_access
0,2,1,403,35.314,0,0,0,0,1,1,bola
0,3,0,200,188.774,14,0,0,0,0,0,normal
0,1,1,200,24.449,13,0,0,0,0,0,normal
0,1,0,200,92.346,10,0,0,0,0,0,normal
0,2,1,200,44.21,8,0,0,0,0,0,normal
0,2,1,403,39.149,9,1,0,1,0,3,admin_access
0,2,0,200,36.718,18,0,0,0,0,0,normal
1,2,0,429,22.107,14,0,0,1,0,6,rate_abuse
1,1,1,200,58.58,16,0,0,0,0,0,normal
0,1,0,200,245.638,7,0,0,0,0,0,normal
0,4,1,200,168.397,1,0,0,0,0,0,normal
1,2,0,429,16.598,7,0,0,1,0,6,rate_abuse
0,4,1,200,22.403,1,0,0,0,0,0,normal
0,3,1,200,6.738,4,0,0,0,0,0,normal
1,2,0,401,31.46,10,0,0,1,0,6,rate_abuse
0,3,0,200,55.007,6,0,0,0,0,0,normal
1,4,1,200,3.329,21,0,0,0,0,0,normal
1,2,0,403,21.476,4,0,0,1,0,2,jwt_bypass
0,7,1,200,278.184,8,0,0,1,0,7,path_traversal
1,1,1,400,109.238,9,0,0,1,0,5,sql_injection
1,4,1,200,551.877,5,0,0,0,0,0,normal
2,4,1,400,47.609,5,0,0,1,0,0,normal
0,2,0,200,16.137,20,0,1,0,0,4,debug_access
0,2,1,200,88.305,21,0,0,0,0,0,normal
0,3,1,200,78.426,22,0,0,0,0,0,normal
2,1,0,201,109.23,17,0,0,0,0,0,normal
1,2,0,200,84.798,23,0,0,0,0,0,normal
1,2,0,429,16.396,23,0,0,1,0,6,rate_abuse
1,2,1,404,4.863,2,0,0,1,0,0,normal
1,2,0,401,81.401,20,0,0,1,0,2,jwt_bypass
0,3,0,200,2.178,11,0,0,0,0,0,normal
1,2,0,401,5.957,21,0,0,1,0,6,rate_abuse
0,4,1,200,19.032,17,0,0,0,0,0,normal
2,3,1,401,13.084,2,0,0,1,0,0,normal
0,4,1,200,85.1,11,0,0,0,0,0,normal
1,2,0,200,108.565,23,0,0,1,0,2,jwt_bypass
0,4,1,200,2.31,1,0,0,0,0,0,normal
1,3,0,400,36.411,15,0,0,1,0,5,sql_injection
0,1,1,400,3.2,14,0,0,1,0,0,normal
0,4,0,404,23.555,11,0,0,1,0,7,path_traversal
1,4,1,200,82.317,1,0,0,0,0,0,normal
1,2,0,401,66.843,23,0,0,1,0,2,jwt_bypass
0,1,1,400,110.843,22,0,0,1,0,0,normal
0,3,0,403,134.698,14,1,0,1,0,3,admin_access
3,2,1,400,9.577,12,0,0,1,0,0,normal
0,4,1,201,11.473,18,0,0,0,0,0,normal
0,2,1,200,6.833,5,0,0,0,0,0,normal
3,4,1,200,58.199,16,0,0,0,0,0,normal
0,2,0,404,9.477,18,0,0,1,0,0,normal
0,3,0,200,59.206,0,0,0,0,0,0,normal
0,2,1,200,35.721,16,0,0,0,1,1,bola
0,2,1,200,56.655,14,0,0,0,0,0,normal
3,4,0,200,20.962,10,0,0,0,0,0,normal
0,3,1,200,0.724,3,0,0,0,0,0,normal
3,1,1,201,57.567,0,0,0,0,0,0,normal
0,3,0,404,19.103,9,0,0,1,0,0,normal
0,2,1,403,19.593,0,0,0,0,1,1,bola
3,4,1,204,76.917,6,0,0,0,0,0,normal
0,3,0,200,64.711,13,0,0,0,0,0,normal
1,1,1,200,5.947,12,0,0,0,0,0,normal
0,3,1,200,4.236,8,0,0,0,0,0,normal
4,1,1,200,40.828,8,0,0,0,0,0,normal
0,3,1,200,76.45,17,0,0,0,0,0,normal
0,3,0,200,130.462,11,0,0,0,0,0,normal
0,2,0,404,159.031,15,0,1,0,0,4,debug_access
1,3,1,400,227.961,12,0,0,1,0,0,normal
0,1,0,200,28.926,10,0,0,0,0,0,normal
1,1,0,200,6.35,15,0,0,0,0,0,normal
0,1,0,200,78.493,3,0,0,0,0,0,normal
1,1,1,422,158.269,13,0,0,1,0,0,normal
0,1,1,200,161.749,10,0,0,0,0,0,normal
1,2,0,200,22.977,10,0,0,1,0,2,jwt_bypass
1,2,0,403,14.51,17,0,0,1,0,2,jwt_bypass
0,5,0,404,16.006,6,0,0,1,0,7,path_traversal
1,2,0,401,85.966,7,0,0,1,0,2,jwt_bypass
0,5,1,200,141.532,6,0,0,1,0,7,path_traversal
1,1,1,200,9.66,8,0,0,0,0,0,normal
0,2,0,200,3.125,5,0,1,0,0,4,debug_access
0,2,0,404,13.29,7,0,1,0,0,4,debug_access
1,2,0,200,17.018,7,0,0,1,0,6,rate_abuse
0,6,1,404,116.096,22,0,0,1,0,7,path_traversal
2,3,0,200,82.154,19,0,0,0,0,0,normal
1,2,0,429,32.811,22,0,0,1,0,6,rate_abuse
0,3,1,400,140.955,4,0,0,1,0,0,normal
1,3,1,400,30.425,22,0,0,1,0,5,sql_injection
3,4,0,204,68.261,19,0,0,0,0,0,normal
0,3,0,200,39.625,4,1,0,1,0,3,admin_access
0,3,0,401,72.094,10,1,0,1,0,3,admin_access
0,2,0,200,43.871,17,0,0,0,0,0,normal
0,6,0,404,145.637,13,0,0,1,0,7,path_traversal
0,6,1,400,80.684,10,0,0,1,0,7,path_traversal
2,2,0,200,50.533,4,0,0,0,0,0,normal
3,3,0,204,22.745,21,0,0,0,0,0,normal
0,3,1,200,29.42,12,0,0,0,1,1,bola
0,3,1,403,9.254,16,0,0,0,1,1,bola
0,3,1,200,17.327,2,1,0,1,0,3,admin_access
3,4,0,200,8.879,23,0,0,0,0,0,normal
0,4,1,204,132.646,9,0,0,0,0,0,normal
0,5,1,400,58.631,14,0,0,1,0,7,path_traversal
0,2,1,200,194.103,8,0,0,0,1,1,bola
0,2,1,401,15.183,23,1,0,1,0,3,admin_access
0,4,0,200,27.701,23,0,0,0,0,0,normal
1,1,0,201,402.357,13,0,0,0,0,0,normal
1,2,1,200,145.321,1,0,0,0,0,0,normal
1,2,0,200,15.852,12,0,0,1,0,6,rate_abuse
1,4,1,201,7.129,4,0,0,0,0,0,normal
0,4,1,200,43.197,1,0,0,0,0,0,normal
2,1,1,200,202.921,21,0,0,0,0,0,normal
1,2,0,200,89.149,7,0,0,1,0,2,jwt_bypass
1,2,0,401,34.022,14,0,0,1,0,6,rate_abuse
0,4,1,200,152.215,13,0,0,0,0,0,normal
0,2,0,404,34.105,4,0,1,0,0,4,debug_access
1,2,0,403,42.911,7,0,0,1,0,2,jwt_bypass
1,1,1,400,211.564,7,0,0,1,0,5,sql_injection
1,2,0,401,21.019,3,0,0,1,0,6,rate_abuse
1,3,1,404,176.763,18,0,0,1,0,0,normal
4,2,0,200,18.493,21,0,0,0,0,0,normal
0,3,1,200,389.704,4,0,0,0,1,1,bola
0,3,0,403,110.694,18,1,0,1,0,3,admin_access
0,3,1,422,13.291,21,0,0,1,0,0,normal
1,2,0,429,15.47,2,0,0,1,0,6,rate_abuse
1,2,0,401,112.216,23,0,0,1,0,2,jwt_bypass
0,3,1,400,79.464,3,0,0,1,0,5,sql_injection
2,3,1,200,136.618,12,0,0,0,0,0,normal
0,4,1,404,200.923,22,0,0,1,0,0,normal
1,3,1,500,293.678,7,0,0,1,0,5,sql_injection
0,1,0,200,7.48,10,0,0,0,0,0,normal
0,1,0,204,93.756,2,0,0,0,0,0,normal
1,4,1,401,40.857,5,0,0,1,0,0,normal
1,2,0,200,57.583,16,0,0,1,0,2,jwt_bypass
0,4,0,200,107.762,17,0,0,0,0,0,normal
0,2,1,200,15.331,12,0,0,0,1,1,bola
0,3,0,401,60.213,15,1,0,1,0,3,admin_access
0,4,1,200,128.095,8,0,0,0,0,0,normal
2,4,1,200,61.593,16,0,0,0,0,0,normal
0,2,1,200,40.14,19,0,0,0,0,0,normal
0,3,1,401,326.008,4,1,0,1,0,3,admin_access
0,2,1,403,204.613,19,0,0,0,1,1,bola
3,1,0,200,45.354,23,0,0,0,0,0,normal
1,2,0,401,26.763,0,0,0,1,0,6,rate_abuse
0,2,1,401,422.61,13,1,0,1,0,3,admin_access
0,3,0,403,33.085,7,1,0,1,0,3,admin_access
0,2,1,403,51.105,23,0,0,0,1,1,bola
1,2,0,200,115.216,20,0,0,1,0,2,jwt_bypass
0,3,1,200,9.696,20,0,0,0,1,1,bola
0,3,0,200,1.342,8,0,0,0,0,0,normal
1,4,0,200,184.418,5,0,0,0,0,0,normal
3,3,0,200,14.785,2,0,0,0,0,0,normal
0,3,1,400,39.782,8,0,0,1,0,5,sql_injection
1,4,0,200,140.822,0,0,0,0,0,0,normal
0,1,1,200,37.875,1,0,0,0,0,0,normal
0,3,1,422,497.102,13,0,0,1,0,0,normal
0,3,1,401,103.537,16,1,0,1,0,3,admin_access
0,2,1,200,153.478,18,0,0,0,1,1,bola
0,2,1,400,317.386,1,0,0,1,0,0,normal
0,3,1,401,13.989,0,0,0,1,0,0,normal
1,4,1,200,92.322,20,0,0,0,0,0,normal
0,3,1,422,242.835,9,0,0,1,0,0,normal
1,2,0,200,77.205,17,0,0,1,0,2,jwt_bypass
1,2,0,401,44.246,4,0,0,1,0,2,jwt_bypass
1,1,1,200,86.73,3,0,0,0,0,0,normal
0,4,1,204,164.13,14,0,0,0,0,0,normal
0,2,0,401,10.293,17,1,0,1,0,3,admin_access
1,2,1,200,102.259,0,0,0,0,0,0,normal
1,3,1,200,32.47,5,0,0,0,0,0,normal
1,4,0,200,39.27,20,0,0,0,0,0,normal
0,3,1,403,17.493,4,1,0,1,0,3,admin_access
0,3,1,200,54.033,16,0,0,0,0,0,normal
1,2,0,403,101.041,6,0,0,1,0,2,jwt_bypass
1,2,1,400,5.284,2,0,0,1,0,5,sql_injection
0,3,1,200,0.017,7,0,0,0,1,1,bola
1,3,1,200,8.217,18,0,0,0,0,0,normal
1,3,1,400,2.45,10,0,0,1,0,5,sql_injection
1,2,1,200,61.542,6,0,0,0,0,0,normal
0,3,1,403,30.223,8,0,0,0,1,1,bola
0,1,1,200,161.364,7,0,0,0,0,0,normal
0,3,1,200,99.552,14,0,0,0,0,0,normal
0,8,1,404,115.67,8,0,0,1,0,7,path_traversal
1,2,0,401,30.776,21,0,0,1,0,6,rate_abuse
0,1,1,401,141.67,15,0,0,1,0,0,normal
1,4,1,200,108.304,11,0,0,0,0,0,normal
0,3,0,400,39.798,6,0,0,1,0,0,normal
0,1,1,200,54.695,1,0,0,0,0,0,normal
3,1,1,200,197.168,22,0,0,0,0,0,normal
0,1,1,401,84.715,14,0,0,1,0,0,normal
0,4,1,200,91.808,23,0,0,0,0,0,normal
4,3,1,200,146.095,7,0,0,0,0,0,normal
1,2,1,400,55.696,9,0,0,1,0,5,sql_injection
0,3,1,200,28.861,22,1,0,1,0,3,admin_access
0,4,1,200,110.496,1,0,0,0,0,0,normal
1,2,0,429,15.377,18,0,0,1,0,6,rate_abuse
1,2,1,200,0.426,20,0,0,1,0,5,sql_injection
0,2,0,200,138.616,15,0,0,0,0,0,normal
0,2,1,403,120.118,16,0,0,0,1,1,bola
0,2,1,200,68.678,22,0,0,0,0,0,normal
0,3,0,200,23.88,9,0,0,1,0,5,sql_injection
0,3,1,403,116.757,13,1,0,1,0,3,admin_access
0,3,1,200,45.817,19,0,0,0,0,0,normal
1,2,0,401,29.958,14,0,0,1,0,6,rate_abuse
1,2,0,200,25.625,17,0,0,1,0,2,jwt_bypass
0,4,1,200,15.821,7,0,0,0,0,0,normal
0,3,0,200,109.893,20,0,0,0,0,0,normal
0,2,0,200,154.521,2,1,0,1,0,3,admin_access
2,1,0,200,24.486,23,0,0,0,0,0,normal
1,2,0,403,49.596,22,0,0,1,0,2,jwt_bypass
0,4,1,404,19.858,9,0,0,1,0,0,normal
1,1,0,204,43.371,5,0,0,0,0,0,normal
0,2,1,200,90.182,1,0,0,0,0,0,normal
0,3,1,200,31.602,14,0,0,0,1,1,bola
0,2,1,200,25.981,10,0,0,1,0,5,sql_injection
0,1,1,401,18.972,7,0,0,1,0,0,normal
1,1,1,204,99.68,14,0,0,0,0,0,normal
0,2,1,403,56.279,13,0,0,0,1,1,bola
1,2,0,200,11.586,4,0,0,1,0,6,rate_abuse
0,3,1,401,59.235,19,1,0,1,0,3,admin_access
2,1,0,200,97.316,14,0,0,0,0,0,normal
0,3,1,200,87.556,0,0,0,0,1,1,bola
0,2,1,400,11.036,10,0,0,1,0,0,normal
0,2,0,404,24.838,21,0,1,0,0,4,debug_access
1,2,1,200,78.643,8,0,0,0,0,0,normal
0,3,1,200,67.661,14,0,0,0,1,1,bola
0,5,1,404,166.106,10,0,0,1,0,7,path_traversal
1,2,0,401,7.687,20,0,0,1,0,6,rate_abuse
0,2,1,401,184.057,6,0,0,1,0,0,normal
0,4,1,200,57.751,3,0,0,0,0,0,normal
0,2,1,403,124.506,21,0,0,0,1,1,bola
0,3,1,200,57.917,12,0,0,0,0,0,normal
3,2,1,200,24.307,10,0,0,0,0,0,normal
0,3,0,200,23.516,16,0,0,1,0,5,sql_injection
0,2,1,403,155.7,8,0,0,0,1,1,bola
0,1,0,200,68.385,17,0,0,0,0,0,normal
0,8,0,404,192.114,22,0,0,1,0,7,path_traversal
0,4,1,401,42.171,1,0,0,1,0,0,normal
2,2,0,200,52.527,8,0,0,0,0,0,normal
2,1,1,422,72.808,16,0,0,1,0,0,normal
0,2,1,200,97.158,15,0,0,0,0,0,normal
0,4,1,200,131.566,21,0,0,0,0,0,normal
0,2,0,400,14.483,17,0,0,1,0,0,normal
3,1,0,200,81.62,11,0,0,0,0,0,normal
0,1,1,200,29.114,22,0,0,0,0,0,normal
1,2,1,200,137.417,11,0,0,0,0,0,normal
1,1,1,204,41.966,5,0,0,0,0,0,normal
2,2,1,200,117.622,19,0,0,0,0,0,normal
0,3,1,403,33.201,5,0,0,0,1,1,bola
0,3,0,200,12.426,23,0,0,0,0,0,normal
1,2,0,401,31.168,5,0,0,1,0,6,rate_abuse
0,4,1,200,2.585,7,0,0,0,0,0,normal
1,2,0,401,85.512,16,0,0,1,0,2,jwt_bypass
0,1,1,200,35.629,1,0,0,0,0,0,normal
0,2,0,401,57.619,9,0,0,1,0,0,normal
0,6,1,200,18.615,2,0,0,1,0,7,path_traversal
0,3,0,400,58.251,23,0,0,1,0,5,sql_injection
1,2,0,429,34.764,7,0,0,1,0,6,rate_abuse
0,2,0,403,122.864,14,1,0,1,0,3,admin_access
3,3,1,200,78.78,1,0,0,0,0,0,normal
0,1,0,200,19.069,13,0,0,0,0,0,normal
0,2,0,404,69.937,4,0,0,1,0,0,normal
0,6,0,404,135.982,19,0,0,1,0,7,path_traversal
1,2,1,200,59.334,14,0,0,0,0,0,normal
1,4,1,200,59.602,22,0,0,0,0,0,normal
0,4,1,200,9.802,9,0,0,0,0,0,normal
3,4,1,201,48.035,17,0,0,0,0,0,normal
0,4,1,404,43.623,12,0,0,1,0,0,normal
0,5,0,200,47.672,23,0,0,1,0,7,path_traversal
0,2,1,200,206.919,6,0,0,0,0,0,normal
3,1,0,400,27.216,15,0,0,1,0,0,normal
2,3,1,200,1.551,19,0,0,0,0,0,normal
0,2,1,200,51.532,11,0,0,0,1,1,bola
2,4,1,200,15.444,23,0,0,0,0,0,normal
1,2,0,200,108.836,21,0,0,1,0,2,jwt_bypass
0,4,1,401,51.999,14,0,0,1,0,0,normal
4,2,1,401,8.513,3,0,0,1,0,0,normal
0,3,0,400,54.575,16,0,0,1,0,0,normal
1,2,0,429,9.431,17,0,0,1,0,6,rate_abuse
0,3,1,400,75.358,12,0,0,1,0,0,normal
2,1,1,204,20.33,19,0,0,0,0,0,normal
1,4,0,400,68.73,13,0,0,1,0,0,normal
1,2,0,200,34.403,5,0,0,1,0,2,jwt_bypass
1,2,0,200,48.952,20,0,0,0,0,0,normal
1,2,0,429,19.667,5,0,0,1,0,6,rate_abuse
1,1,1,200,96.315,21,0,0,0,0,0,normal
0,4,0,404,105.231,8,0,0,1,0,7,path_traversal
1,1,1,204,129.944,18,0,0,0,0,0,normal
0,1,1,200,12.071,9,0,0,0,0,0,normal
3,3,0,422,10.6,2,0,0,1,0,0,normal
0,4,1,200,48.986,5,0,0,0,0,0,normal
0,1,1,200,282.364,10,0,0,0,0,0,normal
0,2,1,200,69.14,9,0,0,0,1,1,bola
0,1,0,200,169.853,16,0,0,0,0,0,normal
0,1,1,400,550.335,13,0,0,1,0,5,sql_injection
1,1,0,500,34.996,20,0,0,1,0,5,sql_injection
0,3,1,403,74.249,20,0,0,0,1,1,bola
0,2,1,403,164.639,16,0,0,0,1,1,bola
0,3,0,500,316.789,15,0,0,1,0,5,sql_injection
0,6,0,404,23.567,23,0,0,1,0,7,path_traversal
0,1,1,422,274.838,21,0,0,1,0,0,normal
0,3,1,200,4.25,15,0,0,0,1,1,bola
0,3,1,200,63.705,13,0,0,0,1,1,bola
0,1,1,200,9.99,8,0,0,0,0,0,normal
3,4,1,400,48.704,12,0,0,1,0,0,normal
4,1,1,200,105.835,10,0,0,0,0,0,normal
1,2,0,200,16.588,1,0,0,1,0,6,rate_abuse
1,2,0,200,96.365,15,0,0,1,0,2,jwt_bypass
1,1,0,200,23.765,4,0,0,1,0,5,sql_injection
0,2,0,403,105.637,23,1,0,1,0,3,admin_access
0,2,1,201,13.346,4,0,0,0,0,0,normal
0,1,1,200,339.229,12,0,0,0,0,0,normal
0,2,1,200,155.817,15,0,0,0,0,0,normal
1,2,0,401,27.851,13,0,0,1,0,6,rate_abuse
0,2,1,200,0.558,12,0,0,0,0,0,normal
1,2,0,200,32.768,4,0,0,1,0,6,rate_abuse
0,2,0,401,228.136,5,1,0,1,0,3,admin_access
1,1,1,200,152.734,14,0,0,0,0,0,normal
0,3,1,200,73.563,5,0,0,0,1,1,bola
1,2,0,429,19.56,8,0,0,1,0,6,rate_abuse
0,3,0,201,152.193,8,0,0,0,0,0,normal
2,2,0,200,40.284,17,0,0,0,0,0,normal
1,2,0,429,18.534,10,0,0,1,0,6,rate_abuse
0,3,1,500,11.245,0,0,0,1,0,5,sql_injection
0,1,1,200,18.354,17,0,0,0,0,0,normal
0,3,0,200,117.019,14,0,0,0,0,0,normal
0,4,1,200,23.202,2,0,0,0,0,0,normal
2,2,1,201,19.818,13,0,0,0,0,0,normal
2,2,1,200,3.347,11,0,0,0,0,0,normal
0,3,0,200,15.482,15,0,0,0,0,0,normal
0,2,1,200,74.952,2,0,0,0,0,0,normal
1,4,1,200,146.432,13,0,0,0,0,0,normal
0,1,1,200,284.098,0,0,0,0,0,0,normal
0,3,1,200,69.391,16,0,0,0,0,0,normal
4,4,1,200,58.538,16,0,0,0,0,0,normal
1,3,1,200,269.405,17,0,0,1,0,5,sql_injection
3,3,1,200,5.578,16,0,0,0,0,0,normal
0,2,1,201,89.932,8,0,0,0,0,0,normal
0,1,1,400,36.568,16,0,0,1,0,5,sql_injection
0,3,1,403,22.657,10,0,0,0,1,1,bola
1,2,0,200,107.593,22,0,0,1,0,2,jwt_bypass
0,2,0,403,8.192,22,1,0,1,0,3,admin_access
0,3,1,200,25.4,22,0,0,0,0,0,normal
0,2,1,200,58.356,6,0,0,0,1,1,bola
0,2,0,403,127.862,15,1,0,1,0,3,admin_access
3,2,0,200,8.146,19,0,0,0,0,0,normal
1,2,1,200,29.136,7,0,0,0,0,0,normal
1,2,1,200,243.182,10,0,0,0,0,0,normal
0,1,1,400,31.968,1,0,0,1,0,0,normal
0,2,1,200,78.476,6,0,0,0,0,0,normal
4,2,0,200,11.095,4,0,0,0,0,0,normal
2,1,1,200,58.282,5,0,0,0,0,0,normal
0,3,0,400,3.496,4,0,0,1,0,5,sql_injection
0,2,1,200,28.712,19,0,0,0,1,1,bola
1,3,0,200,96.317,14,0,0,0,0,0,normal
1,4,1,200,200.857,10,0,0,0,0,0,normal
0,5,1,200,101.498,13,0,0,1,0,7,path_traversal
0,2,1,403,141.123,4,0,0,0,1,1,bola
0,8,0,200,84.786,10,0,0,1,0,7,path_traversal
1,1,1,200,141.024,20,0,0,0,0,0,normal
1,2,0,401,81.25,15,0,0,1,0,2,jwt_bypass
0,3,0,403,108.701,7,1,0,1,0,3,admin_access
1,2,0,401,5.786,15,0,0,1,0,6,rate_abuse
0,3,1,200,18.516,6,0,0,0,0,0,normal
2,4,1,200,185.649,6,0,0,0,0,0,normal
0,2,1,401,170.814,2,1,0,1,0,3,admin_access
1,3,1,404,15.899,22,0,0,1,0,0,normal
1,4,1,200,66.819,21,0,0,0,0,0,normal
2,4,1,200,25.128,13,0,0,0,0,0,normal
2,4,1,200,161.781,15,0,0,0,0,0,normal
0,3,0,403,24.361,19,1,0,1,0,3,admin_access
1,1,1,200,47.146,14,0,0,0,0,0,normal
1,4,1,200,156.557,7,0,0,0,0,0,normal
0,2,0,200,255.035,13,0,1,0,0,4,debug_access
0,1,1,200,88.1,2,0,0,0,0,0,normal
2,4,1,200,15.651,9,0,0,0,0,0,normal
2,4,1,404,94.772,0,0,0,1,0,0,normal
3,1,1,401,186.834,7,0,0,1,0,0,normal
1,2,1,200,274.089,5,0,0,0,0,0,normal
1,1,1,204,28.786,17,0,0,0,0,0,normal
2,4,1,201,53.361,15,0,0,0,0,0,normal
0,1,1,200,187.642,13,0,0,0,0,0,normal
1,2,0,200,42.267,20,0,0,1,0,2,jwt_bypass
2,1,1,200,22.716,6,0,0,0,0,0,normal
1,1,1,200,45.646,9,0,0,0,0,0,normal
1,2,0,401,20.617,1,0,0,1,0,2,jwt_bypass
0,1,1,200,53.381,7,0,0,0,0,0,normal
1,2,0,200,79.385,2,0,0,1,0,2,jwt_bypass
1,2,0,429,23.292,8,0,0,1,0,6,rate_abuse
0,3,1,403,162.985,15,0,0,0,1,1,bola
0,2,1,200,69.716,13,0,0,0,1,1,bola
0,2,1,200,38.962,16,0,0,0,0,0,normal
0,2,0,404,13.242,19,0,1,0,0,4,debug_access
3,4,1,200,91.896,13,0,0,0,0,0,normal
0,1,1,200,90.956,21,0,0,0,0,0,normal
1,2,0,429,36.25,17,0,0,1,0,6,rate_abuse
0,4,0,200,45.129,0,0,0,0,0,0,normal
0,3,1,200,125.557,6,0,0,0,0,0,normal
1,4,0,200,32.482,19,0,0,0,0,0,normal
1,2,0,200,8.483,20,0,0,1,0,6,rate_abuse
1,2,0,200,218.924,10,0,0,0,0,0,normal
1,2,0,401,26.627,4,0,0,1,0,6,rate_abuse
0,2,1,204,125.12,21,0,0,0,0,0,normal
0,4,0,200,89.372,19,0,0,0,0,0,normal
1,2,0,401,9.067,4,0,0,1,0,6,rate_abuse
0,2,1,200,14.061,0,0,0,0,0,0,normal
0,1,1,422,13.561,4,0,0,1,0,0,normal
1,2,0,200,41.096,13,0,0,1,0,2,jwt_bypass
0,2,0,404,153.225,8,0,1,0,0,4,debug_access
0,2,1,500,15.596,3,0,0,1,0,5,sql_injection
0,4,0,400,5.348,5,0,0,1,0,7,path_traversal
0,1,1,200,24.395,6,0,0,0,0,0,normal
1,2,0,200,71.734,15,0,0,1,0,2,jwt_bypass
0,4,1,200,66.568,21,0,0,0,0,0,normal
1,2,0,403,18.975,6,0,0,1,0,2,jwt_bypass
1,2,0,401,117.046,1,0,0,1,0,2,jwt_bypass
0,1,0,200,12.05,20,0,0,0,0,0,normal
0,3,1,200,81.157,23,0,0,0,0,0,normal
1,2,0,429,32.899,11,0,0,1,0,6,rate_abuse
0,1,1,400,177.635,15,0,0,1,0,0,normal
0,3,0,201,56.138,2,0,0,0,0,0,normal
0,1,1,200,187.546,14,0,0,0,0,0,normal
0,2,0,404,123.145,5,0,1,0,0,4,debug_access
1,3,1,200,384.572,1,0,0,0,0,0,normal
0,3,1,200,19.442,20,0,0,0,1,1,bola
0,1,1,422,6.198,0,0,0,1,0,0,normal
0,2,1,200,39.28,4,0,0,0,1,1,bola
0,1,0,200,10.845,17,0,0,0,0,0,normal
1,3,1,200,127.415,22,0,0,0,0,0,normal
0,3,0,200,92.021,6,0,0,0,0,0,normal
0,2,1,200,61.139,5,0,0,0,0,0,normal
2,3,0,200,53.826,22,0,0,0,0,0,normal
4,2,1,200,13.593,5,0,0,0,0,0,normal
0,4,1,422,198.74,17,0,0,1,0,0,normal
1,2,0,401,64.23,16,0,0,1,0,2,jwt_bypass
1,2,0,429,9.053,7,0,0,1,0,6,rate_abuse
0,2,0,200,2.268,1,0,1,0,0,4,debug_access
0,1,1,422,108.539,13,0,0,1,0,0,normal
0,2,0,200,33.577,4,0,0,0,0,0,normal
0,4,1,200,67.771,7,0,0,0,0,0,normal
1,2,0,401,14.298,11,0,0,1,0,6,rate_abuse
0,3,1,201,147.448,11,0,0,0,0,0,normal
0,2,1,404,242.764,21,0,0,1,0,0,normal
1,4,1,200,122.182,6,0,0,0,0,0,normal
1,2,0,401,25.433,3,0,0,1,0,6,rate_abuse
0,1,1,200,115.442,8,0,0,0,0,0,normal
0,2,1,401,206.398,1,1,0,1,0,3,admin_access
0,4,1,201,359.618,0,0,0,0,0,0,normal
1,4,1,200,14.23,9,0,0,0,0,0,normal
0,3,1,200,31.228,9,0,0,0,1,1,bola
0,1,1,200,101.912,21,0,0,0,0,0,normal
0,2,1,204,36.209,23,0,0,0,0,0,normal
2,3,1,422,41.555,15,0,0,1,0,0,normal
1,1,0,200,50.972,19,0,0,0,0,0,normal
0,4,1,201,23.117,9,0,0,0,0,0,normal
1,2,0,403,10.114,14,0,0,1,0,2,jwt_bypass
0,2,0,200,37.589,23,0,1,0,0,4,debug_access
0,2,0,200,86.561,1,0,1,0,0,4,debug_access
1,3,0,400,102.928,18,0,0,1,0,0,normal
2,2,0,200,32.661,7,0,0,0,0,0,normal
0,1,0,500,11.872,20,0,0,1,0,5,sql_injection
0,2,1,200,15.22,3,0,0,0,0,0,normal
0,1,1,200,88.07,3,0,0,0,0,0,normal
0,2,1,200,49.244,11,0,0,0,0,0,normal
1,3,0,200,30.752,4,0,0,0,0,0,normal
1,2,0,429,37.028,0,0,0,1,0,6,rate_abuse
0,3,1,200,141.688,18,0,0,0,0,0,normal
4,4,1,200,60.406,3,0,0,0,0,0,normal
0,2,1,401,9.473,5,1,0,1,0,3,admin_access
0,2,1,200,82.518,12,0,0,0,1,1,bola
1,1,1,401,51.615,2,0,0,1,0,0,normal
0,2,0,403,73.555,20,1,0,1,0,3,admin_access
1,1,0,400,239.006,11,0,0,1,0,5,sql_injection
2,4,1,400,16.66,9,0,0,1,0,0,normal
0,3,0,200,66.317,16,0,0,0,0,0,normal
1,4,0,200,1.65,20,0,0,0,0,0,normal
1,2,0,200,218.034,10,0,0,1,0,5,sql_injection
0,3,1,200,14.121,5,0,0,0,0,0,normal
0,3,1,200,104.481,6,0,0,0,1,1,bola
1,2,0,200,26.093,8,0,0,1,0,2,jwt_bypass
1,1,0,200,90.514,12,0,0,0,0,0,normal
0,2,1,403,107.748,22,1,0,1,0,3,admin_access
2,3,1,400,36.809,22,0,0,1,0,0,normal
1,4,1,200,120.299,15,0,0,0,0,0,normal
0,4,0,200,67.601,6,0,0,0,0,0,normal
0,1,1,404,112.275,8,0,0,1,0,0,normal
1,2,0,429,6.913,3,0,0,1,0,6,rate_abuse
0,3,1,204,43.341,19,0,0,0,0,0,normal
0,2,1,403,31.593,17,0,0,0,1,1,bola
0,2,0,404,101.397,16,0,1,0,0,4,debug_access
0,1,1,422,122.14,15,0,0,1,0,0,normal
0,1,0,404,19.786,6,0,0,1,0,0,normal
3,3,1,200,32.964,8,0,0,0,0,0,normal
1,3,1,204,16.966,8,0,0,0,0,0,normal
4,4,1,200,45.05,21,0,0,0,0,0,normal
0,4,1,200,38.495,16,0,0,0,0,0,normal
0,4,1,400,291.8,8,0,0,1,0,7,path_traversal
0,1,0,422,42.069,10,0,0,1,0,0,normal
1,2,0,401,36.054,20,0,0,1,0,2,jwt_bypass
0,4,1,200,119.226,23,0,0,0,0,0,normal
2,4,1,422,29.85,7,0,0,1,0,0,normal
2,3,1,201,30.519,23,0,0,0,0,0,normal
0,1,1,400,45.954,8,0,0,1,0,0,normal
1,2,0,401,25.655,2,0,0,1,0,6,rate_abuse
1,1,1,201,126.606,8,0,0,0,0,0,normal
1,3,1,200,11.667,11,0,0,0,0,0,normal
0,1,1,204,47.13,12,0,0,0,0,0,normal
0,4,0,200,17.135,17,0,0,0,0,0,normal
0,2,1,403,115.11,5,0,0,0,1,1,bola
0,3,1,200,85.211,6,0,0,0,0,0,normal
0,2,0,200,104.842,4,0,0,0,0,0,normal
0,8,0,404,217.086,8,0,0,1,0,7,path_traversal
3,2,1,201,12.863,1,0,0,0,0,0,normal
1,2,0,429,27.78,19,0,0,1,0,6,rate_abuse
0,3,1,200,25.379,6,0,0,0,0,0,normal
0,2,0,200,38.299,20,0,1,0,0,4,debug_access
0,2,1,201,27.056,19,0,0,0,0,0,normal
1,2,0,401,25.09,18,0,0,1,0,2,jwt_bypass
0,2,0,404,49.51,10,0,1,0,0,4,debug_access
1,4,1,200,169.689,16,0,0,0,0,0,normal
0,3,0,200,158.903,2,0,0,1,0,5,sql_injection
0,3,1,403,19.494,0,0,0,0,1,1,bola
0,1,0,200,13.706,6,0,0,0,0,0,normal
1,1,1,200,86.594,21,0,0,0,0,0,normal
0,3,1,200,201.881,15,0,0,0,0,0,normal
1,4,0,201,72.654,7,0,0,0,0,0,normal
0,2,0,404,124.274,21,0,1,0,0,4,debug_access
1,1,0,200,163.451,4,0,0,1,0,5,sql_injection
1,4,1,200,65.08,18,0,0,0,0,0,normal
0,3,1,401,118.504,22,0,0,1,0,0,normal
0,3,1,200,100.097,18,0,0,0,1,1,bola
1,2,0,429,11.878,20,0,0,1,0,6,rate_abuse
0,2,0,401,47.874,8,1,0,1,0,3,admin_access
0,4,0,400,140.968,7,0,0,1,0,7,path_traversal
0,2,1,200,27.009,6,0,0,0,1,1,bola
0,3,1,401,151.983,16,0,0,1,0,0,normal
0,3,1,201,119.035,14,0,0,0,0,0,normal
1,2,1,200,103.898,23,0,0,0,0,0,normal
0,2,1,404,209.647,6,0,0,1,0,0,normal
1,2,0,200,39.933,8,0,0,1,0,2,jwt_bypass
0,2,1,200,15.74,18,0,0,0,0,0,normal
0,2,0,201,60.243,4,0,0,0,0,0,normal
1,2,0,429,34.616,21,0,0,1,0,6,rate_abuse
0,3,1,200,167.032,0,0,0,0,0,0,normal
0,2,1,401,32.57,5,1,0,1,0,3,admin_access
1,1,1,200,43.741,10,0,0,0,0,0,normal
1,2,0,401,83.576,8,0,0,1,0,2,jwt_bypass
1,2,0,200,21.453,18,0,0,1,0,2,jwt_bypass
1,2,0,401,105.428,16,0,0,1,0,2,jwt_bypass
1,2,0,429,17.006,0,0,0,1,0,6,rate_abuse
0,1,1,200,165.014,1,0,0,0,0,0,normal
1,2,1,401,45.295,1,0,0,1,0,0,normal
2,3,0,400,120.429,8,0,0,1,0,0,normal
0,2,1,200,1.367,10,0,0,0,0,0,normal
1,2,0,200,38.631,19,0,0,1,0,6,rate_abuse
1,1,1,200,206.228,8,0,0,0,0,0,normal
0,2,1,403,165.965,1,0,0,0,1,1,bola
0,1,1,204,29.429,9,0,0,0,0,0,normal
0,3,1,400,110.556,8,0,0,1,0,0,normal
1,2,0,403,108.449,18,0,0,1,0,2,jwt_bypass
1,2,0,401,20.995,17,0,0,1,0,6,rate_abuse
1,2,0,401,15.646,18,0,0,1,0,6,rate_abuse
0,1,1,404,3.318,23,0,0,1,0,0,normal
2,4,1,200,1.594,14,0,0,0,0,0,normal
1,3,0,200,25.78,22,0,0,0,0,0,normal
1,3,1,200,26.812,7,0,0,0,0,0,normal
0,2,0,404,6.293,4,0,1,0,0,4,debug_access
0,1,0,200,109.945,7,0,0,0,0,0,normal
1,2,0,429,22.87,20,0,0,1,0,6,rate_abuse
0,2,1,200,241.784,12,0,0,0,0,0,normal
1,2,0,429,38.839,18,0,0,1,0,6,rate_abuse
0,8,0,404,20.045,14,0,0,1,0,7,path_traversal
2,2,0,200,222.75,19,0,0,0,0,0,normal
0,4,1,200,15.786,23,0,0,0,0,0,normal
1,2,0,401,26.346,20,0,0,1,0,6,rate_abuse
1,2,0,401,9.371,15,0,0,1,0,6,rate_abuse
0,2,1,403,215.913,10,1,0,1,0,3,admin_access
0,3,0,400,112.379,13,0,0,1,0,0,normal
1,3,1,200,63.408,7,0,0,0,0,0,normal
0,3,1,200,181.634,15,0,0,0,1,1,bola
0,3,1,200,81.66,22,0,0,0,0,0,normal
0,2,0,200,12.864,16,0,1,0,0,4,debug_access
1,1,1,200,1.476,20,0,0,0,0,0,normal
0,3,1,200,65.871,12,0,0,0,1,1,bola
4,2,0,200,1.618,7,0,0,0,0,0,normal
1,2,0,200,2.29,6,0,0,0,0,0,normal
3,4,1,200,73.558,18,0,0,0,0,0,normal
0,4,1,200,16.072,23,0,0,0,0,0,normal
0,4,1,200,42.038,10,0,0,0,0,0,normal
0,3,1,200,134.661,2,0,0,0,0,0,normal
0,3,0,401,116.156,4,0,0,1,0,0,normal
0,3,1,200,105.022,12,0,0,0,0,0,normal
0,1,1,201,161.374,3,0,0,0,0,0,normal
1,2,0,401,10.153,5,0,0,1,0,6,rate_abuse
0,3,0,200,105.383,20,0,0,0,0,0,normal
1,1,0,200,84.524,13,0,0,0,0,0,normal
0,2,0,204,18.145,5,0,0,0,0,0,normal
0,4,1,200,0.251,19,0,0,1,0,7,path_traversal
1,2,0,429,13.532,21,0,0,1,0,6,rate_abuse
0,3,1,201,38.397,10,0,0,0,0,0,normal
1,4,1,200,193.043,10,0,0,0,0,0,normal
0,2,1,200,39.971,5,0,0,0,0,0,normal
1,2,1,200,205.26,10,0,0,0,0,0,normal
1,2,0,429,28.815,10,0,0,1,0,6,rate_abuse
0,1,1,200,101.665,22,0,0,0,0,0,normal
1,3,0,400,17.941,23,0,0,1,0,5,sql_injection
4,3,0,404,14.681,16,0,0,1,0,0,normal
2,1,1,201,159.889,2,0,0,0,0,0,normal
0,4,1,200,141.468,3,0,0,0,0,0,normal
0,1,1,200,203.843,18,0,0,0,0,0,normal
0,4,1,200,17.846,14,0,0,0,0,0,normal
0,2,0,200,62.256,7,0,0,0,0,0,normal
2,4,0,404,83.66,15,0,0,1,0,0,normal
0,1,1,201,156.3,18,0,0,0,0,0,normal
1,2,0,401,121.775,4,0,0,1,0,0,normal
0,3,1,200,113.4,6,0,0,0,0,0,normal
1,2,0,200,8.177,16,0,0,1,0,6,rate_abuse
0,3,1,400,10.556,13,0,0,1,0,0,normal
0,1,1,400,215.718,8,0,0,1,0,5,sql_injection
0,2,0,200,21.573,11,0,1,0,0,4,debug_access
2,2,1,200,64.726,6,0,0,0,0,0,normal
0,3,1,200,341.597,2,0,0,0,1,1,bola
0,2,0,200,72.891,9,0,1,0,0,4,debug_access
0,3,1,400,61.59,7,0,0,1,0,5,sql_injection
1,2,0,403,74.824,14,0,0,1,0,2,jwt_bypass
0,2,1,200,5.903,18,0,0,0,0,0,normal
0,1,1,201,358.075,6,0,0,0,0,0,normal
0,1,1,200,6.76,19,0,0,0,0,0,normal
0,3,1,200,3.236,1,0,0,0,1,1,bola
0,2,1,200,316.82,22,0,0,0,1,1,bola
1,2,1,404,84.521,23,0,0,1,0,0,normal
3,3,1,200,0.039,17,0,0,0,0,0,normal
0,2,1,200,110.636,14,0,0,0,0,0,normal
0,4,1,204,215.772,12,0,0,0,0,0,normal
0,2,1,200,152.304,1,0,0,0,1,1,bola
1,2,0,401,63.834,3,0,0,1,0,2,jwt_bypass
0,1,0,401,120.699,13,0,0,1,0,0,normal
0,4,1,400,0.549,19,0,0,1,0,0,normal
0,1,1,200,59.498,8,0,0,0,0,0,normal
0,2,1,200,212.859,6,0,0,0,0,0,normal
0,8,0,400,246.496,18,0,0,1,0,7,path_traversal
0,4,0,200,57.238,19,0,0,0,0,0,normal
1,1,1,200,111.874,4,0,0,0,0,0,normal
0,3,1,204,6.624,10,0,0,0,0,0,normal
0,3,1,403,38.112,14,0,0,0,1,1,bola
0,4,1,200,119.174,5,0,0,0,0,0,normal
1,2,0,403,111.53,8,0,0,1,0,2,jwt_bypass
0,3,1,400,17.232,12,0,0,1,0,5,sql_injection
3,4,1,401,22.767,23,0,0,1,0,0,normal
0,1,1,422,97.294,4,0,0,1,0,0,normal
1,3,1,200,51.745,13,0,0,0,0,0,normal
0,2,1,200,65.002,3,0,0,0,0,0,normal
0,2,0,200,72.329,22,0,1,0,0,4,debug_access
1,2,0,401,28.241,22,0,0,1,0,2,jwt_bypass
0,1,1,404,276.733,10,0,0,1,0,0,normal
1,4,0,200,73.61,6,0,0,0,0,0,normal
0,1,1,404,176.544,2,0,0,1,0,0,normal
1,2,0,403,36.674,23,0,0,1,0,2,jwt_bypass
0,3,1,200,15.347,14,0,0,0,1,1,bola
3,2,1,404,40.856,7,0,0,1,0,0,normal
0,2,0,200,70.204,20,0,1,0,0,4,debug_access
1,2,0,200,22.349,5,0,0,1,0,6,rate_abuse
2,3,1,200,109.993,16,0,0,0,0,0,normal
0,1,1,200,52.687,4,0,0,0,0,0,normal
1,2,0,200,22.449,15,0,0,1,0,6,rate_abuse
0,3,0,403,44.782,10,1,0,1,0,3,admin_access
0,3,1,403,28.495,15,0,0,0,1,1,bola
0,3,1,200,11.896,14,0,0,0,1,1,bola
0,4,1,400,46.998,13,0,0,1,0,0,normal
0,2,1,200,1.49,18,0,0,0,0,0,normal
0,1,0,200,47.933,15,0,0,0,0,0,normal
1,2,0,200,35.015,9,0,0,1,0,6,rate_abuse
0,2,1,200,337.796,17,0,0,0,0,0,normal
0,1,0,200,3.678,10,0,0,0,0,0,normal
0,2,1,200,342.602,16,0,0,0,0,0,normal
0,3,1,403,130.233,23,0,0,0,1,1,bola
2,2,1,200,41.505,5,0,0,0,0,0,normal
1,2,0,200,39.188,21,0,0,1,0,2,jwt_bypass
0,4,1,400,15.745,13,0,0,1,0,0,normal
0,2,1,200,82.678,11,0,0,0,1,1,bola
2,4,0,204,81.422,10,0,0,0,0,0,normal
0,2,1,200,63.626,14,0,0,0,1,1,bola
0,4,0,200,195.478,16,0,0,0,0,0,normal
0,8,1,404,51.385,8,0,0,1,0,7,path_traversal
0,4,0,201,31.547,17,0,0,0,0,0,normal
3,4,1,200,258.593,11,0,0,0,0,0,normal
0,1,1,401,13.86,2,0,0,1,0,0,normal
1,3,1,204,147.719,14,0,0,0,0,0,normal
0,1,1,200,188.701,10,0,0,0,0,0,normal
0,2,1,401,4.857,17,0,0,1,0,0,normal
0,2,1,401,6.967,16,1,0,1,0,3,admin_access
0,2,1,200,128.817,3,0,0,0,1,1,bola
0,4,0,404,105.328,3,0,0,1,0,7,path_traversal
0,2,1,403,77.313,7,1,0,1,0,3,admin_access
0,4,1,200,49.898,17,0,0,0,0,0,normal
1,2,0,404,83.398,18,0,0,1,0,0,normal
3,2,1,200,163.588,9,0,0,0,0,0,normal
1,2,0,429,19.474,13,0,0,1,0,6,rate_abuse
4,1,0,200,17.054,5,0,0,0,0,0,normal
1,2,0,200,24.874,21,0,0,1,0,6,rate_abuse
1,1,0,400,35.789,19,0,0,1,0,5,sql_injection
1,2,0,429,13.657,0,0,0,1,0,6,rate_abuse
0,2,0,200,74.55,6,1,0,1,0,3,admin_access
1,2,0,401,67.196,16,0,0,1,0,2,jwt_bypass
1,1,1,200,57.145,16,0,0,1,0,5,sql_injection
0,2,1,401,12.75,15,1,0,1,0,3,admin_access
1,2,0,403,32.039,5,0,0,1,0,2,jwt_bypass
1,1,1,200,83.561,3,0,0,0,0,0,normal
0,4,1,200,10.299,7,0,0,0,0,0,normal
0,4,0,400,7.41,18,0,0,1,0,0,normal
1,2,0,500,58.126,19,0,0,1,0,5,sql_injection
1,2,0,200,11.933,11,0,0,1,0,2,jwt_bypass
1,2,0,429,32.252,4,0,0,1,0,6,rate_abuse
3,4,0,200,51.497,23,0,0,0,0,0,normal
1,2,0,429,35.97,22,0,0,1,0,6,rate_abuse
0,4,1,200,31.069,22,0,0,0,0,0,normal
0,3,1,200,44.699,14,0,0,0,0,0,normal
1,2,0,400,449.032,13,0,0,1,0,5,sql_injection
1,2,0,429,20.966,5,0,0,1,0,6,rate_abuse
0,4,0,200,49.376,13,0,0,1,0,7,path_traversal
1,2,0,200,34.842,12,0,0,1,0,6,rate_abuse
4,2,0,200,0.588,11,0,0,0,0,0,normal
0,3,1,403,42.3,14,0,0,0,1,1,bola
0,2,1,204,144.548,18,0,0,0,0,0,normal
0,2,0,200,10.129,12,0,1,0,0,4,debug_access
1,2,0,429,31.613,7,0,0,1,0,6,rate_abuse
0,4,1,200,13.947,8,0,0,0,0,0,normal
0,1,0,200,85.56,21,0,0,0,0,0,normal
0,4,1,200,196.825,8,0,0,0,0,0,normal
1,4,1,200,18.041,16,0,0,0,0,0,normal
0,1,1,404,65.276,5,0,0,1,0,0,normal
0,4,1,400,144.494,5,0,0,1,0,0,normal
0,3,0,400,200.805,19,0,0,1,0,0,normal
0,2,1,200,61.34,7,0,0,0,0,0,normal
1,1,0,200,66.918,12,0,0,0,0,0,normal
0,2,0,200,33.754,23,0,0,0,0,0,normal
0,3,1,403,38.356,9,0,0,0,1,1,bola
0,3,1,200,140.703,6,0,0,0,0,0,normal
3,3,0,200,41.68,11,0,0,0,0,0,normal
0,4,0,200,42.91,14,0,0,0,0,0,normal
0,1,1,204,163.213,12,0,0,0,0,0,normal
0,2,1,201,49.455,17,0,0,0,0,0,normal
0,3,1,200,51.251,18,0,0,0,0,0,normal
1,1,1,200,37.793,23,0,0,0,0,0,normal
3,1,1,204,18.315,23,0,0,0,0,0,normal
1,3,1,400,142.426,20,0,0,1,0,5,sql_injection
0,3,1,403,94.245,0,0,0,0,1,1,bola
0,1,1,200,238.148,2,0,0,0,0,0,normal
3,2,1,200,39.48,0,0,0,0,0,0,normal
2,4,1,204,17.414,3,0,0,0,0,0,normal
0,2,1,200,52.385,15,0,0,0,0,0,normal
0,1,1,200,55.628,1,0,0,0,0,0,normal
0,3,1,200,165.751,4,0,0,0,0,0,normal
1,4,1,200,82.43,0,0,0,0,0,0,normal
3,4,1,200,104.59,18,0,0,0,0,0,normal
0,3,0,400,111.368,13,0,0,1,0,5,sql_injection
1,2,1,200,269.375,7,0,0,0,0,0,normal
0,1,0,200,68.48,14,0,0,0,0,0,normal
1,2,1,200,2.453,8,0,0,0,0,0,normal
1,3,1,200,175.855,19,0,0,0,0,0,normal
3,4,1,200,30.761,20,0,0,0,0,0,normal
1,3,1,200,159.505,9,0,0,0,0,0,normal
0,4,1,200,59.217,15,0,0,0,0,0,normal
3,1,0,200,98.255,7,0,0,0,0,0,normal
0,2,0,404,7.122,3,0,1,0,0,4,debug_access
1,2,0,200,88.261,3,0,0,1,0,2,jwt_bypass
1,2,0,200,18.504,14,0,0,1,0,6,rate_abuse
1,1,0,400,438.859,11,0,0,1,0,5,sql_injection
0,2,0,404,3.49,12,0,1,0,0,4,debug_access
0,1,1,500,48.801,15,0,0,1,0,5,sql_injection
0,3,1,200,17.756,20,0,0,0,0,0,normal
1,1,1,200,41.964,18,0,0,0,0,0,normal
1,2,0,500,0.668,20,0,0,1,0,5,sql_injection
0,4,1,200,198.099,19,0,0,1,0,7,path_traversal
0,3,1,200,85.579,20,0,0,0,0,0,normal
0,2,1,403,19.785,20,1,0,1,0,3,admin_access
1,3,1,200,66.944,10,0,0,0,0,0,normal
0,1,1,200,8.071,22,0,0,0,0,0,normal
1,1,1,200,36.782,17,0,0,0,0,0,normal
2,1,0,422,1.247,19,0,0,1,0,0,normal
0,7,0,200,12.492,0,0,0,1,0,7,path_traversal
1,3,1,200,63.631,23,0,0,0,0,0,normal
1,3,1,422,41.814,2,0,0,1,0,0,normal
1,1,1,201,11.423,6,0,0,0,0,0,normal
1,2,1,200,137.224,18,0,0,0,0,0,normal
1,3,0,400,336.967,2,0,0,1,0,5,sql_injection
0,1,1,200,53.825,23,0,0,0,0,0,normal
0,2,1,200,3.328,23,0,0,0,1,1,bola
0,3,0,200,135.535,12,0,0,0,0,0,normal
0,4,1,200,180.612,14,0,0,0,0,0,normal
0,3,1,403,48.404,7,1,0,1,0,3,admin_access
1,2,0,429,28.586,9,0,0,1,0,6,rate_abuse
2,4,1,200,145.978,14,0,0,0,0,0,normal
0,3,1,401,43.97,6,1,0,1,0,3,admin_access
0,3,1,200,23.603,3,0,0,0,0,0,normal
0,2,1,200,3.06,7,0,0,0,0,0,normal
0,2,0,200,0.359,5,0,1,0,0,4,debug_access
1,3,1,404,6.494,6,0,0,1,0,0,normal
0,3,1,401,63.689,4,0,0,1,0,0,normal
0,2,1,403,8.763,9,1,0,1,0,3,admin_access
1,2,0,401,36.986,9,0,0,1,0,2,jwt_bypass
1,3,1,200,31.188,7,0,0,0,0,0,normal
1,3,1,400,77.586,21,0,0,1,0,5,sql_injection
1,2,1,200,61.427,14,0,0,1,0,5,sql_injection
0,2,1,401,136.203,21,1,0,1,0,3,admin_access
0,2,0,404,62.482,15,0,1,0,0,4,debug_access
1,2,1,200,55.619,20,0,0,1,0,5,sql_injection
0,3,0,200,30.278,13,0,0,0,0,0,normal
0,2,0,200,72.1,4,0,1,0,0,4,debug_access
0,4,1,200,17.152,22,0,0,0,0,0,normal
1,2,0,200,17.898,18,0,0,1,0,6,rate_abuse
1,2,0,429,35.816,23,0,0,1,0,6,rate_abuse
0,2,0,200,191.505,17,0,1,0,0,4,debug_access
0,2,0,200,31.595,17,0,1,0,0,4,debug_access
1,1,1,200,91.543,21,0,0,0,0,0,normal
1,2,0,200,173.836,3,0,0,0,0,0,normal
0,2,0,404,4.945,17,0,0,1,0,0,normal
1,2,1,200,18.076,1,0,0,0,0,0,normal
1,1,1,200,38.624,6,0,0,0,0,0,normal
0,2,1,200,81.761,18,0,0,0,1,1,bola
2,3,1,200,8.715,22,0,0,0,0,0,normal
2,1,1,200,47.927,1,0,0,0,0,0,normal
0,1,1,200,194.17,0,0,0,0,0,0,normal
2,1,1,404,107.907,1,0,0,1,0,0,normal
1,2,0,429,13.095,22,0,0,1,0,6,rate_abuse
0,3,1,200,3.686,9,0,0,0,0,0,normal
3,3,1,200,46.988,3,0,0,0,0,0,normal
1,2,0,429,25.748,1,0,0,1,0,6,rate_abuse
0,1,1,422,105.761,23,0,0,1,0,0,normal
1,2,0,200,68.16,11,0,0,1,0,2,jwt_bypass
0,4,1,422,4.739,22,0,0,1,0,0,normal
0,8,0,404,88.808,6,0,0,1,0,7,path_traversal
1,1,1,201,106.378,12,0,0,0,0,0,normal
1,2,0,401,16.085,17,0,0,1,0,6,rate_abuse
1,1,1,500,157.598,6,0,0,1,0,5,sql_injection
1,1,1,204,94.743,1,0,0,0,0,0,normal
0,4,1,401,36.654,18,0,0,1,0,0,normal
0,4,1,200,163.614,22,0,0,1,0,7,path_traversal
0,3,1,200,92.231,11,0,0,0,0,0,normal
0,1,1,200,26.458,13,0,0,0,0,0,normal
0,1,0,200,49.037,3,0,0,0,0,0,normal
1,3,1,201,6.135,19,0,0,0,0,0,normal
1,2,0,429,26.283,22,0,0,1,0,6,rate_abuse
1,3,1,200,31.916,15,0,0,0,0,0,normal
0,3,1,401,204.149,23,1,0,1,0,3,admin_access
2,4,1,200,77.161,17,0,0,0,0,0,normal
0,3,1,403,40.671,22,0,0,0,1,1,bola
1,2,0,200,119.331,13,0,0,1,0,2,jwt_bypass
1,2,0,429,16.159,10,0,0,1,0,6,rate_abuse
2,1,1,200,22.057,1,0,0,0,0,0,normal
1,3,1,200,89.538,19,0,0,0,0,0,normal
1,4,1,401,25.924,14,0,0,1,0,0,normal
0,2,1,200,27.297,3,0,0,0,0,0,normal
0,2,0,404,90.283,6,0,1,0,0,4,debug_access
0,4,1,400,7.752,8,0,0,1,0,0,normal
1,1,1,400,123.395,6,0,0,1,0,0,normal
0,2,0,200,4.488,5,0,0,0,0,0,normal
1,2,0,429,27.924,14,0,0,1,0,6,rate_abuse
1,2,0,200,9.145,9,0,0,1,0,6,rate_abuse
0,2,0,200,171.554,16,0,0,0,0,0,normal
0,1,0,200,186.198,14,0,0,0,0,0,normal
1,2,0,200,71.36,14,0,0,1,0,2,jwt_bypass
0,3,1,403,2.421,12,0,0,0,1,1,bola
0,2,0,200,153.533,13,0,0,0,0,0,normal
0,2,0,500,75.778,19,0,0,1,0,5,sql_injection
0,6,0,400,34.738,10,0,0,1,0,7,path_traversal
0,1,1,500,350.313,20,0,0,1,0,5,sql_injection
0,2,1,200,64.079,23,0,0,0,1,1,bola
1,2,1,500,35.072,20,0,0,1,0,5,sql_injection
0,4,1,200,20.967,0,0,0,0,0,0,normal
0,2,1,201,20.743,21,0,0,0,0,0,normal
0,6,1,200,114.48,9,0,0,1,0,7,path_traversal
0,1,1,200,0.839,13,0,0,0,0,0,normal
2,4,1,200,76.906,4,0,0,0,0,0,normal
1,4,0,200,341.621,6,0,0,0,0,0,normal
1,2,0,200,35.227,20,0,0,1,0,2,jwt_bypass
1,2,0,401,18.176,1,0,0,1,0,6,rate_abuse
3,2,1,201,53.787,23,0,0,0,0,0,normal
0,2,1,401,193.076,3,1,0,1,0,3,admin_access
0,1,1,200,68.85,23,0,0,0,0,0,normal
0,3,1,400,28.495,16,0,0,1,0,0,normal
1,1,1,204,86.318,13,0,0,0,0,0,normal
1,2,1,200,44.04,6,0,0,0,0,0,normal
1,2,0,429,11.044,1,0,0,1,0,6,rate_abuse
0,2,1,200,61.582,3,0,0,0,0,0,normal
2,3,1,200,38.366,13,0,0,0,0,0,normal
0,2,1,401,58.106,15,1,0,1,0,3,admin_access
0,1,1,200,82.656,10,0,0,0,0,0,normal
0,3,1,200,45.001,19,0,0,0,0,0,normal
1,2,0,200,87.942,22,0,0,1,0,2,jwt_bypass
0,2,1,200,37.14,17,0,0,0,0,0,normal
1,2,0,404,275.595,0,0,0,1,0,0,normal
0,3,0,401,9.774,5,1,0,1,0,3,admin_access
0,2,0,200,99.248,22,0,1,0,0,4,debug_access
0,1,1,200,117.308,21,0,0,0,0,0,normal
0,4,1,200,0.861,14,0,0,0,0,0,normal
0,2,1,403,10.203,11,0,0,0,1,1,bola
0,1,0,200,7.462,6,0,0,0,0,0,normal
1,2,0,429,16.431,7,0,0,1,0,6,rate_abuse
1,1,1,200,38.542,19,0,0,0,0,0,normal
0,3,0,401,28.427,5,1,0,1,0,3,admin_access
1,4,1,401,61.611,0,0,0,1,0,0,normal
0,2,0,200,85.614,20,0,1,0,0,4,debug_access
0,3,0,201,199.049,17,0,0,0,0,0,normal
0,5,1,400,234.051,3,0,0,1,0,7,path_traversal
1,4,1,200,5.35,12,0,0,0,0,0,normal
0,2,0,403,28.763,8,1,0,1,0,3,admin_access
1,2,0,200,24.472,8,0,0,1,0,6,rate_abuse
0,1,1,200,55.713,1,0,0,0,0,0,normal
1,4,1,200,11.729,22,0,0,0,0,0,normal
0,7,1,404,94.74,14,0,0,1,0,7,path_traversal
2,2,1,200,182.033,5,0,0,0,0,0,normal
0,3,1,200,12.241,21,0,0,0,0,0,normal
0,4,1,200,35.119,6,0,0,0,0,0,normal
0,3,1,200,25.902,3,0,0,0,1,1,bola
0,2,0,200,15.896,16,0,0,0,0,0,normal
1,3,0,401,66.081,20,0,0,1,0,0,normal
0,2,1,400,34.385,13,0,0,1,0,0,normal
1,2,0,401,35.637,5,0,0,1,0,6,rate_abuse
1,2,0,429,38.034,1,0,0,1,0,6,rate_abuse
1,1,0,200,32.67,9,0,0,0,0,0,normal
1,2,0,429,12.048,20,0,0,1,0,6,rate_abuse
0,3,1,403,230.652,11,0,0,0,1,1,bola
0,1,1,400,57.719,14,0,0,1,0,0,normal
0,1,0,200,344.425,13,0,0,0,0,0,normal
3,2,0,200,250.8,20,0,0,0,0,0,normal
2,2,0,200,20.306,11,0,0,0,0,0,normal
0,7,0,404,107.773,11,0,0,1,0,7,path_traversal
2,2,1,200,37.811,9,0,0,0,0,0,normal
2,2,1,200,16.55,12,0,0,0,0,0,normal
0,2,0,401,10.494,23,1,0,1,0,3,admin_access
1,1,1,200,16.482,23,0,0,0,0,0,normal
1,1,1,200,167.05,20,0,0,1,0,5,sql_injection
1,2,0,400,98.561,4,0,0,1,0,5,sql_injection
0,2,0,200,116.727,14,0,1,0,0,4,debug_access
0,4,0,401,8.04,23,0,0,1,0,0,normal
2,2,1,200,31.347,4,0,0,0,0,0,normal
1,2,1,500,268.645,8,0,0,1,0,5,sql_injection
0,3,1,200,25.082,9,0,0,0,0,0,normal
0,3,1,201,7.509,23,0,0,0,0,0,normal
2,2,1,200,42.994,8,0,0,0,0,0,normal
0,4,0,200,257.652,18,0,0,0,0,0,normal
0,3,1,200,398.545,3,0,0,0,0,0,normal
0,3,1,200,15.004,0,0,0,0,0,0,normal
1,4,1,200,49.467,23,0,0,0,0,0,normal
0,3,1,200,50.1,2,0,0,0,1,1,bola
2,3,1,200,108.327,22,0,0,0,0,0,normal
0,3,1,401,28.532,1,1,0,1,0,3,admin_access
1,2,1,401,190.927,13,0,0,1,0,0,normal
0,3,0,204,246.798,18,0,0,0,0,0,normal
1,2,1,200,98.474,8,0,0,0,0,0,normal
0,4,0,200,32.143,6,0,0,0,0,0,normal
1,2,0,200,14.086,8,0,0,1,0,6,rate_abuse
0,2,0,403,25.503,4,1,0,1,0,3,admin_access
2,3,1,200,281.272,17,0,0,0,0,0,normal
0,1,1,200,34.156,7,0,0,0,0,0,normal
1,2,0,200,119.519,19,0,0,1,0,2,jwt_bypass
0,4,1,200,59.371,23,0,0,0,0,0,normal
0,2,1,200,15.629,16,0,0,0,1,1,bola
1,2,0,401,52.524,10,0,0,1,0,2,jwt_bypass
1,2,0,429,10.226,13,0,0,1,0,6,rate_abuse
0,3,1,201,210.6,1,0,0,0,0,0,normal
0,3,1,204,82.921,13,0,0,0,0,0,normal
1,2,0,401,10.983,0,0,0,1,0,2,jwt_bypass
2,4,1,200,6.007,16,0,0,0,0,0,normal
0,3,0,403,79.889,16,1,0,1,0,3,admin_access
1,2,0,200,165.085,9,0,0,0,0,0,normal
2,2,0,200,60.786,9,0,0,0,0,0,normal
2,3,1,200,43.35,11,0,0,0,0,0,normal
0,2,1,401,8.855,20,1,0,1,0,3,admin_access
0,3,0,400,16.874,15,0,0,1,0,5,sql_injection
0,2,1,200,20.899,15,0,0,0,0,0,normal
0,1,1,200,49.275,7,0,0,0,0,0,normal
1,1,1,400,28.826,12,0,0,1,0,0,normal
1,3,0,500,24.15,3,0,0,1,0,5,sql_injection
2,3,1,200,36.143,15,0,0,0,0,0,normal
1,2,0,401,5.369,23,0,0,1,0,6,rate_abuse
0,2,1,422,4.869,12,0,0,1,0,0,normal
3,3,1,200,4.864,12,0,0,0,0,0,normal
1,2,0,401,37.88,10,0,0,1,0,2,jwt_bypass
0,3,1,200,229.128,4,0,0,0,1,1,bola
0,8,0,404,18.131,7,0,0,1,0,7,path_traversal
0,3,0,201,74.38,17,0,0,0,0,0,normal
0,4,1,200,102.639,21,0,0,0,0,0,normal
1,4,1,200,16.304,11,0,0,0,0,0,normal
0,2,0,200,88.522,1,0,1,0,0,4,debug_access
0,3,1,200,2.402,11,0,0,0,0,0,normal
0,3,1,200,75.813,2,0,0,0,1,1,bola
0,2,1,400,24.857,16,0,0,1,0,0,normal
0,2,0,200,17.963,12,0,0,1,0,5,sql_injection
1,2,0,200,114.991,16,0,0,1,0,2,jwt_bypass
0,3,1,201,79.692,18,0,0,0,0,0,normal
0,1,1,200,72.523,17,0,0,0,0,0,normal
1,2,0,401,39.737,13,0,0,1,0,6,rate_abuse
1,1,1,200,41.715,19,0,0,0,0,0,normal
0,6,0,404,54.492,9,0,0,1,0,7,path_traversal
1,3,1,201,159.734,12,0,0,0,0,0,normal
0,4,1,200,106.98,20,0,0,0,0,0,normal
3,4,1,200,0.742,14,0,0,0,0,0,normal
1,2,0,200,42.17,8,0,0,1,0,2,jwt_bypass
0,2,1,200,7.122,17,0,0,0,0,0,normal
0,1,1,200,36.417,22,0,0,0,0,0,normal
1,2,0,429,38.872,18,0,0,1,0,6,rate_abuse
0,2,1,200,53.893,15,0,0,0,0,0,normal
2,1,1,200,9.882,21,0,0,0,0,0,normal
0,2,0,401,256.867,1,1,0,1,0,3,admin_access
0,3,1,204,195.335,6,0,0,0,0,0,normal
0,1,0,200,99.223,5,0,0,1,0,5,sql_injection
0,2,1,403,87.193,9,0,0,0,1,1,bola
4,1,1,204,41.418,23,0,0,0,0,0,normal
2,3,1,204,61.803,9,0,0,0,0,0,normal
0,5,0,200,39.75,19,0,0,1,0,7,path_traversal
0,4,1,200,184.961,17,0,0,0,0,0,normal
0,4,1,404,43.694,20,0,0,1,0,7,path_traversal
0,4,1,200,215.302,19,0,0,0,0,0,normal
0,2,1,200,41.409,20,0,0,0,0,0,normal
1,3,1,200,63.991,9,0,0,0,0,0,normal
1,4,1,200,15.844,6,0,0,0,0,0,normal
1,4,0,200,68.589,19,0,0,0,0,0,normal
3,3,0,200,30.825,9,0,0,0,0,0,normal
1,4,0,404,93.951,3,0,0,1,0,0,normal
0,2,1,200,60.504,3,0,0,0,1,1,bola
2,4,1,200,21.703,17,0,0,0,0,0,normal
0,2,1,200,216.477,3,0,0,0,0,0,normal
0,2,1,400,142.727,1,0,0,1,0,0,normal
3,2,1,200,40.831,11,0,0,0,0,0,normal
0,2,1,200,71.55,10,0,0,0,0,0,normal
0,1,1,422,41.24,16,0,0,1,0,0,normal
2,4,1,200,46.903,6,0,0,0,0,0,normal
2,3,1,200,124.821,12,0,0,0,0,0,normal
0,2,0,401,22.272,23,1,0,1,0,3,admin_access
0,2,1,200,77.525,22,0,0,0,0,0,normal
0,4,1,200,35.048,20,0,0,0,0,0,normal
1,2,0,401,8.707,20,0,0,1,0,6,rate_abuse
0,2,1,401,141.44,22,1,0,1,0,3,admin_access
0,1,1,200,24.059,4,0,0,0,0,0,normal
0,3,1,200,47.929,3,0,0,0,0,0,normal
1,3,1,200,6.862,15,0,0,0,0,0,normal
0,5,1,404,45.267,22,0,0,1,0,7,path_traversal
1,1,1,200,87.287,3,0,0,0,0,0,normal
1,2,0,401,44.902,20,0,0,1,0,2,jwt_bypass
0,3,1,200,77.895,9,0,0,0,1,1,bola
0,2,1,401,106.339,5,1,0,1,0,3,admin_access
0,1,1,400,81.071,19,0,0,1,0,0,normal
0,4,1,404,38.507,21,0,0,1,0,7,path_traversal
0,3,1,200,63.21,1,0,0,0,0,0,normal
1,1,1,200,191.97,11,0,0,1,0,5,sql_injection
1,2,0,401,42.521,17,0,0,1,0,2,jwt_bypass
3,4,0,400,25.104,3,0,0,1,0,0,normal
0,2,0,401,18.206,6,1,0,1,0,3,admin_access
0,2,0,200,42.52,4,0,1,0,0,4,debug_access
1,2,0,401,12.236,16,0,0,1,0,6,rate_abuse
0,3,1,200,56.128,18,0,0,0,1,1,bola
0,4,1,200,139.579,7,0,0,0,0,0,normal
1,2,0,200,49.275,14,0,0,0,0,0,normal
0,2,1,200,79.887,4,1,0,1,0,3,admin_access
1,4,1,404,37.046,19,0,0,1,0,0,normal
0,7,0,400,60.426,8,0,0,1,0,7,path_traversal
1,2,0,401,23.215,20,0,0,1,0,2,jwt_bypass
0,2,1,200,133.757,4,0,0,0,1,1,bola
0,1,1,200,191.116,3,0,0,0,0,0,normal
0,1,1,200,205.707,14,0,0,0,0,0,normal
0,2,1,401,192.279,8,0,0,1,0,0,normal
2,2,1,422,51.849,23,0,0,1,0,0,normal
0,4,1,200,35.083,16,0,0,0,0,0,normal
1,4,1,200,53.502,11,0,0,0,0,0,normal
0,3,0,500,52.278,18,0,0,1,0,5,sql_injection
0,3,1,200,137.896,18,0,0,0,0,0,normal
0,3,1,204,5.462,1,0,0,0,0,0,normal
2,2,0,200,17.529,17,0,0,0,0,0,normal
0,2,1,403,84.259,21,0,0,0,1,1,bola
1,2,0,200,104.902,12,0,0,1,0,2,jwt_bypass
0,1,0,200,64.751,4,0,0,0,0,0,normal
2,3,1,200,29.67,12,0,0,0,0,0,normal
4,4,1,401,33.406,7,0,0,1,0,0,normal
0,3,1,403,56.197,1,0,0,0,1,1,bola
0,2,1,200,83.248,12,0,0,0,0,0,normal
1,2,0,401,15.536,14,0,0,1,0,6,rate_abuse
1,3,1,200,64.45,6,0,0,0,0,0,normal
0,2,0,404,29.193,7,0,1,0,0,4,debug_access
0,5,1,404,59.44,14,0,0,1,0,7,path_traversal
0,1,1,204,148.054,11,0,0,0,0,0,normal
0,3,1,404,158.778,21,0,0,1,0,0,normal
0,3,1,200,70.119,11,0,0,0,0,0,normal
0,4,1,200,74.776,14,0,0,0,0,0,normal
1,2,0,200,33.277,16,0,0,1,0,6,rate_abuse
0,3,1,201,67.72,1,0,0,0,0,0,normal
1,2,0,200,8.804,20,0,0,1,0,6,rate_abuse
1,1,1,200,86.094,13,0,0,0,0,0,normal
0,2,0,404,0.289,21,0,1,0,0,4,debug_access
1,1,1,200,246.064,3,0,0,0,0,0,normal
1,3,1,400,108.41,23,0,0,1,0,0,normal
1,4,1,200,69.189,8,0,0,0,0,0,normal
1,3,1,500,63.163,14,0,0,1,0,5,sql_injection
0,2,0,200,18.026,4,0,0,0,0,0,normal
0,2,0,404,26.789,2,0,1,0,0,4,debug_access
1,3,1,200,86.614,5,0,0,0,0,0,normal
1,3,1,422,123.939,20,0,0,1,0,0,normal
4,3,0,200,24.94,21,0,0,0,0,0,normal
0,1,1,200,171.728,2,0,0,0,0,0,normal
1,2,0,200,14.188,12,0,0,1,0,6,rate_abuse
3,3,1,200,28.728,10,0,0,0,0,0,normal
0,2,0,200,81.574,12,0,1,0,0,4,debug_access
0,3,0,200,209.728,15,1,0,1,0,3,admin_access
0,3,1,403,97.527,5,0,0,0,1,1,bola
0,1,1,400,129.78,3,0,0,1,0,0,normal
3,3,1,200,4.873,5,0,0,0,0,0,normal
4,1,1,200,119.167,11,0,0,0,0,0,normal
0,4,1,200,20.67,18,0,0,0,0,0,normal
2,1,1,200,26.872,0,0,0,0,0,0,normal
1,2,0,401,113.213,16,0,0,1,0,2,jwt_bypass
0,4,1,200,88.145,23,0,0,0,0,0,normal
2,1,1,204,93.962,20,0,0,0,0,0,normal
1,2,0,403,67.032,10,0,0,1,0,2,jwt_bypass
0,2,1,404,39.281,15,0,0,1,0,0,normal
1,2,0,200,13.402,0,0,0,1,0,6,rate_abuse
1,2,0,403,14.631,3,0,0,1,0,2,jwt_bypass
2,3,1,200,169.941,9,0,0,0,0,0,normal
1,4,1,200,15.795,1,0,0,0,0,0,normal
0,3,1,200,111.662,17,0,0,0,1,1,bola
0,2,1,403,229.07,14,0,0,0,1,1,bola
2,3,1,200,252.677,8,0,0,0,0,0,normal
3,3,1,200,278.243,10,0,0,0,0,0,normal
0,4,1,200,20.855,9,0,0,0,0,0,normal
4,4,1,201,16.888,7,0,0,0,0,0,normal
0,3,0,200,124.073,7,0,0,0,0,0,normal
2,1,1,200,15.385,18,0,0,0,0,0,normal
3,1,1,200,389.616,0,0,0,0,0,0,normal
3,2,0,200,56.402,12,0,0,0,0,0,normal
1,2,0,403,73.852,19,0,0,1,0,2,jwt_bypass
0,3,0,200,29.765,9,0,0,1,0,5,sql_injection
1,1,0,200,11.318,1,0,0,0,0,0,normal
1,1,1,200,44.267,3,0,0,0,0,0,normal
0,3,0,403,134.536,13,1,0,1,0,3,admin_access
0,3,1,200,102.226,22,0,0,0,1,1,bola
2,4,1,204,5.066,4,0,0,0,0,0,normal
0,2,1,201,74.6,18,0,0,0,0,0,normal
1,4,0,200,97.769,12,0,0,0,0,0,normal
0,1,1,400,15.861,15,0,0,1,0,5,sql_injection
0,3,1,422,155.67,6,0,0,1,0,0,normal
0,4,1,200,167.008,8,0,0,0,0,0,normal
0,2,0,400,66.23,6,0,0,1,0,5,sql_injection
1,2,0,200,85.483,9,0,0,1,0,2,jwt_bypass
0,5,1,200,23.25,4,0,0,1,0,7,path_traversal
0,3,1,400,6.771,16,0,0,1,0,0,normal
2,2,1,422,67.992,9,0,0,1,0,0,normal
2,2,1,200,21.478,9,0,0,0,0,0,normal
0,4,1,200,5.663,4,0,0,0,0,0,normal
0,3,0,200,174.948,5,1,0,1,0,3,admin_access
0,4,0,204,43.102,18,0,0,0,0,0,normal
0,2,0,404,114.851,9,0,1,0,0,4,debug_access
1,2,0,401,6.635,11,0,0,1,0,6,rate_abuse
3,1,1,200,39.244,7,0,0,0,0,0,normal
0,3,1,403,132.608,5,1,0,1,0,3,admin_access
0,2,0,200,89.575,2,0,1,0,0,4,debug_access
0,2,1,403,53.913,15,0,0,0,1,1,bola
0,1,1,200,0.968,23,0,0,0,0,0,normal
0,2,0,200,11.568,12,0,1,0,0,4,debug_access
0,2,0,200,40.011,13,0,0,0,0,0,normal
0,2,1,200,54.379,14,0,0,0,0,0,normal
3,1,1,204,155.485,23,0,0,0,0,0,normal
1,4,1,200,93.499,3,0,0,0,0,0,normal
0,1,1,200,27.785,14,0,0,0,0,0,normal
0,4,1,200,35.215,10,0,0,0,0,0,normal
0,2,0,200,34.719,9,0,1,0,0,4,debug_access
0,4,1,200,265.134,16,0,0,0,0,0,normal
0,7,1,404,14.735,11,0,0,1,0,7,path_traversal
0,2,0,404,53.574,22,0,1,0,0,4,debug_access
3,4,1,201,22.957,2,0,0,0,0,0,normal
0,2,0,422,149.128,7,0,0,1,0,0,normal
0,2,1,200,63.896,4,0,0,0,0,0,normal
1,2,0,429,24.467,18,0,0,1,0,6,rate_abuse
0,3,1,200,19.28,6,0,0,0,1,1,bola
1,3,1,200,390.057,1,0,0,0,0,0,normal
0,2,0,403,55.367,9,1,0,1,0,3,admin_access
1,1,1,200,4.301,14,0,0,0,0,0,normal
